rule_id,seq_id,od,do
0,0,40000,42500
0,0,187500,190000
0,0,190000,192500
0,0,215000,217500
0,0,217500,220000
0,0,227500,230000
0,0,237500,240000
0,0,265000,267500
0,0,267500,270000
0,0,317500,320000
0,0,320000,322500
0,0,362500,365000
0,0,367500,370000
0,0,370000,372500
0,0,375000,377500
0,0,377500,380000
0,0,390000,392500
0,0,405000,407500
0,0,427500,430000
0,0,430000,432500
0,0,437500,440000
0,0,440000,442500
0,0,450000,452500
0,0,452500,455000
0,0,462500,465000
0,0,465000,467500
0,0,467500,470000
0,0,470000,472500
0,0,472500,475000
0,0,477500,480000
0,0,480000,482500
0,0,482500,485000
0,0,485000,487500
0,0,487500,490000
0,0,500000,502500
0,0,502500,505000
0,0,515000,517500
0,0,517500,520000
0,0,527500,530000
0,0,552500,555000
0,0,555000,557500
0,0,577500,580000
0,0,610000,612500
0,0,615000,617500
0,0,617500,620000
0,0,625000,627500
0,0,627500,630000
0,0,635000,637500
0,0,637500,640000
0,0,650000,652500
0,0,665000,667500
0,0,675000,677500
0,0,710000,712500
0,0,712500,715000
0,0,715000,717500
0,0,717500,720000
0,0,722500,725000
0,0,730000,732500
0,0,735000,737500
0,0,742500,745000
0,0,752500,755000
0,0,755000,757500
0,0,757500,760000
0,0,770000,772500
0,0,772500,775000
0,0,947500,950000
0,0,950000,952500
0,0,952500,955000
0,0,960000,962500
0,0,1022500,1025000
0,0,1102500,1105000
0,0,1105000,1107500
0,0,1107500,1110000
0,0,1117500,1120000
0,0,1120000,1122500
0,0,1122500,1125000
0,0,1125000,1127500
0,0,1140000,1142500
0,0,1142500,1145000
0,0,1145000,1147500
0,0,1147500,1150000
0,0,1150000,1152500
0,0,1152500,1155000
0,0,1155000,1157500
0,0,1157500,1160000
1,0,37500,40000
1,0,177500,180000
1,0,180000,182500
1,0,190000,192500
1,0,207500,210000
1,0,210000,212500
1,0,225000,227500
1,0,235000,237500
1,0,262500,265000
1,0,265000,267500
1,0,315000,317500
1,0,317500,320000
1,0,360000,362500
1,0,365000,367500
1,0,367500,370000
1,0,372500,375000
1,0,375000,377500
1,0,387500,390000
1,0,402500,405000
1,0,427500,430000
1,0,435000,437500
1,0,437500,440000
1,0,447500,450000
1,0,450000,452500
1,0,460000,462500
1,0,462500,465000
1,0,465000,467500
1,0,467500,470000
1,0,470000,472500
1,0,475000,477500
1,0,477500,480000
1,0,480000,482500
1,0,482500,485000
1,0,485000,487500
1,0,497500,500000
1,0,500000,502500
1,0,510000,512500
1,0,512500,515000
1,0,525000,527500
1,0,550000,552500
1,0,552500,555000
1,0,575000,577500
1,0,577500,580000
1,0,607500,610000
1,0,612500,615000
1,0,615000,617500
1,0,622500,625000
1,0,625000,627500
1,0,632500,635000
1,0,635000,637500
1,0,647500,650000
1,0,662500,665000
1,0,672500,675000
1,0,707500,710000
1,0,710000,712500
1,0,712500,715000
1,0,715000,717500
1,0,720000,722500
1,0,727500,730000
1,0,732500,735000
1,0,735000,737500
1,0,737500,740000
1,0,750000,752500
1,0,752500,755000
1,0,755000,757500
1,0,767500,770000
1,0,770000,772500
1,0,905000,907500
1,0,907500,910000
1,0,950000,952500
1,0,957500,960000
1,0,1020000,1022500
1,0,1100000,1102500
1,0,1102500,1105000
1,0,1105000,1107500
1,0,1115000,1117500
1,0,1117500,1120000
1,0,1120000,1122500
1,0,1122500,1125000
1,0,1137500,1140000
1,0,1140000,1142500
1,0,1142500,1145000
1,0,1145000,1147500
1,0,1147500,1150000
1,0,1150000,1152500
1,0,1152500,1155000
1,0,1155000,1157500
2,0,5000,7500
2,0,165000,167500
2,0,167500,170000
2,0,170000,172500
2,0,220000,222500
2,0,222500,225000
2,0,225000,227500
2,0,302500,305000
2,0,305000,307500
2,0,317500,320000
2,0,360000,362500
2,0,385000,387500
2,0,415000,417500
2,0,417500,420000
2,0,425000,427500
2,0,427500,430000
2,0,430000,432500
2,0,455000,457500
2,0,457500,460000
2,0,460000,462500
2,0,462500,465000
2,0,467500,470000
2,0,470000,472500
2,0,525000,527500
2,0,552500,555000
2,0,677500,680000
2,0,842500,845000
2,0,845000,847500
2,0,852500,855000
2,0,870000,872500
2,0,872500,875000
2,0,875000,877500
2,0,877500,880000
2,0,880000,882500
2,0,882500,885000
2,0,885000,887500
2,0,905000,907500
2,0,1122500,1125000
2,0,1130000,1132500
2,0,1132500,1135000
3,0,2500,5000
3,0,165000,167500
3,0,167500,170000
3,0,207500,210000
3,0,217500,220000
3,0,220000,222500
3,0,222500,225000
3,0,300000,302500
3,0,302500,305000
3,0,315000,317500
3,0,357500,360000
3,0,380000,382500
3,0,382500,385000
3,0,412500,415000
3,0,415000,417500
3,0,417500,420000
3,0,420000,422500
3,0,427500,430000
3,0,452500,455000
3,0,455000,457500
3,0,457500,460000
3,0,460000,462500
3,0,465000,467500
3,0,467500,470000
3,0,522500,525000
3,0,550000,552500
3,0,675000,677500
3,0,840000,842500
3,0,842500,845000
3,0,850000,852500
3,0,867500,870000
3,0,870000,872500
3,0,872500,875000
3,0,875000,877500
3,0,877500,880000
3,0,880000,882500
3,0,882500,885000
3,0,885000,887500
3,0,1120000,1122500
3,0,1127500,1130000
3,0,1130000,1132500
4,0,162500,165000
4,0,165000,167500
4,0,232500,235000
4,0,235000,237500
4,0,372500,375000
4,0,375000,377500
4,0,380000,382500
4,0,385000,387500
4,0,387500,390000
4,0,427500,430000
4,0,715000,717500
4,0,725000,727500
4,0,730000,732500
4,0,735000,737500
4,0,852500,855000
4,0,902500,905000
4,0,965000,967500
4,0,967500,970000
4,0,970000,972500
4,0,972500,975000
4,0,975000,977500
5,0,160000,162500
5,0,230000,232500
5,0,232500,235000
5,0,370000,372500
5,0,372500,375000
5,0,377500,380000
5,0,382500,385000
5,0,712500,715000
5,0,722500,725000
5,0,727500,730000
5,0,732500,735000
5,0,735000,737500
5,0,850000,852500
5,0,885000,887500
5,0,887500,890000
5,0,905000,907500
5,0,960000,962500
5,0,962500,965000
5,0,967500,970000
5,0,970000,972500
5,0,972500,975000
0,1,30000,32500
0,1,32500,35000
0,1,70000,72500
0,1,102500,105000
0,1,227500,230000
0,1,230000,232500
0,1,232500,235000
0,1,235000,237500
0,1,237500,240000
0,1,240000,242500
0,1,242500,245000
0,1,245000,247500
0,1,325000,327500
0,1,332500,335000
0,1,335000,337500
0,1,350000,352500
0,1,357500,360000
0,1,360000,362500
0,1,437500,440000
0,1,440000,442500
0,1,442500,445000
0,1,445000,447500
0,1,455000,457500
0,1,457500,460000
0,1,575000,577500
0,1,592500,595000
0,1,595000,597500
0,1,597500,600000
0,1,622500,625000
0,1,692500,695000
0,1,807500,810000
0,1,810000,812500
0,1,812500,815000
0,1,815000,817500
0,1,817500,820000
0,1,820000,822500
0,1,822500,825000
0,1,825000,827500
0,1,827500,830000
0,1,830000,832500
0,1,832500,835000
0,1,835000,837500
0,1,837500,840000
0,1,840000,842500
0,1,842500,845000
0,1,845000,847500
0,1,847500,850000
0,1,850000,852500
0,1,852500,855000
0,1,855000,857500
0,1,857500,860000
0,1,860000,862500
0,1,862500,865000
0,1,865000,867500
0,1,867500,870000
0,1,870000,872500
0,1,872500,875000
0,1,875000,877500
1,1,30000,32500
1,1,32500,35000
1,1,67500,70000
1,1,225000,227500
1,1,227500,230000
1,1,230000,232500
1,1,232500,235000
1,1,235000,237500
1,1,237500,240000
1,1,240000,242500
1,1,242500,245000
1,1,245000,247500
1,1,322500,325000
1,1,330000,332500
1,1,347500,350000
1,1,352500,355000
1,1,355000,357500
1,1,360000,362500
1,1,362500,365000
1,1,440000,442500
1,1,442500,445000
1,1,445000,447500
1,1,447500,450000
1,1,595000,597500
1,1,597500,600000
1,1,610000,612500
1,1,620000,622500
1,1,690000,692500
1,1,737500,740000
1,1,807500,810000
1,1,810000,812500
1,1,812500,815000
1,1,815000,817500
1,1,817500,820000
1,1,820000,822500
1,1,822500,825000
1,1,825000,827500
1,1,827500,830000
1,1,830000,832500
1,1,832500,835000
1,1,835000,837500
1,1,837500,840000
1,1,840000,842500
1,1,842500,845000
1,1,845000,847500
1,1,847500,850000
1,1,850000,852500
1,1,852500,855000
1,1,855000,857500
1,1,857500,860000
1,1,860000,862500
1,1,862500,865000
1,1,865000,867500
1,1,867500,870000
1,1,870000,872500
1,1,872500,875000
1,1,875000,877500
2,1,262500,265000
2,1,265000,267500
2,1,457500,460000
2,1,460000,462500
2,1,522500,525000
2,1,525000,527500
2,1,527500,530000
2,1,555000,557500
2,1,670000,672500
2,1,677500,680000
2,1,680000,682500
2,1,712500,715000
2,1,715000,717500
2,1,725000,727500
2,1,730000,732500
2,1,735000,737500
2,1,737500,740000
3,1,2500,5000
3,1,245000,247500
3,1,247500,250000
3,1,457500,460000
3,1,460000,462500
3,1,525000,527500
3,1,550000,552500
3,1,560000,562500
3,1,562500,565000
3,1,582500,585000
3,1,667500,670000
3,1,675000,677500
3,1,707500,710000
3,1,710000,712500
3,1,715000,717500
3,1,717500,720000
3,1,727500,730000
3,1,732500,735000
4,1,57500,60000
4,1,70000,72500
4,1,72500,75000
4,1,77500,80000
4,1,82500,85000
4,1,87500,90000
4,1,262500,265000
4,1,265000,267500
4,1,267500,270000
4,1,270000,272500
4,1,272500,275000
4,1,275000,277500
4,1,277500,280000
4,1,437500,440000
4,1,440000,442500
4,1,442500,445000
4,1,522500,525000
4,1,525000,527500
4,1,555000,557500
4,1,557500,560000
4,1,575000,577500
4,1,607500,610000
4,1,617500,620000
4,1,662500,665000
4,1,665000,667500
4,1,670000,672500
4,1,687500,690000
4,1,702500,705000
4,1,705000,707500
4,1,712500,715000
4,1,715000,717500
4,1,725000,727500
4,1,730000,732500
4,1,735000,737500
4,1,737500,740000
4,1,805000,807500
4,1,947500,950000
4,1,950000,952500
5,1,5000,7500
5,1,55000,57500
5,1,67500,70000
5,1,72500,75000
5,1,75000,77500
5,1,80000,82500
5,1,82500,85000
5,1,85000,87500
5,1,102500,105000
5,1,245000,247500
5,1,247500,250000
5,1,265000,267500
5,1,267500,270000
5,1,270000,272500
5,1,272500,275000
5,1,275000,277500
5,1,360000,362500
5,1,362500,365000
5,1,427500,430000
5,1,440000,442500
5,1,550000,552500
5,1,582500,585000
5,1,617500,620000
5,1,660000,662500
5,1,667500,670000
5,1,672500,675000
5,1,685000,687500
5,1,700000,702500
5,1,702500,705000
5,1,707500,710000
5,1,710000,712500
5,1,715000,717500
5,1,717500,720000
5,1,727500,730000
5,1,732500,735000
5,1,737500,740000
5,1,797500,800000
5,1,800000,802500
5,1,877500,880000
5,1,952500,955000
0,2,262500,265000
0,2,265000,267500
0,2,267500,270000
0,2,270000,272500
0,2,272500,275000
0,2,275000,277500
0,2,277500,280000
0,2,280000,282500
0,2,335000,337500
0,2,347500,350000
0,2,350000,352500
0,2,430000,432500
0,2,462500,465000
0,2,465000,467500
0,2,467500,470000
0,2,470000,472500
0,2,472500,475000
0,2,475000,477500
0,2,477500,480000
0,2,480000,482500
0,2,482500,485000
0,2,492500,495000
0,2,555000,557500
0,2,580000,582500
0,2,597500,600000
0,2,625000,627500
0,2,627500,630000
0,2,630000,632500
0,2,632500,635000
0,2,635000,637500
0,2,660000,662500
0,2,662500,665000
0,2,665000,667500
0,2,667500,670000
0,2,670000,672500
0,2,672500,675000
0,2,675000,677500
0,2,735000,737500
0,2,737500,740000
0,2,770000,772500
0,2,772500,775000
0,2,775000,777500
0,2,777500,780000
0,2,780000,782500
0,2,782500,785000
0,2,785000,787500
0,2,787500,790000
0,2,790000,792500
0,2,792500,795000
0,2,795000,797500
0,2,797500,800000
0,2,800000,802500
0,2,802500,805000
0,2,805000,807500
0,2,1022500,1025000
0,2,1025000,1027500
1,2,260000,262500
1,2,262500,265000
1,2,265000,267500
1,2,267500,270000
1,2,270000,272500
1,2,272500,275000
1,2,275000,277500
1,2,277500,280000
1,2,332500,335000
1,2,345000,347500
1,2,347500,350000
1,2,427500,430000
1,2,460000,462500
1,2,462500,465000
1,2,465000,467500
1,2,467500,470000
1,2,470000,472500
1,2,472500,475000
1,2,475000,477500
1,2,477500,480000
1,2,480000,482500
1,2,490000,492500
1,2,550000,552500
1,2,552500,555000
1,2,577500,580000
1,2,595000,597500
1,2,622500,625000
1,2,625000,627500
1,2,627500,630000
1,2,630000,632500
1,2,632500,635000
1,2,657500,660000
1,2,660000,662500
1,2,662500,665000
1,2,665000,667500
1,2,667500,670000
1,2,670000,672500
1,2,672500,675000
1,2,732500,735000
1,2,735000,737500
1,2,767500,770000
1,2,770000,772500
1,2,772500,775000
1,2,775000,777500
1,2,777500,780000
1,2,780000,782500
1,2,782500,785000
1,2,785000,787500
1,2,787500,790000
1,2,790000,792500
1,2,792500,795000
1,2,795000,797500
1,2,797500,800000
1,2,800000,802500
1,2,802500,805000
1,2,805000,807500
1,2,1022500,1025000
2,2,425000,427500
2,2,427500,430000
2,2,432500,435000
2,2,647500,650000
2,2,650000,652500
2,2,652500,655000
2,2,655000,657500
2,2,657500,660000
2,2,660000,662500
2,2,675000,677500
2,2,677500,680000
2,2,680000,682500
2,2,682500,685000
2,2,685000,687500
2,2,687500,690000
2,2,690000,692500
2,2,692500,695000
2,2,695000,697500
2,2,697500,700000
2,2,700000,702500
2,2,702500,705000
2,2,705000,707500
2,2,707500,710000
2,2,715000,717500
2,2,725000,727500
2,2,732500,735000
2,2,735000,737500
2,2,737500,740000
2,2,830000,832500
3,2,407500,410000
3,2,430000,432500
3,2,645000,647500
3,2,647500,650000
3,2,650000,652500
3,2,652500,655000
3,2,655000,657500
3,2,657500,660000
3,2,672500,675000
3,2,675000,677500
3,2,677500,680000
3,2,680000,682500
3,2,682500,685000
3,2,685000,687500
3,2,687500,690000
3,2,690000,692500
3,2,692500,695000
3,2,695000,697500
3,2,697500,700000
3,2,700000,702500
3,2,702500,705000
3,2,705000,707500
3,2,712500,715000
3,2,722500,725000
3,2,730000,732500
3,2,732500,735000
3,2,735000,737500
4,2,725000,727500
5,2,722500,725000
0,3,30000,32500
0,3,40000,42500
0,3,187500,190000
0,3,190000,192500
0,3,192500,195000
0,3,195000,197500
0,3,205000,207500
0,3,207500,210000
0,3,222500,225000
0,3,225000,227500
0,3,227500,230000
0,3,267500,270000
0,3,270000,272500
0,3,287500,290000
0,3,290000,292500
0,3,362500,365000
0,3,370000,372500
0,3,375000,377500
0,3,387500,390000
0,3,390000,392500
0,3,427500,430000
0,3,462500,465000
0,3,465000,467500
0,3,467500,470000
0,3,470000,472500
0,3,517500,520000
0,3,522500,525000
0,3,525000,527500
0,3,527500,530000
0,3,537500,540000
0,3,547500,550000
0,3,552500,555000
0,3,555000,557500
0,3,565000,567500
0,3,577500,580000
0,3,595000,597500
0,3,597500,600000
0,3,617500,620000
0,3,637500,640000
0,3,650000,652500
0,3,660000,662500
0,3,662500,665000
0,3,670000,672500
0,3,677500,680000
0,3,712500,715000
0,3,715000,717500
0,3,717500,720000
0,3,720000,722500
0,3,722500,725000
0,3,725000,727500
0,3,727500,730000
0,3,730000,732500
0,3,732500,735000
0,3,735000,737500
0,3,737500,740000
0,3,740000,742500
0,3,755000,757500
0,3,760000,762500
0,3,762500,765000
0,3,1120000,1122500
0,3,1122500,1125000
1,3,27500,30000
1,3,37500,40000
1,3,165000,167500
1,3,190000,192500
1,3,192500,195000
1,3,202500,205000
1,3,205000,207500
1,3,222500,225000
1,3,225000,227500
1,3,227500,230000
1,3,265000,267500
1,3,267500,270000
1,3,360000,362500
1,3,367500,370000
1,3,372500,375000
1,3,385000,387500
1,3,387500,390000
1,3,425000,427500
1,3,460000,462500
1,3,462500,465000
1,3,465000,467500
1,3,467500,470000
1,3,512500,515000
1,3,520000,522500
1,3,525000,527500
1,3,535000,537500
1,3,545000,547500
1,3,550000,552500
1,3,552500,555000
1,3,562500,565000
1,3,575000,577500
1,3,592500,595000
1,3,615000,617500
1,3,635000,637500
1,3,647500,650000
1,3,657500,660000
1,3,660000,662500
1,3,667500,670000
1,3,675000,677500
1,3,710000,712500
1,3,712500,715000
1,3,715000,717500
1,3,717500,720000
1,3,720000,722500
1,3,722500,725000
1,3,725000,727500
1,3,727500,730000
1,3,730000,732500
1,3,732500,735000
1,3,735000,737500
1,3,737500,740000
1,3,740000,742500
1,3,742500,745000
1,3,757500,760000
1,3,1115000,1117500
1,3,1117500,1120000
1,3,1175000,1177500
2,3,5000,7500
2,3,7500,10000
2,3,312500,315000
2,3,315000,317500
2,3,317500,320000
2,3,375000,377500
2,3,392500,395000
2,3,395000,397500
2,3,430000,432500
2,3,457500,460000
2,3,470000,472500
2,3,472500,475000
2,3,475000,477500
2,3,482500,485000
2,3,525000,527500
2,3,710000,712500
2,3,717500,720000
2,3,722500,725000
2,3,725000,727500
2,3,737500,740000
2,3,762500,765000
2,3,915000,917500
2,3,920000,922500
3,3,2500,5000
3,3,5000,7500
3,3,310000,312500
3,3,312500,315000
3,3,315000,317500
3,3,372500,375000
3,3,390000,392500
3,3,392500,395000
3,3,427500,430000
3,3,467500,470000
3,3,470000,472500
3,3,472500,475000
3,3,475000,477500
3,3,477500,480000
3,3,707500,710000
3,3,715000,717500
3,3,720000,722500
3,3,722500,725000
3,3,735000,737500
3,3,912500,915000
3,3,917500,920000
3,3,1175000,1177500
4,3,270000,272500
4,3,272500,275000
4,3,275000,277500
4,3,287500,290000
4,3,460000,462500
4,3,485000,487500
4,3,510000,512500
4,3,725000,727500
4,3,730000,732500
4,3,737500,740000
4,3,820000,822500
4,3,822500,825000
4,3,870000,872500
4,3,872500,875000
4,3,925000,927500
4,3,1032500,1035000
4,3,1035000,1037500
4,3,1037500,1040000
4,3,1040000,1042500
4,3,1042500,1045000
4,3,1045000,1047500
4,3,1047500,1050000
4,3,1050000,1052500
4,3,1052500,1055000
4,3,1055000,1057500
4,3,1057500,1060000
4,3,1060000,1062500
4,3,1062500,1065000
4,3,1065000,1067500
4,3,1067500,1070000
4,3,1070000,1072500
4,3,1072500,1075000
4,3,1112500,1115000
4,3,1115000,1117500
5,3,267500,270000
5,3,270000,272500
5,3,272500,275000
5,3,457500,460000
5,3,507500,510000
5,3,722500,725000
5,3,727500,730000
5,3,735000,737500
5,3,812500,815000
5,3,815000,817500
5,3,822500,825000
5,3,825000,827500
5,3,922500,925000
5,3,1030000,1032500
5,3,1032500,1035000
5,3,1035000,1037500
5,3,1037500,1040000
5,3,1040000,1042500
5,3,1042500,1045000
5,3,1045000,1047500
5,3,1047500,1050000
5,3,1050000,1052500
5,3,1052500,1055000
5,3,1055000,1057500
5,3,1057500,1060000
5,3,1060000,1062500
5,3,1062500,1065000
5,3,1065000,1067500
5,3,1067500,1070000
5,3,1070000,1072500
5,3,1110000,1112500
5,3,1112500,1115000
5,3,1115000,1117500
0,4,0,2500
0,4,62500,65000
0,4,65000,67500
0,4,75000,77500
0,4,77500,80000
0,4,80000,82500
0,4,97500,100000
0,4,100000,102500
0,4,102500,105000
0,4,105000,107500
0,4,227500,230000
0,4,230000,232500
0,4,232500,235000
0,4,235000,237500
0,4,237500,240000
0,4,240000,242500
0,4,242500,245000
0,4,245000,247500
0,4,247500,250000
0,4,250000,252500
0,4,252500,255000
0,4,255000,257500
0,4,257500,260000
0,4,260000,262500
0,4,262500,265000
0,4,265000,267500
0,4,267500,270000
0,4,270000,272500
0,4,272500,275000
0,4,275000,277500
0,4,327500,330000
0,4,330000,332500
0,4,335000,337500
0,4,355000,357500
0,4,360000,362500
0,4,417500,420000
0,4,445000,447500
0,4,447500,450000
0,4,450000,452500
0,4,452500,455000
0,4,462500,465000
0,4,465000,467500
0,4,467500,470000
0,4,470000,472500
0,4,472500,475000
0,4,475000,477500
0,4,497500,500000
0,4,500000,502500
0,4,502500,505000
0,4,505000,507500
0,4,507500,510000
0,4,510000,512500
0,4,512500,515000
0,4,515000,517500
0,4,517500,520000
0,4,520000,522500
0,4,522500,525000
0,4,525000,527500
0,4,527500,530000
0,4,530000,532500
0,4,532500,535000
0,4,535000,537500
0,4,537500,540000
0,4,540000,542500
0,4,542500,545000
0,4,545000,547500
0,4,547500,550000
0,4,597500,600000
0,4,600000,602500
0,4,610000,612500
0,4,612500,615000
0,4,617500,620000
0,4,622500,625000
0,4,625000,627500
0,4,630000,632500
0,4,635000,637500
0,4,637500,640000
0,4,667500,670000
0,4,670000,672500
0,4,672500,675000
0,4,675000,677500
0,4,677500,680000
0,4,697500,700000
0,4,700000,702500
0,4,702500,705000
0,4,705000,707500
0,4,707500,710000
0,4,712500,715000
0,4,720000,722500
0,4,725000,727500
0,4,727500,730000
0,4,730000,732500
0,4,737500,740000
0,4,740000,742500
0,4,742500,745000
0,4,745000,747500
0,4,747500,750000
0,4,750000,752500
0,4,752500,755000
0,4,755000,757500
0,4,757500,760000
0,4,760000,762500
0,4,805000,807500
0,4,807500,810000
0,4,810000,812500
0,4,812500,815000
0,4,815000,817500
0,4,817500,820000
0,4,820000,822500
0,4,822500,825000
0,4,825000,827500
0,4,827500,830000
0,4,830000,832500
0,4,832500,835000
0,4,835000,837500
0,4,837500,840000
0,4,840000,842500
0,4,842500,845000
0,4,845000,847500
0,4,847500,850000
0,4,850000,852500
0,4,852500,855000
0,4,855000,857500
0,4,857500,860000
0,4,860000,862500
0,4,862500,865000
0,4,865000,867500
0,4,867500,870000
0,4,870000,872500
0,4,872500,875000
0,4,875000,877500
0,4,877500,880000
0,4,880000,882500
0,4,882500,885000
0,4,885000,887500
0,4,887500,890000
0,4,890000,892500
0,4,892500,895000
0,4,895000,897500
0,4,897500,900000
0,4,900000,902500
0,4,902500,905000
0,4,905000,907500
0,4,907500,910000
0,4,910000,912500
0,4,912500,915000
0,4,915000,917500
0,4,917500,920000
0,4,920000,922500
0,4,922500,925000
0,4,925000,927500
0,4,927500,930000
0,4,930000,932500
0,4,932500,935000
0,4,935000,937500
0,4,937500,940000
0,4,940000,942500
0,4,942500,945000
0,4,945000,947500
0,4,947500,950000
0,4,950000,952500
1,4,60000,62500
1,4,62500,65000
1,4,72500,75000
1,4,75000,77500
1,4,77500,80000
1,4,95000,97500
1,4,97500,100000
1,4,100000,102500
1,4,102500,105000
1,4,225000,227500
1,4,227500,230000
1,4,230000,232500
1,4,232500,235000
1,4,235000,237500
1,4,237500,240000
1,4,240000,242500
1,4,242500,245000
1,4,245000,247500
1,4,247500,250000
1,4,250000,252500
1,4,252500,255000
1,4,255000,257500
1,4,257500,260000
1,4,260000,262500
1,4,262500,265000
1,4,265000,267500
1,4,267500,270000
1,4,270000,272500
1,4,272500,275000
1,4,275000,277500
1,4,325000,327500
1,4,327500,330000
1,4,332500,335000
1,4,352500,355000
1,4,357500,360000
1,4,360000,362500
1,4,405000,407500
1,4,442500,445000
1,4,445000,447500
1,4,447500,450000
1,4,450000,452500
1,4,460000,462500
1,4,462500,465000
1,4,465000,467500
1,4,467500,470000
1,4,470000,472500
1,4,472500,475000
1,4,475000,477500
1,4,495000,497500
1,4,500000,502500
1,4,502500,505000
1,4,505000,507500
1,4,507500,510000
1,4,510000,512500
1,4,512500,515000
1,4,515000,517500
1,4,517500,520000
1,4,520000,522500
1,4,522500,525000
1,4,525000,527500
1,4,527500,530000
1,4,530000,532500
1,4,532500,535000
1,4,535000,537500
1,4,537500,540000
1,4,540000,542500
1,4,542500,545000
1,4,545000,547500
1,4,547500,550000
1,4,595000,597500
1,4,597500,600000
1,4,607500,610000
1,4,610000,612500
1,4,612500,615000
1,4,615000,617500
1,4,620000,622500
1,4,622500,625000
1,4,627500,630000
1,4,632500,635000
1,4,635000,637500
1,4,637500,640000
1,4,665000,667500
1,4,667500,670000
1,4,670000,672500
1,4,672500,675000
1,4,675000,677500
1,4,695000,697500
1,4,697500,700000
1,4,700000,702500
1,4,702500,705000
1,4,705000,707500
1,4,710000,712500
1,4,717500,720000
1,4,722500,725000
1,4,725000,727500
1,4,727500,730000
1,4,735000,737500
1,4,737500,740000
1,4,740000,742500
1,4,742500,745000
1,4,745000,747500
1,4,747500,750000
1,4,750000,752500
1,4,752500,755000
1,4,755000,757500
1,4,757500,760000
1,4,795000,797500
1,4,807500,810000
1,4,810000,812500
1,4,812500,815000
1,4,815000,817500
1,4,817500,820000
1,4,820000,822500
1,4,822500,825000
1,4,825000,827500
1,4,827500,830000
1,4,830000,832500
1,4,832500,835000
1,4,835000,837500
1,4,837500,840000
1,4,840000,842500
1,4,842500,845000
1,4,845000,847500
1,4,847500,850000
1,4,850000,852500
1,4,852500,855000
1,4,855000,857500
1,4,857500,860000
1,4,860000,862500
1,4,862500,865000
1,4,865000,867500
1,4,867500,870000
1,4,870000,872500
1,4,872500,875000
1,4,875000,877500
1,4,877500,880000
1,4,880000,882500
1,4,882500,885000
1,4,885000,887500
1,4,887500,890000
1,4,890000,892500
1,4,892500,895000
1,4,895000,897500
1,4,897500,900000
1,4,900000,902500
1,4,902500,905000
1,4,905000,907500
1,4,907500,910000
1,4,910000,912500
1,4,912500,915000
1,4,915000,917500
1,4,917500,920000
1,4,920000,922500
1,4,922500,925000
1,4,925000,927500
1,4,927500,930000
1,4,930000,932500
1,4,932500,935000
1,4,935000,937500
1,4,937500,940000
1,4,940000,942500
1,4,942500,945000
1,4,945000,947500
1,4,947500,950000
4,4,12500,15000
4,4,15000,17500
4,4,17500,20000
4,4,20000,22500
4,4,22500,25000
4,4,720000,722500
5,4,10000,12500
5,4,12500,15000
5,4,15000,17500
5,4,17500,20000
5,4,20000,22500
5,4,432500,435000
5,4,717500,720000
0,5,10000,12500
0,5,15000,17500
0,5,17500,20000
0,5,20000,22500
0,5,25000,27500
0,5,70000,72500
0,5,72500,75000
0,5,227500,230000
0,5,230000,232500
0,5,232500,235000
0,5,235000,237500
0,5,237500,240000
0,5,240000,242500
0,5,242500,245000
0,5,245000,247500
0,5,247500,250000
0,5,250000,252500
0,5,252500,255000
0,5,255000,257500
0,5,257500,260000
0,5,260000,262500
0,5,262500,265000
0,5,290000,292500
0,5,292500,295000
0,5,295000,297500
0,5,297500,300000
0,5,300000,302500
0,5,302500,305000
0,5,305000,307500
0,5,307500,310000
0,5,310000,312500
0,5,312500,315000
0,5,315000,317500
0,5,317500,320000
0,5,320000,322500
0,5,327500,330000
0,5,335000,337500
0,5,430000,432500
0,5,432500,435000
0,5,435000,437500
0,5,597500,600000
0,5,600000,602500
0,5,602500,605000
0,5,605000,607500
0,5,607500,610000
0,5,610000,612500
0,5,612500,615000
0,5,615000,617500
0,5,617500,620000
0,5,620000,622500
0,5,622500,625000
0,5,625000,627500
0,5,627500,630000
0,5,630000,632500
0,5,632500,635000
0,5,635000,637500
0,5,637500,640000
0,5,640000,642500
0,5,642500,645000
0,5,645000,647500
0,5,647500,650000
0,5,650000,652500
0,5,652500,655000
0,5,655000,657500
0,5,657500,660000
0,5,660000,662500
0,5,662500,665000
0,5,665000,667500
0,5,667500,670000
0,5,670000,672500
0,5,672500,675000
0,5,675000,677500
0,5,677500,680000
0,5,680000,682500
0,5,682500,685000
0,5,685000,687500
0,5,687500,690000
0,5,690000,692500
0,5,692500,695000
0,5,695000,697500
0,5,697500,700000
0,5,700000,702500
0,5,702500,705000
0,5,705000,707500
0,5,707500,710000
0,5,710000,712500
0,5,712500,715000
0,5,715000,717500
0,5,717500,720000
0,5,720000,722500
0,5,722500,725000
0,5,725000,727500
0,5,727500,730000
0,5,730000,732500
0,5,732500,735000
1,5,7500,10000
1,5,12500,15000
1,5,15000,17500
1,5,17500,20000
1,5,22500,25000
1,5,67500,70000
1,5,70000,72500
1,5,227500,230000
1,5,230000,232500
1,5,232500,235000
1,5,235000,237500
1,5,237500,240000
1,5,240000,242500
1,5,242500,245000
1,5,245000,247500
1,5,247500,250000
1,5,250000,252500
1,5,252500,255000
1,5,255000,257500
1,5,257500,260000
1,5,260000,262500
1,5,290000,292500
1,5,292500,295000
1,5,295000,297500
1,5,297500,300000
1,5,300000,302500
1,5,302500,305000
1,5,305000,307500
1,5,307500,310000
1,5,310000,312500
1,5,312500,315000
1,5,315000,317500
1,5,317500,320000
1,5,325000,327500
1,5,332500,335000
1,5,427500,430000
1,5,430000,432500
1,5,432500,435000
1,5,580000,582500
1,5,597500,600000
1,5,600000,602500
1,5,602500,605000
1,5,605000,607500
1,5,607500,610000
1,5,610000,612500
1,5,612500,615000
1,5,615000,617500
1,5,617500,620000
1,5,620000,622500
1,5,622500,625000
1,5,625000,627500
1,5,627500,630000
1,5,630000,632500
1,5,632500,635000
1,5,635000,637500
1,5,637500,640000
1,5,640000,642500
1,5,642500,645000
1,5,645000,647500
1,5,647500,650000
1,5,650000,652500
1,5,652500,655000
1,5,655000,657500
1,5,657500,660000
1,5,660000,662500
1,5,662500,665000
1,5,665000,667500
1,5,667500,670000
1,5,670000,672500
1,5,672500,675000
1,5,675000,677500
1,5,677500,680000
1,5,680000,682500
1,5,682500,685000
1,5,685000,687500
1,5,687500,690000
1,5,690000,692500
1,5,692500,695000
1,5,695000,697500
1,5,697500,700000
1,5,700000,702500
1,5,702500,705000
1,5,705000,707500
1,5,707500,710000
1,5,710000,712500
1,5,712500,715000
1,5,715000,717500
1,5,717500,720000
1,5,720000,722500
1,5,722500,725000
1,5,725000,727500
1,5,727500,730000
1,5,730000,732500
2,5,190000,192500
2,5,427500,430000
2,5,430000,432500
3,5,190000,192500
3,5,425000,427500
3,5,427500,430000
0,6,390000,392500
0,6,392500,395000
0,6,395000,397500
0,6,397500,400000
0,6,400000,402500
0,6,617500,620000
0,6,662500,665000
0,6,720000,722500
0,6,872500,875000
0,6,875000,877500
0,6,877500,880000
0,6,880000,882500
0,6,882500,885000
0,6,915000,917500
0,6,917500,920000
0,6,1010000,1012500
0,6,1060000,1062500
0,6,1062500,1065000
0,6,1105000,1107500
0,6,1127500,1130000
0,6,1130000,1132500
0,6,1155000,1157500
0,6,1157500,1160000
1,6,387500,390000
1,6,390000,392500
1,6,392500,395000
1,6,395000,397500
1,6,397500,400000
1,6,615000,617500
1,6,660000,662500
1,6,717500,720000
1,6,870000,872500
1,6,872500,875000
1,6,875000,877500
1,6,877500,880000
1,6,880000,882500
1,6,895000,897500
1,6,897500,900000
1,6,1007500,1010000
1,6,1052500,1055000
1,6,1055000,1057500
1,6,1102500,1105000
1,6,1122500,1125000
1,6,1132500,1135000
1,6,1135000,1137500
2,6,5000,7500
2,6,107500,110000
2,6,265000,267500
2,6,430000,432500
2,6,677500,680000
3,6,2500,5000
3,6,427500,430000
3,6,675000,677500
4,6,262500,265000
4,6,265000,267500
4,6,442500,445000
4,6,582500,585000
5,6,260000,262500
5,6,440000,442500
5,6,580000,582500
0,7,97500,100000
0,7,120000,122500
0,7,147500,150000
0,7,152500,155000
0,7,162500,165000
0,7,172500,175000
0,7,175000,177500
0,7,177500,180000
0,7,180000,182500
0,7,182500,185000
0,7,185000,187500
0,7,187500,190000
0,7,192500,195000
0,7,220000,222500
0,7,225000,227500
0,7,227500,230000
0,7,237500,240000
0,7,267500,270000
0,7,277500,280000
0,7,280000,282500
0,7,287500,290000
0,7,295000,297500
0,7,297500,300000
0,7,300000,302500
0,7,302500,305000
0,7,317500,320000
0,7,325000,327500
0,7,327500,330000
0,7,332500,335000
0,7,342500,345000
0,7,345000,347500
0,7,347500,350000
0,7,350000,352500
0,7,352500,355000
0,7,355000,357500
0,7,357500,360000
0,7,360000,362500
0,7,362500,365000
0,7,365000,367500
0,7,367500,370000
0,7,372500,375000
0,7,375000,377500
0,7,380000,382500
0,7,412500,415000
0,7,417500,420000
0,7,425000,427500
0,7,427500,430000
0,7,440000,442500
0,7,447500,450000
0,7,452500,455000
0,7,455000,457500
0,7,457500,460000
0,7,460000,462500
0,7,465000,467500
0,7,467500,470000
0,7,480000,482500
0,7,482500,485000
0,7,485000,487500
0,7,492500,495000
0,7,500000,502500
0,7,502500,505000
0,7,505000,507500
0,7,507500,510000
0,7,515000,517500
0,7,517500,520000
0,7,540000,542500
0,7,545000,547500
0,7,557500,560000
0,7,560000,562500
0,7,562500,565000
0,7,565000,567500
0,7,570000,572500
0,7,572500,575000
0,7,575000,577500
0,7,580000,582500
0,7,597500,600000
0,7,600000,602500
0,7,610000,612500
0,7,612500,615000
0,7,617500,620000
0,7,622500,625000
0,7,625000,627500
0,7,635000,637500
0,7,637500,640000
0,7,645000,647500
0,7,650000,652500
0,7,657500,660000
0,7,660000,662500
0,7,675000,677500
0,7,680000,682500
0,7,690000,692500
0,7,692500,695000
0,7,707500,710000
0,7,720000,722500
0,7,732500,735000
0,7,740000,742500
0,7,742500,745000
0,7,747500,750000
0,7,750000,752500
0,7,752500,755000
0,7,757500,760000
0,7,760000,762500
0,7,762500,765000
0,7,765000,767500
0,7,767500,770000
0,7,770000,772500
0,7,772500,775000
0,7,775000,777500
0,7,782500,785000
0,7,785000,787500
0,7,800000,802500
0,7,802500,805000
0,7,805000,807500
0,7,807500,810000
0,7,810000,812500
0,7,812500,815000
0,7,835000,837500
0,7,857500,860000
0,7,870000,872500
0,7,872500,875000
0,7,947500,950000
0,7,950000,952500
0,7,952500,955000
0,7,982500,985000
0,7,985000,987500
0,7,987500,990000
0,7,990000,992500
0,7,992500,995000
0,7,995000,997500
0,7,997500,1000000
0,7,1000000,1002500
0,7,1002500,1005000
0,7,1012500,1015000
0,7,1030000,1032500
0,7,1037500,1040000
0,7,1040000,1042500
0,7,1042500,1045000
0,7,1045000,1047500
0,7,1047500,1050000
0,7,1050000,1052500
0,7,1052500,1055000
0,7,1055000,1057500
0,7,1102500,1105000
0,7,1122500,1125000
0,7,1125000,1127500
0,7,1127500,1130000
1,7,95000,97500
1,7,117500,120000
1,7,145000,147500
1,7,150000,152500
1,7,160000,162500
1,7,170000,172500
1,7,172500,175000
1,7,175000,177500
1,7,177500,180000
1,7,180000,182500
1,7,182500,185000
1,7,185000,187500
1,7,187500,190000
1,7,190000,192500
1,7,217500,220000
1,7,222500,225000
1,7,225000,227500
1,7,235000,237500
1,7,265000,267500
1,7,275000,277500
1,7,277500,280000
1,7,282500,285000
1,7,290000,292500
1,7,297500,300000
1,7,300000,302500
1,7,322500,325000
1,7,325000,327500
1,7,330000,332500
1,7,340000,342500
1,7,342500,345000
1,7,345000,347500
1,7,347500,350000
1,7,350000,352500
1,7,352500,355000
1,7,355000,357500
1,7,357500,360000
1,7,360000,362500
1,7,362500,365000
1,7,365000,367500
1,7,367500,370000
1,7,370000,372500
1,7,375000,377500
1,7,377500,380000
1,7,385000,387500
1,7,410000,412500
1,7,412500,415000
1,7,415000,417500
1,7,420000,422500
1,7,445000,447500
1,7,450000,452500
1,7,452500,455000
1,7,455000,457500
1,7,457500,460000
1,7,460000,462500
1,7,462500,465000
1,7,470000,472500
1,7,472500,475000
1,7,482500,485000
1,7,490000,492500
1,7,497500,500000
1,7,500000,502500
1,7,502500,505000
1,7,505000,507500
1,7,507500,510000
1,7,510000,512500
1,7,535000,537500
1,7,537500,540000
1,7,542500,545000
1,7,555000,557500
1,7,557500,560000
1,7,560000,562500
1,7,562500,565000
1,7,567500,570000
1,7,570000,572500
1,7,572500,575000
1,7,577500,580000
1,7,595000,597500
1,7,597500,600000
1,7,607500,610000
1,7,610000,612500
1,7,615000,617500
1,7,620000,622500
1,7,622500,625000
1,7,632500,635000
1,7,635000,637500
1,7,642500,645000
1,7,647500,650000
1,7,655000,657500
1,7,657500,660000
1,7,672500,675000
1,7,677500,680000
1,7,687500,690000
1,7,690000,692500
1,7,705000,707500
1,7,717500,720000
1,7,730000,732500
1,7,737500,740000
1,7,740000,742500
1,7,742500,745000
1,7,745000,747500
1,7,750000,752500
1,7,755000,757500
1,7,757500,760000
1,7,760000,762500
1,7,762500,765000
1,7,765000,767500
1,7,767500,770000
1,7,770000,772500
1,7,772500,775000
1,7,775000,777500
1,7,777500,780000
1,7,800000,802500
1,7,802500,805000
1,7,805000,807500
1,7,807500,810000
1,7,810000,812500
1,7,832500,835000
1,7,855000,857500
1,7,867500,870000
1,7,870000,872500
1,7,940000,942500
1,7,942500,945000
1,7,950000,952500
1,7,980000,982500
1,7,982500,985000
1,7,985000,987500
1,7,987500,990000
1,7,990000,992500
1,7,992500,995000
1,7,995000,997500
1,7,997500,1000000
1,7,1000000,1002500
1,7,1002500,1005000
1,7,1010000,1012500
1,7,1027500,1030000
1,7,1035000,1037500
1,7,1037500,1040000
1,7,1040000,1042500
1,7,1042500,1045000
1,7,1045000,1047500
1,7,1047500,1050000
1,7,1050000,1052500
1,7,1052500,1055000
1,7,1100000,1102500
1,7,1120000,1122500
1,7,1122500,1125000
1,7,1125000,1127500
1,7,1130000,1132500
1,7,1175000,1177500
2,7,17500,20000
2,7,102500,105000
2,7,245000,247500
2,7,265000,267500
2,7,280000,282500
2,7,307500,310000
2,7,310000,312500
2,7,375000,377500
2,7,427500,430000
2,7,430000,432500
2,7,470000,472500
2,7,525000,527500
2,7,585000,587500
2,7,647500,650000
2,7,912500,915000
2,7,1080000,1082500
2,7,1082500,1085000
2,7,1085000,1087500
2,7,1087500,1090000
2,7,1090000,1092500
2,7,1092500,1095000
2,7,1095000,1097500
2,7,1097500,1100000
2,7,1100000,1102500
2,7,1102500,1105000
3,7,15000,17500
3,7,100000,102500
3,7,242500,245000
3,7,262500,265000
3,7,277500,280000
3,7,305000,307500
3,7,307500,310000
3,7,385000,387500
3,7,387500,390000
3,7,427500,430000
3,7,432500,435000
3,7,467500,470000
3,7,522500,525000
3,7,582500,585000
3,7,645000,647500
3,7,675000,677500
3,7,910000,912500
3,7,1060000,1062500
3,7,1062500,1065000
3,7,1082500,1085000
3,7,1085000,1087500
3,7,1087500,1090000
3,7,1090000,1092500
3,7,1092500,1095000
3,7,1095000,1097500
3,7,1097500,1100000
3,7,1100000,1102500
4,7,12500,15000
4,7,15000,17500
4,7,70000,72500
4,7,105000,107500
4,7,577500,580000
4,7,580000,582500
4,7,615000,617500
4,7,662500,665000
4,7,715000,717500
4,7,720000,722500
4,7,732500,735000
4,7,737500,740000
4,7,1080000,1082500
4,7,1082500,1085000
5,7,10000,12500
5,7,12500,15000
5,7,67500,70000
5,7,102500,105000
5,7,432500,435000
5,7,575000,577500
5,7,577500,580000
5,7,612500,615000
5,7,660000,662500
5,7,675000,677500
5,7,712500,715000
5,7,717500,720000
5,7,730000,732500
5,7,735000,737500
5,7,1060000,1062500
5,7,1062500,1065000
0,8,32500,35000
0,8,37500,40000
0,8,40000,42500
0,8,47500,50000
0,8,50000,52500
0,8,62500,65000
0,8,70000,72500
0,8,82500,85000
0,8,92500,95000
0,8,105000,107500
0,8,107500,110000
0,8,132500,135000
0,8,137500,140000
0,8,140000,142500
0,8,167500,170000
0,8,170000,172500
0,8,182500,185000
0,8,185000,187500
0,8,187500,190000
0,8,197500,200000
0,8,205000,207500
0,8,207500,210000
0,8,210000,212500
0,8,212500,215000
0,8,215000,217500
0,8,217500,220000
0,8,220000,222500
0,8,222500,225000
0,8,225000,227500
0,8,230000,232500
0,8,232500,235000
0,8,235000,237500
0,8,237500,240000
0,8,240000,242500
0,8,245000,247500
0,8,247500,250000
0,8,250000,252500
0,8,252500,255000
0,8,255000,257500
0,8,257500,260000
0,8,260000,262500
0,8,320000,322500
0,8,325000,327500
0,8,327500,330000
0,8,330000,332500
0,8,335000,337500
0,8,337500,340000
0,8,340000,342500
0,8,342500,345000
0,8,345000,347500
0,8,347500,350000
0,8,350000,352500
0,8,352500,355000
0,8,355000,357500
0,8,357500,360000
0,8,392500,395000
0,8,395000,397500
0,8,400000,402500
0,8,402500,405000
0,8,412500,415000
0,8,415000,417500
0,8,417500,420000
0,8,425000,427500
0,8,437500,440000
0,8,442500,445000
0,8,452500,455000
0,8,470000,472500
0,8,482500,485000
0,8,487500,490000
0,8,490000,492500
0,8,492500,495000
0,8,495000,497500
0,8,502500,505000
0,8,510000,512500
0,8,520000,522500
0,8,522500,525000
0,8,527500,530000
0,8,535000,537500
0,8,537500,540000
0,8,540000,542500
0,8,542500,545000
0,8,545000,547500
0,8,547500,550000
0,8,550000,552500
0,8,552500,555000
0,8,555000,557500
0,8,557500,560000
0,8,562500,565000
0,8,567500,570000
0,8,570000,572500
0,8,572500,575000
0,8,585000,587500
0,8,587500,590000
0,8,590000,592500
0,8,592500,595000
0,8,595000,597500
0,8,597500,600000
0,8,602500,605000
0,8,605000,607500
0,8,607500,610000
0,8,610000,612500
0,8,620000,622500
0,8,622500,625000
0,8,632500,635000
0,8,637500,640000
0,8,640000,642500
0,8,642500,645000
0,8,647500,650000
0,8,652500,655000
0,8,660000,662500
0,8,662500,665000
0,8,665000,667500
0,8,667500,670000
0,8,670000,672500
0,8,682500,685000
0,8,685000,687500
0,8,690000,692500
0,8,692500,695000
0,8,695000,697500
0,8,697500,700000
0,8,700000,702500
0,8,702500,705000
0,8,705000,707500
0,8,707500,710000
0,8,710000,712500
0,8,712500,715000
0,8,715000,717500
0,8,717500,720000
0,8,720000,722500
0,8,722500,725000
0,8,725000,727500
0,8,727500,730000
0,8,730000,732500
0,8,732500,735000
0,8,735000,737500
0,8,745000,747500
0,8,755000,757500
0,8,757500,760000
0,8,760000,762500
0,8,770000,772500
0,8,772500,775000
0,8,775000,777500
0,8,790000,792500
0,8,792500,795000
0,8,842500,845000
0,8,845000,847500
0,8,860000,862500
0,8,862500,865000
0,8,865000,867500
0,8,867500,870000
0,8,870000,872500
0,8,872500,875000
0,8,875000,877500
0,8,877500,880000
0,8,880000,882500
0,8,882500,885000
0,8,885000,887500
0,8,887500,890000
0,8,890000,892500
0,8,892500,895000
0,8,900000,902500
0,8,902500,905000
0,8,905000,907500
0,8,910000,912500
0,8,912500,915000
0,8,922500,925000
0,8,925000,927500
0,8,927500,930000
0,8,930000,932500
0,8,965000,967500
0,8,992500,995000
0,8,995000,997500
0,8,997500,1000000
0,8,1000000,1002500
0,8,1002500,1005000
0,8,1005000,1007500
0,8,1007500,1010000
0,8,1010000,1012500
0,8,1012500,1015000
0,8,1017500,1020000
0,8,1020000,1022500
0,8,1022500,1025000
0,8,1025000,1027500
0,8,1027500,1030000
0,8,1105000,1107500
0,8,1110000,1112500
0,8,1112500,1115000
0,8,1115000,1117500
0,8,1125000,1127500
0,8,1127500,1130000
0,8,1130000,1132500
0,8,1137500,1140000
1,8,30000,32500
1,8,35000,37500
1,8,37500,40000
1,8,45000,47500
1,8,47500,50000
1,8,60000,62500
1,8,67500,70000
1,8,80000,82500
1,8,90000,92500
1,8,102500,105000
1,8,105000,107500
1,8,130000,132500
1,8,135000,137500
1,8,137500,140000
1,8,165000,167500
1,8,167500,170000
1,8,180000,182500
1,8,182500,185000
1,8,185000,187500
1,8,195000,197500
1,8,202500,205000
1,8,205000,207500
1,8,207500,210000
1,8,210000,212500
1,8,212500,215000
1,8,215000,217500
1,8,217500,220000
1,8,220000,222500
1,8,222500,225000
1,8,227500,230000
1,8,230000,232500
1,8,232500,235000
1,8,235000,237500
1,8,237500,240000
1,8,242500,245000
1,8,245000,247500
1,8,247500,250000
1,8,250000,252500
1,8,252500,255000
1,8,255000,257500
1,8,257500,260000
1,8,317500,320000
1,8,322500,325000
1,8,325000,327500
1,8,327500,330000
1,8,332500,335000
1,8,335000,337500
1,8,337500,340000
1,8,340000,342500
1,8,342500,345000
1,8,345000,347500
1,8,347500,350000
1,8,350000,352500
1,8,352500,355000
1,8,355000,357500
1,8,390000,392500
1,8,392500,395000
1,8,397500,400000
1,8,400000,402500
1,8,410000,412500
1,8,412500,415000
1,8,415000,417500
1,8,422500,425000
1,8,435000,437500
1,8,440000,442500
1,8,450000,452500
1,8,467500,470000
1,8,480000,482500
1,8,485000,487500
1,8,487500,490000
1,8,490000,492500
1,8,492500,495000
1,8,500000,502500
1,8,507500,510000
1,8,517500,520000
1,8,520000,522500
1,8,525000,527500
1,8,532500,535000
1,8,535000,537500
1,8,537500,540000
1,8,540000,542500
1,8,542500,545000
1,8,545000,547500
1,8,547500,550000
1,8,550000,552500
1,8,552500,555000
1,8,555000,557500
1,8,560000,562500
1,8,565000,567500
1,8,567500,570000
1,8,570000,572500
1,8,582500,585000
1,8,585000,587500
1,8,587500,590000
1,8,590000,592500
1,8,592500,595000
1,8,595000,597500
1,8,600000,602500
1,8,602500,605000
1,8,605000,607500
1,8,607500,610000
1,8,617500,620000
1,8,620000,622500
1,8,630000,632500
1,8,635000,637500
1,8,637500,640000
1,8,640000,642500
1,8,645000,647500
1,8,650000,652500
1,8,657500,660000
1,8,660000,662500
1,8,662500,665000
1,8,665000,667500
1,8,667500,670000
1,8,680000,682500
1,8,682500,685000
1,8,687500,690000
1,8,690000,692500
1,8,692500,695000
1,8,695000,697500
1,8,697500,700000
1,8,700000,702500
1,8,702500,705000
1,8,705000,707500
1,8,707500,710000
1,8,710000,712500
1,8,712500,715000
1,8,715000,717500
1,8,717500,720000
1,8,720000,722500
1,8,722500,725000
1,8,725000,727500
1,8,727500,730000
1,8,730000,732500
1,8,732500,735000
1,8,742500,745000
1,8,752500,755000
1,8,755000,757500
1,8,757500,760000
1,8,767500,770000
1,8,770000,772500
1,8,772500,775000
1,8,787500,790000
1,8,790000,792500
1,8,840000,842500
1,8,842500,845000
1,8,857500,860000
1,8,860000,862500
1,8,862500,865000
1,8,865000,867500
1,8,867500,870000
1,8,870000,872500
1,8,872500,875000
1,8,875000,877500
1,8,877500,880000
1,8,880000,882500
1,8,882500,885000
1,8,885000,887500
1,8,887500,890000
1,8,890000,892500
1,8,900000,902500
1,8,902500,905000
1,8,907500,910000
1,8,910000,912500
1,8,920000,922500
1,8,922500,925000
1,8,925000,927500
1,8,927500,930000
1,8,962500,965000
1,8,990000,992500
1,8,992500,995000
1,8,995000,997500
1,8,997500,1000000
1,8,1000000,1002500
1,8,1002500,1005000
1,8,1005000,1007500
1,8,1007500,1010000
1,8,1010000,1012500
1,8,1015000,1017500
1,8,1017500,1020000
1,8,1020000,1022500
1,8,1022500,1025000
1,8,1025000,1027500
1,8,1102500,1105000
1,8,1107500,1110000
1,8,1110000,1112500
1,8,1112500,1115000
1,8,1122500,1125000
1,8,1125000,1127500
1,8,1127500,1130000
1,8,1135000,1137500
1,8,1137500,1140000
2,8,245000,247500
2,8,262500,265000
2,8,265000,267500
2,8,267500,270000
2,8,270000,272500
2,8,277500,280000
2,8,280000,282500
2,8,282500,285000
2,8,285000,287500
2,8,287500,290000
2,8,290000,292500
2,8,292500,295000
2,8,295000,297500
2,8,297500,300000
2,8,300000,302500
2,8,302500,305000
2,8,307500,310000
2,8,310000,312500
2,8,312500,315000
2,8,315000,317500
2,8,317500,320000
2,8,320000,322500
2,8,322500,325000
2,8,325000,327500
2,8,327500,330000
2,8,330000,332500
2,8,332500,335000
2,8,335000,337500
2,8,337500,340000
2,8,340000,342500
2,8,342500,345000
2,8,345000,347500
2,8,347500,350000
2,8,350000,352500
2,8,352500,355000
2,8,355000,357500
2,8,357500,360000
2,8,360000,362500
2,8,362500,365000
2,8,365000,367500
2,8,367500,370000
2,8,370000,372500
2,8,372500,375000
2,8,375000,377500
2,8,377500,380000
2,8,380000,382500
2,8,382500,385000
2,8,385000,387500
2,8,387500,390000
2,8,390000,392500
2,8,392500,395000
2,8,395000,397500
2,8,397500,400000
2,8,400000,402500
2,8,402500,405000
2,8,405000,407500
2,8,407500,410000
2,8,410000,412500
2,8,412500,415000
2,8,415000,417500
2,8,417500,420000
2,8,420000,422500
2,8,422500,425000
2,8,425000,427500
2,8,427500,430000
2,8,430000,432500
2,8,432500,435000
2,8,435000,437500
2,8,440000,442500
2,8,442500,445000
2,8,445000,447500
2,8,447500,450000
2,8,450000,452500
2,8,525000,527500
2,8,582500,585000
2,8,585000,587500
2,8,597500,600000
2,8,677500,680000
2,8,760000,762500
2,8,762500,765000
2,8,765000,767500
2,8,767500,770000
2,8,770000,772500
2,8,772500,775000
2,8,775000,777500
2,8,1172500,1175000
2,8,1175000,1177500
3,8,242500,245000
3,8,260000,262500
3,8,262500,265000
3,8,265000,267500
3,8,267500,270000
3,8,275000,277500
3,8,277500,280000
3,8,280000,282500
3,8,282500,285000
3,8,285000,287500
3,8,287500,290000
3,8,290000,292500
3,8,292500,295000
3,8,295000,297500
3,8,297500,300000
3,8,300000,302500
3,8,305000,307500
3,8,307500,310000
3,8,310000,312500
3,8,312500,315000
3,8,315000,317500
3,8,317500,320000
3,8,320000,322500
3,8,322500,325000
3,8,325000,327500
3,8,327500,330000
3,8,330000,332500
3,8,332500,335000
3,8,335000,337500
3,8,337500,340000
3,8,340000,342500
3,8,342500,345000
3,8,345000,347500
3,8,347500,350000
3,8,350000,352500
3,8,352500,355000
3,8,355000,357500
3,8,357500,360000
3,8,360000,362500
3,8,362500,365000
3,8,365000,367500
3,8,367500,370000
3,8,370000,372500
3,8,372500,375000
3,8,375000,377500
3,8,377500,380000
3,8,380000,382500
3,8,382500,385000
3,8,385000,387500
3,8,387500,390000
3,8,390000,392500
3,8,392500,395000
3,8,395000,397500
3,8,397500,400000
3,8,400000,402500
3,8,402500,405000
3,8,405000,407500
3,8,407500,410000
3,8,410000,412500
3,8,412500,415000
3,8,415000,417500
3,8,417500,420000
3,8,420000,422500
3,8,422500,425000
3,8,425000,427500
3,8,427500,430000
3,8,430000,432500
3,8,432500,435000
3,8,437500,440000
3,8,440000,442500
3,8,442500,445000
3,8,445000,447500
3,8,447500,450000
3,8,522500,525000
3,8,580000,582500
3,8,582500,585000
3,8,595000,597500
3,8,675000,677500
3,8,757500,760000
3,8,760000,762500
3,8,762500,765000
3,8,765000,767500
3,8,767500,770000
3,8,770000,772500
3,8,772500,775000
3,8,1140000,1142500
4,8,15000,17500
4,8,247500,250000
4,8,250000,252500
4,8,265000,267500
4,8,502500,505000
4,8,610000,612500
4,8,662500,665000
4,8,665000,667500
4,8,720000,722500
4,8,732500,735000
4,8,842500,845000
4,8,845000,847500
4,8,847500,850000
4,8,855000,857500
4,8,857500,860000
4,8,862500,865000
4,8,865000,867500
4,8,867500,870000
4,8,870000,872500
4,8,887500,890000
4,8,892500,895000
4,8,905000,907500
4,8,907500,910000
4,8,995000,997500
4,8,997500,1000000
4,8,1010000,1012500
4,8,1012500,1015000
4,8,1017500,1020000
4,8,1107500,1110000
4,8,1110000,1112500
4,8,1112500,1115000
4,8,1115000,1117500
4,8,1117500,1120000
4,8,1120000,1122500
4,8,1137500,1140000
4,8,1172500,1175000
4,8,1175000,1177500
5,8,12500,15000
5,8,245000,247500
5,8,247500,250000
5,8,262500,265000
5,8,500000,502500
5,8,607500,610000
5,8,660000,662500
5,8,662500,665000
5,8,717500,720000
5,8,730000,732500
5,8,840000,842500
5,8,842500,845000
5,8,845000,847500
5,8,847500,850000
5,8,850000,852500
5,8,860000,862500
5,8,862500,865000
5,8,865000,867500
5,8,867500,870000
5,8,885000,887500
5,8,890000,892500
5,8,902500,905000
5,8,905000,907500
5,8,992500,995000
5,8,995000,997500
5,8,1007500,1010000
5,8,1010000,1012500
5,8,1015000,1017500
5,8,1105000,1107500
5,8,1107500,1110000
5,8,1110000,1112500
5,8,1112500,1115000
5,8,1115000,1117500
5,8,1117500,1120000
5,8,1135000,1137500
5,8,1137500,1140000
5,8,1140000,1142500
0,9,175000,177500
0,9,177500,180000
0,9,180000,182500
0,9,267500,270000
0,9,507500,510000
0,9,510000,512500
0,9,840000,842500
0,9,857500,860000
0,9,875000,877500
0,9,877500,880000
0,9,880000,882500
0,9,882500,885000
0,9,885000,887500
0,9,887500,890000
0,9,890000,892500
0,9,892500,895000
0,9,1040000,1042500
1,9,172500,175000
1,9,175000,177500
1,9,177500,180000
1,9,265000,267500
1,9,505000,507500
1,9,507500,510000
1,9,615000,617500
1,9,837500,840000
1,9,860000,862500
1,9,872500,875000
1,9,875000,877500
1,9,877500,880000
1,9,880000,882500
1,9,882500,885000
1,9,885000,887500
1,9,887500,890000
1,9,890000,892500
1,9,1037500,1040000
2,9,5000,7500
2,9,265000,267500
2,9,307500,310000
2,9,462500,465000
2,9,470000,472500
2,9,525000,527500
2,9,585000,587500
2,9,677500,680000
2,9,892500,895000
3,9,2500,5000
3,9,262500,265000
3,9,305000,307500
3,9,460000,462500
3,9,467500,470000
3,9,522500,525000
3,9,582500,585000
3,9,675000,677500
3,9,890000,892500
4,9,70000,72500
4,9,72500,75000
4,9,265000,267500
4,9,442500,445000
4,9,582500,585000
4,9,907500,910000
4,9,965000,967500
5,9,67500,70000
5,9,70000,72500
5,9,262500,265000
5,9,440000,442500
5,9,580000,582500
5,9,905000,907500
5,9,962500,965000
0,10,0,2500
0,10,60000,62500
0,10,120000,122500
0,10,142500,145000
0,10,145000,147500
0,10,147500,150000
0,10,150000,152500
0,10,152500,155000
0,10,155000,157500
0,10,157500,160000
0,10,160000,162500
0,10,162500,165000
0,10,165000,167500
0,10,172500,175000
0,10,175000,177500
0,10,177500,180000
0,10,180000,182500
0,10,182500,185000
0,10,185000,187500
0,10,187500,190000
0,10,192500,195000
0,10,195000,197500
0,10,220000,222500
0,10,225000,227500
0,10,227500,230000
0,10,230000,232500
0,10,235000,237500
0,10,237500,240000
0,10,267500,270000
0,10,277500,280000
0,10,295000,297500
0,10,297500,300000
0,10,300000,302500
0,10,302500,305000
0,10,305000,307500
0,10,307500,310000
0,10,317500,320000
0,10,327500,330000
0,10,332500,335000
0,10,335000,337500
0,10,340000,342500
0,10,342500,345000
0,10,345000,347500
0,10,347500,350000
0,10,350000,352500
0,10,352500,355000
0,10,355000,357500
0,10,357500,360000
0,10,360000,362500
0,10,362500,365000
0,10,365000,367500
0,10,367500,370000
0,10,372500,375000
0,10,375000,377500
0,10,385000,387500
0,10,387500,390000
0,10,415000,417500
0,10,417500,420000
0,10,420000,422500
0,10,422500,425000
0,10,427500,430000
0,10,437500,440000
0,10,440000,442500
0,10,442500,445000
0,10,445000,447500
0,10,447500,450000
0,10,450000,452500
0,10,452500,455000
0,10,462500,465000
0,10,465000,467500
0,10,480000,482500
0,10,492500,495000
0,10,500000,502500
0,10,502500,505000
0,10,515000,517500
0,10,517500,520000
0,10,520000,522500
0,10,537500,540000
0,10,540000,542500
0,10,547500,550000
0,10,552500,555000
0,10,555000,557500
0,10,557500,560000
0,10,560000,562500
0,10,562500,565000
0,10,565000,567500
0,10,567500,570000
0,10,570000,572500
0,10,572500,575000
0,10,575000,577500
0,10,577500,580000
0,10,580000,582500
0,10,597500,600000
0,10,600000,602500
0,10,610000,612500
0,10,612500,615000
0,10,615000,617500
0,10,617500,620000
0,10,622500,625000
0,10,625000,627500
0,10,635000,637500
0,10,637500,640000
0,10,640000,642500
0,10,642500,645000
0,10,645000,647500
0,10,650000,652500
0,10,660000,662500
0,10,662500,665000
0,10,667500,670000
0,10,670000,672500
0,10,680000,682500
0,10,690000,692500
0,10,692500,695000
0,10,707500,710000
0,10,710000,712500
0,10,720000,722500
0,10,725000,727500
0,10,732500,735000
0,10,737500,740000
0,10,740000,742500
0,10,742500,745000
0,10,745000,747500
0,10,750000,752500
0,10,752500,755000
0,10,757500,760000
0,10,760000,762500
0,10,762500,765000
0,10,765000,767500
0,10,767500,770000
0,10,770000,772500
0,10,772500,775000
0,10,775000,777500
0,10,777500,780000
0,10,780000,782500
0,10,782500,785000
0,10,785000,787500
0,10,787500,790000
0,10,800000,802500
0,10,802500,805000
0,10,805000,807500
0,10,807500,810000
0,10,810000,812500
0,10,812500,815000
0,10,857500,860000
0,10,872500,875000
0,10,950000,952500
0,10,952500,955000
0,10,982500,985000
0,10,985000,987500
0,10,987500,990000
0,10,990000,992500
0,10,992500,995000
0,10,995000,997500
0,10,997500,1000000
0,10,1000000,1002500
0,10,1002500,1005000
0,10,1007500,1010000
0,10,1010000,1012500
0,10,1012500,1015000
0,10,1017500,1020000
0,10,1020000,1022500
0,10,1025000,1027500
0,10,1027500,1030000
0,10,1042500,1045000
0,10,1045000,1047500
0,10,1047500,1050000
0,10,1102500,1105000
0,10,1122500,1125000
0,10,1125000,1127500
1,10,57500,60000
1,10,117500,120000
1,10,140000,142500
1,10,142500,145000
1,10,145000,147500
1,10,147500,150000
1,10,150000,152500
1,10,152500,155000
1,10,155000,157500
1,10,157500,160000
1,10,160000,162500
1,10,162500,165000
1,10,170000,172500
1,10,172500,175000
1,10,175000,177500
1,10,177500,180000
1,10,180000,182500
1,10,182500,185000
1,10,185000,187500
1,10,187500,190000
1,10,190000,192500
1,10,222500,225000
1,10,225000,227500
1,10,227500,230000
1,10,232500,235000
1,10,235000,237500
1,10,265000,267500
1,10,275000,277500
1,10,280000,282500
1,10,282500,285000
1,10,290000,292500
1,10,292500,295000
1,10,297500,300000
1,10,300000,302500
1,10,302500,305000
1,10,305000,307500
1,10,325000,327500
1,10,330000,332500
1,10,332500,335000
1,10,337500,340000
1,10,340000,342500
1,10,342500,345000
1,10,345000,347500
1,10,347500,350000
1,10,350000,352500
1,10,352500,355000
1,10,355000,357500
1,10,357500,360000
1,10,360000,362500
1,10,362500,365000
1,10,365000,367500
1,10,367500,370000
1,10,370000,372500
1,10,375000,377500
1,10,377500,380000
1,10,412500,415000
1,10,415000,417500
1,10,417500,420000
1,10,420000,422500
1,10,422500,425000
1,10,425000,427500
1,10,435000,437500
1,10,440000,442500
1,10,442500,445000
1,10,445000,447500
1,10,447500,450000
1,10,450000,452500
1,10,460000,462500
1,10,462500,465000
1,10,470000,472500
1,10,472500,475000
1,10,490000,492500
1,10,497500,500000
1,10,500000,502500
1,10,510000,512500
1,10,512500,515000
1,10,517500,520000
1,10,535000,537500
1,10,537500,540000
1,10,545000,547500
1,10,550000,552500
1,10,552500,555000
1,10,555000,557500
1,10,557500,560000
1,10,560000,562500
1,10,562500,565000
1,10,565000,567500
1,10,567500,570000
1,10,570000,572500
1,10,572500,575000
1,10,575000,577500
1,10,577500,580000
1,10,595000,597500
1,10,597500,600000
1,10,607500,610000
1,10,610000,612500
1,10,612500,615000
1,10,615000,617500
1,10,620000,622500
1,10,622500,625000
1,10,632500,635000
1,10,635000,637500
1,10,637500,640000
1,10,640000,642500
1,10,642500,645000
1,10,647500,650000
1,10,657500,660000
1,10,660000,662500
1,10,665000,667500
1,10,667500,670000
1,10,677500,680000
1,10,687500,690000
1,10,690000,692500
1,10,705000,707500
1,10,707500,710000
1,10,717500,720000
1,10,722500,725000
1,10,730000,732500
1,10,735000,737500
1,10,737500,740000
1,10,740000,742500
1,10,742500,745000
1,10,747500,750000
1,10,750000,752500
1,10,755000,757500
1,10,757500,760000
1,10,760000,762500
1,10,762500,765000
1,10,765000,767500
1,10,767500,770000
1,10,770000,772500
1,10,772500,775000
1,10,775000,777500
1,10,777500,780000
1,10,780000,782500
1,10,782500,785000
1,10,785000,787500
1,10,790000,792500
1,10,800000,802500
1,10,802500,805000
1,10,805000,807500
1,10,807500,810000
1,10,810000,812500
1,10,855000,857500
1,10,870000,872500
1,10,947500,950000
1,10,950000,952500
1,10,980000,982500
1,10,982500,985000
1,10,985000,987500
1,10,987500,990000
1,10,990000,992500
1,10,992500,995000
1,10,995000,997500
1,10,997500,1000000
1,10,1000000,1002500
1,10,1002500,1005000
1,10,1005000,1007500
1,10,1010000,1012500
1,10,1015000,1017500
1,10,1017500,1020000
1,10,1022500,1025000
1,10,1025000,1027500
1,10,1040000,1042500
1,10,1042500,1045000
1,10,1045000,1047500
1,10,1100000,1102500
1,10,1120000,1122500
1,10,1122500,1125000
1,10,1130000,1132500
1,10,1175000,1177500
2,10,72500,75000
2,10,265000,267500
2,10,280000,282500
2,10,307500,310000
2,10,375000,377500
2,10,387500,390000
2,10,395000,397500
2,10,397500,400000
2,10,400000,402500
2,10,427500,430000
2,10,430000,432500
2,10,442500,445000
2,10,470000,472500
2,10,525000,527500
2,10,585000,587500
2,10,597500,600000
2,10,647500,650000
2,10,815000,817500
2,10,820000,822500
2,10,827500,830000
2,10,830000,832500
2,10,832500,835000
2,10,842500,845000
2,10,845000,847500
2,10,850000,852500
2,10,852500,855000
2,10,905000,907500
2,10,907500,910000
2,10,927500,930000
2,10,1037500,1040000
2,10,1062500,1065000
2,10,1070000,1072500
2,10,1072500,1075000
2,10,1075000,1077500
2,10,1077500,1080000
2,10,1080000,1082500
2,10,1082500,1085000
2,10,1085000,1087500
2,10,1117500,1120000
3,10,70000,72500
3,10,262500,265000
3,10,277500,280000
3,10,280000,282500
3,10,305000,307500
3,10,392500,395000
3,10,395000,397500
3,10,397500,400000
3,10,400000,402500
3,10,425000,427500
3,10,432500,435000
3,10,440000,442500
3,10,467500,470000
3,10,522500,525000
3,10,582500,585000
3,10,595000,597500
3,10,645000,647500
3,10,675000,677500
3,10,812500,815000
3,10,817500,820000
3,10,820000,822500
3,10,822500,825000
3,10,830000,832500
3,10,840000,842500
3,10,842500,845000
3,10,847500,850000
3,10,850000,852500
3,10,902500,905000
3,10,905000,907500
3,10,925000,927500
3,10,1035000,1037500
3,10,1060000,1062500
3,10,1067500,1070000
3,10,1070000,1072500
3,10,1072500,1075000
3,10,1075000,1077500
3,10,1077500,1080000
3,10,1080000,1082500
3,10,1082500,1085000
3,10,1115000,1117500
4,10,15000,17500
4,10,245000,247500
4,10,375000,377500
4,10,397500,400000
4,10,612500,615000
4,10,615000,617500
4,10,647500,650000
5,10,12500,15000
5,10,242500,245000
5,10,395000,397500
5,10,432500,435000
5,10,610000,612500
5,10,612500,615000
5,10,645000,647500
5,10,675000,677500
0,11,0,2500
0,11,2500,5000
0,11,30000,32500
0,11,40000,42500
0,11,55000,57500
0,11,60000,62500
0,11,70000,72500
0,11,72500,75000
0,11,77500,80000
0,11,82500,85000
0,11,87500,90000
0,11,102500,105000
0,11,105000,107500
0,11,125000,127500
0,11,142500,145000
0,11,145000,147500
0,11,147500,150000
0,11,150000,152500
0,11,155000,157500
0,11,162500,165000
0,11,175000,177500
0,11,180000,182500
0,11,182500,185000
0,11,185000,187500
0,11,187500,190000
0,11,190000,192500
0,11,195000,197500
0,11,197500,200000
0,11,220000,222500
0,11,222500,225000
0,11,225000,227500
0,11,227500,230000
0,11,235000,237500
0,11,237500,240000
0,11,242500,245000
0,11,260000,262500
0,11,262500,265000
0,11,272500,275000
0,11,277500,280000
0,11,287500,290000
0,11,290000,292500
0,11,295000,297500
0,11,297500,300000
0,11,300000,302500
0,11,307500,310000
0,11,317500,320000
0,11,355000,357500
0,11,360000,362500
0,11,362500,365000
0,11,367500,370000
0,11,370000,372500
0,11,382500,385000
0,11,387500,390000
0,11,435000,437500
0,11,437500,440000
0,11,440000,442500
0,11,455000,457500
0,11,457500,460000
0,11,460000,462500
0,11,462500,465000
0,11,465000,467500
0,11,470000,472500
0,11,472500,475000
0,11,480000,482500
0,11,482500,485000
0,11,485000,487500
0,11,487500,490000
0,11,490000,492500
0,11,492500,495000
0,11,495000,497500
0,11,500000,502500
0,11,502500,505000
0,11,505000,507500
0,11,507500,510000
0,11,510000,512500
0,11,512500,515000
0,11,515000,517500
0,11,520000,522500
0,11,522500,525000
0,11,525000,527500
0,11,532500,535000
0,11,550000,552500
0,11,552500,555000
0,11,555000,557500
0,11,557500,560000
0,11,560000,562500
0,11,562500,565000
0,11,580000,582500
0,11,582500,585000
0,11,585000,587500
0,11,587500,590000
0,11,597500,600000
0,11,600000,602500
0,11,610000,612500
0,11,612500,615000
0,11,622500,625000
0,11,625000,627500
0,11,635000,637500
0,11,637500,640000
0,11,640000,642500
0,11,642500,645000
0,11,645000,647500
0,11,647500,650000
0,11,657500,660000
0,11,660000,662500
0,11,667500,670000
0,11,670000,672500
0,11,672500,675000
0,11,675000,677500
0,11,682500,685000
0,11,687500,690000
0,11,690000,692500
0,11,692500,695000
0,11,695000,697500
0,11,697500,700000
0,11,700000,702500
0,11,702500,705000
0,11,705000,707500
0,11,707500,710000
0,11,710000,712500
0,11,712500,715000
0,11,715000,717500
0,11,722500,725000
0,11,725000,727500
0,11,727500,730000
0,11,750000,752500
0,11,757500,760000
0,11,760000,762500
0,11,762500,765000
0,11,765000,767500
0,11,767500,770000
0,11,770000,772500
0,11,772500,775000
0,11,775000,777500
0,11,777500,780000
0,11,780000,782500
0,11,787500,790000
0,11,792500,795000
0,11,800000,802500
0,11,802500,805000
0,11,805000,807500
0,11,832500,835000
0,11,840000,842500
0,11,842500,845000
0,11,845000,847500
0,11,847500,850000
0,11,850000,852500
0,11,852500,855000
0,11,855000,857500
0,11,857500,860000
0,11,860000,862500
0,11,862500,865000
0,11,865000,867500
0,11,867500,870000
0,11,870000,872500
0,11,905000,907500
0,11,907500,910000
0,11,920000,922500
0,11,925000,927500
0,11,935000,937500
0,11,937500,940000
0,11,950000,952500
0,11,952500,955000
0,11,955000,957500
0,11,960000,962500
0,11,962500,965000
0,11,965000,967500
0,11,967500,970000
0,11,970000,972500
0,11,972500,975000
0,11,975000,977500
0,11,977500,980000
0,11,980000,982500
0,11,987500,990000
0,11,1005000,1007500
0,11,1015000,1017500
0,11,1020000,1022500
0,11,1022500,1025000
0,11,1025000,1027500
0,11,1027500,1030000
0,11,1032500,1035000
0,11,1035000,1037500
0,11,1037500,1040000
0,11,1040000,1042500
0,11,1042500,1045000
0,11,1047500,1050000
0,11,1050000,1052500
0,11,1052500,1055000
0,11,1055000,1057500
0,11,1057500,1060000
0,11,1060000,1062500
0,11,1062500,1065000
0,11,1102500,1105000
0,11,1122500,1125000
0,11,1125000,1127500
0,11,1132500,1135000
0,11,1137500,1140000
0,11,1140000,1142500
1,11,0,2500
1,11,27500,30000
1,11,37500,40000
1,11,52500,55000
1,11,57500,60000
1,11,65000,67500
1,11,67500,70000
1,11,75000,77500
1,11,80000,82500
1,11,85000,87500
1,11,100000,102500
1,11,102500,105000
1,11,122500,125000
1,11,140000,142500
1,11,142500,145000
1,11,145000,147500
1,11,147500,150000
1,11,152500,155000
1,11,160000,162500
1,11,172500,175000
1,11,177500,180000
1,11,180000,182500
1,11,182500,185000
1,11,185000,187500
1,11,187500,190000
1,11,192500,195000
1,11,195000,197500
1,11,217500,220000
1,11,220000,222500
1,11,222500,225000
1,11,225000,227500
1,11,232500,235000
1,11,235000,237500
1,11,240000,242500
1,11,257500,260000
1,11,260000,262500
1,11,270000,272500
1,11,275000,277500
1,11,285000,287500
1,11,287500,290000
1,11,292500,295000
1,11,295000,297500
1,11,297500,300000
1,11,305000,307500
1,11,315000,317500
1,11,352500,355000
1,11,357500,360000
1,11,360000,362500
1,11,365000,367500
1,11,367500,370000
1,11,380000,382500
1,11,385000,387500
1,11,432500,435000
1,11,435000,437500
1,11,437500,440000
1,11,452500,455000
1,11,455000,457500
1,11,457500,460000
1,11,460000,462500
1,11,462500,465000
1,11,467500,470000
1,11,470000,472500
1,11,477500,480000
1,11,480000,482500
1,11,482500,485000
1,11,485000,487500
1,11,487500,490000
1,11,490000,492500
1,11,492500,495000
1,11,497500,500000
1,11,500000,502500
1,11,502500,505000
1,11,505000,507500
1,11,507500,510000
1,11,510000,512500
1,11,512500,515000
1,11,517500,520000
1,11,520000,522500
1,11,522500,525000
1,11,530000,532500
1,11,547500,550000
1,11,550000,552500
1,11,552500,555000
1,11,555000,557500
1,11,557500,560000
1,11,560000,562500
1,11,577500,580000
1,11,580000,582500
1,11,582500,585000
1,11,585000,587500
1,11,595000,597500
1,11,597500,600000
1,11,607500,610000
1,11,610000,612500
1,11,620000,622500
1,11,622500,625000
1,11,632500,635000
1,11,635000,637500
1,11,637500,640000
1,11,640000,642500
1,11,642500,645000
1,11,645000,647500
1,11,655000,657500
1,11,657500,660000
1,11,665000,667500
1,11,667500,670000
1,11,670000,672500
1,11,672500,675000
1,11,680000,682500
1,11,685000,687500
1,11,687500,690000
1,11,690000,692500
1,11,692500,695000
1,11,695000,697500
1,11,697500,700000
1,11,700000,702500
1,11,702500,705000
1,11,705000,707500
1,11,707500,710000
1,11,710000,712500
1,11,712500,715000
1,11,720000,722500
1,11,722500,725000
1,11,725000,727500
1,11,747500,750000
1,11,755000,757500
1,11,757500,760000
1,11,760000,762500
1,11,762500,765000
1,11,765000,767500
1,11,767500,770000
1,11,770000,772500
1,11,772500,775000
1,11,775000,777500
1,11,777500,780000
1,11,785000,787500
1,11,790000,792500
1,11,797500,800000
1,11,800000,802500
1,11,802500,805000
1,11,830000,832500
1,11,837500,840000
1,11,840000,842500
1,11,842500,845000
1,11,845000,847500
1,11,847500,850000
1,11,850000,852500
1,11,852500,855000
1,11,855000,857500
1,11,857500,860000
1,11,860000,862500
1,11,862500,865000
1,11,865000,867500
1,11,867500,870000
1,11,902500,905000
1,11,905000,907500
1,11,917500,920000
1,11,922500,925000
1,11,932500,935000
1,11,935000,937500
1,11,947500,950000
1,11,950000,952500
1,11,952500,955000
1,11,957500,960000
1,11,960000,962500
1,11,962500,965000
1,11,965000,967500
1,11,967500,970000
1,11,970000,972500
1,11,972500,975000
1,11,975000,977500
1,11,977500,980000
1,11,985000,987500
1,11,1002500,1005000
1,11,1012500,1015000
1,11,1017500,1020000
1,11,1020000,1022500
1,11,1022500,1025000
1,11,1025000,1027500
1,11,1030000,1032500
1,11,1032500,1035000
1,11,1035000,1037500
1,11,1037500,1040000
1,11,1040000,1042500
1,11,1045000,1047500
1,11,1047500,1050000
1,11,1050000,1052500
1,11,1052500,1055000
1,11,1055000,1057500
1,11,1057500,1060000
1,11,1060000,1062500
1,11,1120000,1122500
1,11,1122500,1125000
1,11,1130000,1132500
1,11,1135000,1137500
1,11,1137500,1140000
2,11,22500,25000
2,11,70000,72500
2,11,97500,100000
2,11,132500,135000
2,11,240000,242500
2,11,245000,247500
2,11,262500,265000
2,11,265000,267500
2,11,280000,282500
2,11,282500,285000
2,11,307500,310000
2,11,375000,377500
2,11,377500,380000
2,11,405000,407500
2,11,407500,410000
2,11,412500,415000
2,11,430000,432500
2,11,435000,437500
2,11,470000,472500
2,11,525000,527500
2,11,527500,530000
2,11,532500,535000
2,11,585000,587500
2,11,677500,680000
2,11,815000,817500
2,11,892500,895000
2,11,895000,897500
2,11,1027500,1030000
2,11,1107500,1110000
2,11,1110000,1112500
2,11,1117500,1120000
2,11,1120000,1122500
2,11,1135000,1137500
2,11,1142500,1145000
2,11,1145000,1147500
2,11,1147500,1150000
2,11,1150000,1152500
2,11,1152500,1155000
2,11,1155000,1157500
2,11,1157500,1160000
2,11,1160000,1162500
2,11,1162500,1165000
3,11,15000,17500
3,11,67500,70000
3,11,95000,97500
3,11,130000,132500
3,11,237500,240000
3,11,242500,245000
3,11,260000,262500
3,11,262500,265000
3,11,277500,280000
3,11,280000,282500
3,11,305000,307500
3,11,372500,375000
3,11,375000,377500
3,11,402500,405000
3,11,405000,407500
3,11,410000,412500
3,11,427500,430000
3,11,432500,435000
3,11,467500,470000
3,11,522500,525000
3,11,525000,527500
3,11,530000,532500
3,11,582500,585000
3,11,675000,677500
3,11,812500,815000
3,11,890000,892500
3,11,892500,895000
3,11,1025000,1027500
3,11,1105000,1107500
3,11,1107500,1110000
3,11,1115000,1117500
3,11,1117500,1120000
3,11,1132500,1135000
3,11,1140000,1142500
3,11,1142500,1145000
3,11,1145000,1147500
3,11,1147500,1150000
3,11,1150000,1152500
3,11,1152500,1155000
3,11,1155000,1157500
3,11,1157500,1160000
3,11,1160000,1162500
4,11,7500,10000
4,11,10000,12500
4,11,12500,15000
4,11,20000,22500
4,11,22500,25000
4,11,25000,27500
4,11,70000,72500
4,11,72500,75000
4,11,105000,107500
4,11,265000,267500
4,11,290000,292500
4,11,375000,377500
4,11,390000,392500
4,11,395000,397500
4,11,397500,400000
4,11,400000,402500
4,11,427500,430000
4,11,435000,437500
4,11,952500,955000
4,11,957500,960000
4,11,967500,970000
4,11,970000,972500
4,11,972500,975000
4,11,975000,977500
4,11,980000,982500
4,11,1015000,1017500
4,11,1022500,1025000
4,11,1040000,1042500
5,11,5000,7500
5,11,7500,10000
5,11,10000,12500
5,11,12500,15000
5,11,15000,17500
5,11,22500,25000
5,11,67500,70000
5,11,102500,105000
5,11,262500,265000
5,11,287500,290000
5,11,372500,375000
5,11,387500,390000
5,11,392500,395000
5,11,395000,397500
5,11,397500,400000
5,11,425000,427500
5,11,432500,435000
5,11,950000,952500
5,11,955000,957500
5,11,965000,967500
5,11,967500,970000
5,11,970000,972500
5,11,972500,975000
5,11,977500,980000
5,11,1012500,1015000
5,11,1020000,1022500
5,11,1037500,1040000
0,12,0,2500
0,12,2500,5000
0,12,5000,7500
0,12,7500,10000
0,12,12500,15000
0,12,15000,17500
0,12,17500,20000
0,12,30000,32500
0,12,32500,35000
0,12,35000,37500
0,12,40000,42500
0,12,42500,45000
0,12,45000,47500
0,12,50000,52500
0,12,57500,60000
0,12,60000,62500
0,12,65000,67500
0,12,67500,70000
0,12,72500,75000
0,12,75000,77500
0,12,77500,80000
0,12,82500,85000
0,12,85000,87500
0,12,87500,90000
0,12,92500,95000
0,12,95000,97500
0,12,97500,100000
0,12,100000,102500
0,12,102500,105000
0,12,105000,107500
0,12,107500,110000
0,12,110000,112500
0,12,115000,117500
0,12,130000,132500
0,12,132500,135000
0,12,135000,137500
0,12,140000,142500
0,12,142500,145000
0,12,145000,147500
0,12,150000,152500
0,12,152500,155000
0,12,155000,157500
0,12,157500,160000
0,12,165000,167500
0,12,177500,180000
0,12,180000,182500
0,12,182500,185000
0,12,185000,187500
0,12,192500,195000
0,12,197500,200000
0,12,200000,202500
0,12,202500,205000
0,12,205000,207500
0,12,210000,212500
0,12,212500,215000
0,12,215000,217500
0,12,217500,220000
0,12,220000,222500
0,12,225000,227500
0,12,227500,230000
0,12,230000,232500
0,12,232500,235000
0,12,242500,245000
0,12,245000,247500
0,12,247500,250000
0,12,260000,262500
0,12,262500,265000
0,12,265000,267500
0,12,267500,270000
0,12,270000,272500
0,12,272500,275000
0,12,275000,277500
0,12,280000,282500
0,12,282500,285000
0,12,285000,287500
0,12,287500,290000
0,12,290000,292500
0,12,292500,295000
0,12,295000,297500
0,12,335000,337500
0,12,337500,340000
0,12,347500,350000
0,12,350000,352500
0,12,352500,355000
0,12,355000,357500
0,12,357500,360000
0,12,360000,362500
0,12,362500,365000
0,12,370000,372500
0,12,372500,375000
0,12,375000,377500
0,12,377500,380000
0,12,380000,382500
0,12,382500,385000
0,12,385000,387500
0,12,387500,390000
0,12,390000,392500
0,12,392500,395000
0,12,400000,402500
0,12,410000,412500
0,12,412500,415000
0,12,422500,425000
0,12,425000,427500
0,12,427500,430000
0,12,430000,432500
0,12,432500,435000
0,12,435000,437500
0,12,437500,440000
0,12,440000,442500
0,12,447500,450000
0,12,450000,452500
0,12,452500,455000
0,12,455000,457500
0,12,475000,477500
0,12,477500,480000
0,12,480000,482500
0,12,482500,485000
0,12,502500,505000
0,12,522500,525000
0,12,525000,527500
0,12,527500,530000
0,12,530000,532500
0,12,535000,537500
0,12,540000,542500
0,12,542500,545000
0,12,545000,547500
0,12,547500,550000
0,12,555000,557500
0,12,557500,560000
0,12,560000,562500
0,12,570000,572500
0,12,572500,575000
0,12,575000,577500
0,12,577500,580000
0,12,595000,597500
0,12,597500,600000
0,12,605000,607500
0,12,612500,615000
0,12,615000,617500
0,12,620000,622500
0,12,622500,625000
0,12,625000,627500
0,12,630000,632500
0,12,640000,642500
0,12,642500,645000
0,12,645000,647500
0,12,650000,652500
0,12,657500,660000
0,12,662500,665000
0,12,665000,667500
0,12,667500,670000
0,12,670000,672500
0,12,672500,675000
0,12,677500,680000
0,12,682500,685000
0,12,685000,687500
0,12,692500,695000
0,12,695000,697500
0,12,702500,705000
0,12,705000,707500
0,12,710000,712500
0,12,712500,715000
0,12,715000,717500
0,12,717500,720000
0,12,720000,722500
0,12,735000,737500
0,12,737500,740000
0,12,742500,745000
0,12,745000,747500
0,12,747500,750000
0,12,750000,752500
0,12,752500,755000
0,12,755000,757500
0,12,757500,760000
0,12,762500,765000
0,12,765000,767500
0,12,767500,770000
0,12,770000,772500
0,12,772500,775000
0,12,785000,787500
0,12,787500,790000
0,12,797500,800000
0,12,802500,805000
0,12,805000,807500
0,12,812500,815000
0,12,815000,817500
0,12,817500,820000
0,12,820000,822500
0,12,822500,825000
0,12,832500,835000
0,12,835000,837500
0,12,837500,840000
0,12,840000,842500
0,12,842500,845000
0,12,845000,847500
0,12,847500,850000
0,12,850000,852500
0,12,852500,855000
0,12,855000,857500
0,12,857500,860000
0,12,860000,862500
0,12,862500,865000
0,12,865000,867500
0,12,867500,870000
0,12,870000,872500
0,12,872500,875000
0,12,875000,877500
0,12,877500,880000
0,12,880000,882500
0,12,882500,885000
0,12,885000,887500
0,12,887500,890000
0,12,890000,892500
0,12,892500,895000
0,12,897500,900000
0,12,900000,902500
0,12,902500,905000
0,12,905000,907500
0,12,907500,910000
0,12,910000,912500
0,12,912500,915000
0,12,915000,917500
0,12,917500,920000
0,12,920000,922500
0,12,922500,925000
0,12,925000,927500
0,12,930000,932500
0,12,935000,937500
0,12,940000,942500
0,12,945000,947500
0,12,950000,952500
0,12,957500,960000
0,12,967500,970000
0,12,970000,972500
0,12,972500,975000
0,12,975000,977500
0,12,977500,980000
0,12,985000,987500
0,12,987500,990000
0,12,990000,992500
0,12,997500,1000000
0,12,1002500,1005000
0,12,1005000,1007500
0,12,1007500,1010000
0,12,1010000,1012500
0,12,1012500,1015000
0,12,1015000,1017500
0,12,1017500,1020000
0,12,1020000,1022500
0,12,1022500,1025000
0,12,1025000,1027500
0,12,1027500,1030000
0,12,1030000,1032500
0,12,1032500,1035000
0,12,1035000,1037500
0,12,1037500,1040000
0,12,1040000,1042500
0,12,1042500,1045000
0,12,1045000,1047500
0,12,1055000,1057500
0,12,1057500,1060000
0,12,1060000,1062500
0,12,1062500,1065000
0,12,1070000,1072500
0,12,1075000,1077500
0,12,1080000,1082500
0,12,1082500,1085000
0,12,1087500,1090000
0,12,1090000,1092500
0,12,1095000,1097500
0,12,1115000,1117500
0,12,1120000,1122500
0,12,1130000,1132500
0,12,1132500,1135000
0,12,1135000,1137500
0,12,1137500,1140000
1,12,2500,5000
1,12,5000,7500
1,12,7500,10000
1,12,10000,12500
1,12,15000,17500
1,12,17500,20000
1,12,20000,22500
1,12,32500,35000
1,12,35000,37500
1,12,37500,40000
1,12,42500,45000
1,12,45000,47500
1,12,47500,50000
1,12,52500,55000
1,12,60000,62500
1,12,62500,65000
1,12,67500,70000
1,12,70000,72500
1,12,75000,77500
1,12,77500,80000
1,12,80000,82500
1,12,85000,87500
1,12,87500,90000
1,12,90000,92500
1,12,95000,97500
1,12,97500,100000
1,12,100000,102500
1,12,102500,105000
1,12,105000,107500
1,12,107500,110000
1,12,110000,112500
1,12,112500,115000
1,12,117500,120000
1,12,132500,135000
1,12,135000,137500
1,12,137500,140000
1,12,142500,145000
1,12,145000,147500
1,12,147500,150000
1,12,152500,155000
1,12,155000,157500
1,12,157500,160000
1,12,160000,162500
1,12,167500,170000
1,12,180000,182500
1,12,182500,185000
1,12,185000,187500
1,12,187500,190000
1,12,195000,197500
1,12,200000,202500
1,12,202500,205000
1,12,205000,207500
1,12,207500,210000
1,12,212500,215000
1,12,215000,217500
1,12,217500,220000
1,12,220000,222500
1,12,222500,225000
1,12,227500,230000
1,12,230000,232500
1,12,232500,235000
1,12,235000,237500
1,12,245000,247500
1,12,247500,250000
1,12,250000,252500
1,12,262500,265000
1,12,265000,267500
1,12,267500,270000
1,12,270000,272500
1,12,272500,275000
1,12,275000,277500
1,12,277500,280000
1,12,282500,285000
1,12,285000,287500
1,12,287500,290000
1,12,290000,292500
1,12,292500,295000
1,12,295000,297500
1,12,297500,300000
1,12,337500,340000
1,12,340000,342500
1,12,350000,352500
1,12,352500,355000
1,12,355000,357500
1,12,357500,360000
1,12,360000,362500
1,12,362500,365000
1,12,365000,367500
1,12,372500,375000
1,12,375000,377500
1,12,377500,380000
1,12,380000,382500
1,12,382500,385000
1,12,385000,387500
1,12,387500,390000
1,12,390000,392500
1,12,392500,395000
1,12,395000,397500
1,12,402500,405000
1,12,412500,415000
1,12,415000,417500
1,12,425000,427500
1,12,427500,430000
1,12,430000,432500
1,12,432500,435000
1,12,435000,437500
1,12,437500,440000
1,12,440000,442500
1,12,442500,445000
1,12,450000,452500
1,12,452500,455000
1,12,455000,457500
1,12,457500,460000
1,12,477500,480000
1,12,480000,482500
1,12,482500,485000
1,12,485000,487500
1,12,505000,507500
1,12,525000,527500
1,12,527500,530000
1,12,530000,532500
1,12,532500,535000
1,12,537500,540000
1,12,542500,545000
1,12,545000,547500
1,12,547500,550000
1,12,550000,552500
1,12,557500,560000
1,12,560000,562500
1,12,562500,565000
1,12,572500,575000
1,12,575000,577500
1,12,577500,580000
1,12,580000,582500
1,12,597500,600000
1,12,600000,602500
1,12,607500,610000
1,12,615000,617500
1,12,617500,620000
1,12,622500,625000
1,12,625000,627500
1,12,627500,630000
1,12,632500,635000
1,12,642500,645000
1,12,645000,647500
1,12,647500,650000
1,12,652500,655000
1,12,660000,662500
1,12,665000,667500
1,12,667500,670000
1,12,670000,672500
1,12,672500,675000
1,12,675000,677500
1,12,680000,682500
1,12,685000,687500
1,12,687500,690000
1,12,695000,697500
1,12,697500,700000
1,12,705000,707500
1,12,707500,710000
1,12,712500,715000
1,12,715000,717500
1,12,717500,720000
1,12,720000,722500
1,12,722500,725000
1,12,737500,740000
1,12,740000,742500
1,12,745000,747500
1,12,747500,750000
1,12,750000,752500
1,12,752500,755000
1,12,755000,757500
1,12,757500,760000
1,12,760000,762500
1,12,765000,767500
1,12,767500,770000
1,12,770000,772500
1,12,772500,775000
1,12,775000,777500
1,12,787500,790000
1,12,790000,792500
1,12,800000,802500
1,12,805000,807500
1,12,807500,810000
1,12,815000,817500
1,12,817500,820000
1,12,820000,822500
1,12,822500,825000
1,12,825000,827500
1,12,835000,837500
1,12,837500,840000
1,12,840000,842500
1,12,842500,845000
1,12,845000,847500
1,12,847500,850000
1,12,850000,852500
1,12,852500,855000
1,12,855000,857500
1,12,857500,860000
1,12,860000,862500
1,12,862500,865000
1,12,865000,867500
1,12,867500,870000
1,12,870000,872500
1,12,872500,875000
1,12,875000,877500
1,12,877500,880000
1,12,880000,882500
1,12,882500,885000
1,12,885000,887500
1,12,887500,890000
1,12,890000,892500
1,12,895000,897500
1,12,897500,900000
1,12,900000,902500
1,12,902500,905000
1,12,905000,907500
1,12,907500,910000
1,12,910000,912500
1,12,912500,915000
1,12,915000,917500
1,12,917500,920000
1,12,920000,922500
1,12,922500,925000
1,12,925000,927500
1,12,927500,930000
1,12,932500,935000
1,12,937500,940000
1,12,942500,945000
1,12,947500,950000
1,12,952500,955000
1,12,960000,962500
1,12,970000,972500
1,12,972500,975000
1,12,975000,977500
1,12,977500,980000
1,12,980000,982500
1,12,987500,990000
1,12,990000,992500
1,12,992500,995000
1,12,1000000,1002500
1,12,1005000,1007500
1,12,1007500,1010000
1,12,1010000,1012500
1,12,1012500,1015000
1,12,1015000,1017500
1,12,1017500,1020000
1,12,1020000,1022500
1,12,1022500,1025000
1,12,1025000,1027500
1,12,1027500,1030000
1,12,1030000,1032500
1,12,1032500,1035000
1,12,1035000,1037500
1,12,1037500,1040000
1,12,1040000,1042500
1,12,1042500,1045000
1,12,1045000,1047500
1,12,1047500,1050000
1,12,1057500,1060000
1,12,1060000,1062500
1,12,1062500,1065000
1,12,1065000,1067500
1,12,1072500,1075000
1,12,1077500,1080000
1,12,1082500,1085000
1,12,1085000,1087500
1,12,1090000,1092500
1,12,1092500,1095000
1,12,1097500,1100000
1,12,1117500,1120000
1,12,1122500,1125000
1,12,1132500,1135000
1,12,1135000,1137500
1,12,1137500,1140000
2,12,150000,152500
3,12,147500,150000
3,12,297500,300000
4,12,180000,182500
4,12,182500,185000
4,12,997500,1000000
5,12,180000,182500
0,13,12500,15000
0,13,15000,17500
0,13,25000,27500
0,13,45000,47500
0,13,62500,65000
0,13,65000,67500
0,13,70000,72500
0,13,72500,75000
0,13,77500,80000
0,13,82500,85000
0,13,85000,87500
0,13,92500,95000
0,13,95000,97500
0,13,102500,105000
0,13,105000,107500
0,13,107500,110000
0,13,115000,117500
0,13,117500,120000
0,13,120000,122500
0,13,122500,125000
0,13,127500,130000
0,13,135000,137500
0,13,137500,140000
0,13,140000,142500
0,13,142500,145000
0,13,147500,150000
0,13,152500,155000
0,13,155000,157500
0,13,157500,160000
0,13,190000,192500
0,13,200000,202500
0,13,202500,205000
0,13,205000,207500
0,13,227500,230000
0,13,230000,232500
0,13,232500,235000
0,13,245000,247500
0,13,250000,252500
0,13,252500,255000
0,13,262500,265000
0,13,265000,267500
0,13,270000,272500
0,13,272500,275000
0,13,275000,277500
0,13,292500,295000
0,13,295000,297500
0,13,327500,330000
0,13,330000,332500
0,13,332500,335000
0,13,335000,337500
0,13,337500,340000
0,13,340000,342500
0,13,350000,352500
0,13,365000,367500
0,13,382500,385000
0,13,385000,387500
0,13,387500,390000
0,13,412500,415000
0,13,415000,417500
0,13,420000,422500
0,13,422500,425000
0,13,442500,445000
0,13,445000,447500
0,13,447500,450000
0,13,450000,452500
0,13,455000,457500
0,13,482500,485000
0,13,487500,490000
0,13,490000,492500
0,13,500000,502500
0,13,502500,505000
0,13,507500,510000
0,13,520000,522500
0,13,522500,525000
0,13,537500,540000
0,13,542500,545000
0,13,552500,555000
0,13,555000,557500
0,13,562500,565000
0,13,565000,567500
0,13,567500,570000
0,13,570000,572500
0,13,580000,582500
0,13,590000,592500
0,13,592500,595000
0,13,602500,605000
0,13,605000,607500
0,13,607500,610000
0,13,610000,612500
0,13,622500,625000
0,13,625000,627500
0,13,630000,632500
0,13,632500,635000
0,13,635000,637500
0,13,645000,647500
0,13,650000,652500
0,13,655000,657500
0,13,657500,660000
0,13,685000,687500
0,13,687500,690000
0,13,725000,727500
0,13,727500,730000
0,13,735000,737500
0,13,740000,742500
0,13,770000,772500
0,13,802500,805000
0,13,855000,857500
0,13,857500,860000
0,13,870000,872500
0,13,880000,882500
0,13,890000,892500
0,13,892500,895000
0,13,907500,910000
0,13,940000,942500
0,13,945000,947500
0,13,975000,977500
0,13,977500,980000
0,13,980000,982500
0,13,982500,985000
0,13,985000,987500
0,13,987500,990000
0,13,990000,992500
0,13,992500,995000
0,13,995000,997500
0,13,1015000,1017500
0,13,1017500,1020000
0,13,1022500,1025000
0,13,1025000,1027500
0,13,1027500,1030000
0,13,1030000,1032500
0,13,1040000,1042500
0,13,1042500,1045000
0,13,1047500,1050000
0,13,1052500,1055000
0,13,1057500,1060000
0,13,1070000,1072500
0,13,1075000,1077500
0,13,1077500,1080000
0,13,1095000,1097500
0,13,1097500,1100000
0,13,1100000,1102500
0,13,1115000,1117500
0,13,1117500,1120000
0,13,1120000,1122500
0,13,1122500,1125000
0,13,1127500,1130000
0,13,1130000,1132500
1,13,7500,10000
1,13,10000,12500
1,13,15000,17500
1,13,17500,20000
1,13,35000,37500
1,13,47500,50000
1,13,67500,70000
1,13,70000,72500
1,13,72500,75000
1,13,75000,77500
1,13,80000,82500
1,13,85000,87500
1,13,87500,90000
1,13,95000,97500
1,13,97500,100000
1,13,105000,107500
1,13,107500,110000
1,13,110000,112500
1,13,117500,120000
1,13,120000,122500
1,13,125000,127500
1,13,132500,135000
1,13,135000,137500
1,13,137500,140000
1,13,140000,142500
1,13,145000,147500
1,13,150000,152500
1,13,152500,155000
1,13,155000,157500
1,13,157500,160000
1,13,160000,162500
1,13,200000,202500
1,13,202500,205000
1,13,205000,207500
1,13,222500,225000
1,13,230000,232500
1,13,232500,235000
1,13,235000,237500
1,13,247500,250000
1,13,250000,252500
1,13,255000,257500
1,13,262500,265000
1,13,267500,270000
1,13,270000,272500
1,13,272500,275000
1,13,275000,277500
1,13,277500,280000
1,13,290000,292500
1,13,292500,295000
1,13,330000,332500
1,13,332500,335000
1,13,335000,337500
1,13,337500,340000
1,13,340000,342500
1,13,342500,345000
1,13,362500,365000
1,13,367500,370000
1,13,370000,372500
1,13,380000,382500
1,13,382500,385000
1,13,385000,387500
1,13,395000,397500
1,13,397500,400000
1,13,415000,417500
1,13,417500,420000
1,13,430000,432500
1,13,445000,447500
1,13,447500,450000
1,13,452500,455000
1,13,470000,472500
1,13,480000,482500
1,13,485000,487500
1,13,487500,490000
1,13,490000,492500
1,13,492500,495000
1,13,505000,507500
1,13,507500,510000
1,13,517500,520000
1,13,522500,525000
1,13,525000,527500
1,13,535000,537500
1,13,537500,540000
1,13,540000,542500
1,13,552500,555000
1,13,555000,557500
1,13,562500,565000
1,13,565000,567500
1,13,567500,570000
1,13,570000,572500
1,13,577500,580000
1,13,587500,590000
1,13,590000,592500
1,13,605000,607500
1,13,607500,610000
1,13,615000,617500
1,13,622500,625000
1,13,625000,627500
1,13,627500,630000
1,13,632500,635000
1,13,640000,642500
1,13,642500,645000
1,13,647500,650000
1,13,652500,655000
1,13,655000,657500
1,13,657500,660000
1,13,660000,662500
1,13,685000,687500
1,13,687500,690000
1,13,700000,702500
1,13,722500,725000
1,13,725000,727500
1,13,727500,730000
1,13,737500,740000
1,13,742500,745000
1,13,805000,807500
1,13,857500,860000
1,13,860000,862500
1,13,890000,892500
1,13,892500,895000
1,13,910000,912500
1,13,920000,922500
1,13,932500,935000
1,13,942500,945000
1,13,945000,947500
1,13,947500,950000
1,13,977500,980000
1,13,980000,982500
1,13,982500,985000
1,13,985000,987500
1,13,987500,990000
1,13,990000,992500
1,13,992500,995000
1,13,1020000,1022500
1,13,1022500,1025000
1,13,1025000,1027500
1,13,1027500,1030000
1,13,1037500,1040000
1,13,1040000,1042500
1,13,1045000,1047500
1,13,1050000,1052500
1,13,1055000,1057500
1,13,1072500,1075000
1,13,1075000,1077500
1,13,1077500,1080000
1,13,1080000,1082500
1,13,1097500,1100000
1,13,1107500,1110000
1,13,1117500,1120000
1,13,1120000,1122500
1,13,1125000,1127500
1,13,1127500,1130000
1,13,1137500,1140000
2,13,2500,5000
2,13,5000,7500
2,13,130000,132500
2,13,150000,152500
2,13,285000,287500
2,13,577500,580000
2,13,1030000,1032500
2,13,1032500,1035000
2,13,1035000,1037500
2,13,1037500,1040000
2,13,1075000,1077500
3,13,0,2500
3,13,127500,130000
3,13,147500,150000
3,13,525000,527500
3,13,1027500,1030000
3,13,1030000,1032500
3,13,1032500,1035000
3,13,1035000,1037500
3,13,1072500,1075000
4,13,2500,5000
4,13,12500,15000
4,13,65000,67500
4,13,107500,110000
4,13,130000,132500
4,13,132500,135000
4,13,147500,150000
4,13,150000,152500
4,13,220000,222500
4,13,265000,267500
4,13,285000,287500
4,13,327500,330000
4,13,352500,355000
4,13,357500,360000
4,13,365000,367500
4,13,377500,380000
4,13,380000,382500
4,13,412500,415000
4,13,415000,417500
4,13,422500,425000
4,13,442500,445000
4,13,450000,452500
4,13,452500,455000
4,13,480000,482500
4,13,487500,490000
4,13,490000,492500
4,13,500000,502500
4,13,502500,505000
4,13,505000,507500
4,13,537500,540000
4,13,560000,562500
4,13,562500,565000
4,13,575000,577500
4,13,577500,580000
4,13,602500,605000
4,13,622500,625000
4,13,630000,632500
4,13,650000,652500
4,13,652500,655000
4,13,870000,872500
4,13,907500,910000
4,13,940000,942500
4,13,975000,977500
4,13,1020000,1022500
4,13,1030000,1032500
4,13,1032500,1035000
4,13,1035000,1037500
4,13,1055000,1057500
4,13,1057500,1060000
4,13,1072500,1075000
4,13,1120000,1122500
4,13,1122500,1125000
5,13,0,2500
5,13,10000,12500
5,13,47500,50000
5,13,105000,107500
5,13,127500,130000
5,13,130000,132500
5,13,145000,147500
5,13,147500,150000
5,13,205000,207500
5,13,252500,255000
5,13,262500,265000
5,13,297500,300000
5,13,355000,357500
5,13,362500,365000
5,13,370000,372500
5,13,427500,430000
5,13,430000,432500
5,13,447500,450000
5,13,450000,452500
5,13,470000,472500
5,13,477500,480000
5,13,485000,487500
5,13,487500,490000
5,13,492500,495000
5,13,502500,505000
5,13,515000,517500
5,13,525000,527500
5,13,535000,537500
5,13,545000,547500
5,13,555000,557500
5,13,557500,560000
5,13,570000,572500
5,13,572500,575000
5,13,627500,630000
5,13,640000,642500
5,13,647500,650000
5,13,650000,652500
5,13,670000,672500
5,13,727500,730000
5,13,772500,775000
5,13,805000,807500
5,13,910000,912500
5,13,932500,935000
5,13,995000,997500
5,13,1017500,1020000
5,13,1027500,1030000
5,13,1030000,1032500
5,13,1032500,1035000
5,13,1052500,1055000
5,13,1055000,1057500
5,13,1057500,1060000
5,13,1107500,1110000
5,13,1117500,1120000
5,13,1120000,1122500
0,14,5000,7500
0,14,7500,10000
0,14,10000,12500
0,14,12500,15000
0,14,15000,17500
0,14,17500,20000
0,14,20000,22500
0,14,22500,25000
0,14,25000,27500
0,14,32500,35000
0,14,35000,37500
0,14,37500,40000
0,14,40000,42500
0,14,42500,45000
0,14,45000,47500
0,14,47500,50000
0,14,52500,55000
0,14,60000,62500
0,14,62500,65000
0,14,65000,67500
0,14,67500,70000
0,14,82500,85000
0,14,85000,87500
0,14,97500,100000
0,14,100000,102500
0,14,102500,105000
0,14,105000,107500
0,14,107500,110000
0,14,110000,112500
0,14,112500,115000
0,14,115000,117500
0,14,117500,120000
0,14,120000,122500
0,14,122500,125000
0,14,125000,127500
0,14,127500,130000
0,14,137500,140000
0,14,140000,142500
0,14,147500,150000
0,14,150000,152500
0,14,152500,155000
0,14,157500,160000
0,14,160000,162500
0,14,165000,167500
0,14,175000,177500
0,14,177500,180000
0,14,190000,192500
0,14,192500,195000
0,14,197500,200000
0,14,200000,202500
0,14,202500,205000
0,14,205000,207500
0,14,215000,217500
0,14,222500,225000
0,14,225000,227500
0,14,227500,230000
0,14,242500,245000
0,14,262500,265000
0,14,277500,280000
0,14,280000,282500
0,14,282500,285000
0,14,292500,295000
0,14,300000,302500
0,14,325000,327500
0,14,327500,330000
0,14,332500,335000
0,14,335000,337500
0,14,340000,342500
0,14,342500,345000
0,14,345000,347500
0,14,350000,352500
0,14,362500,365000
0,14,365000,367500
0,14,370000,372500
0,14,382500,385000
0,14,385000,387500
0,14,395000,397500
0,14,410000,412500
0,14,420000,422500
0,14,447500,450000
0,14,450000,452500
0,14,485000,487500
0,14,502500,505000
0,14,510000,512500
0,14,515000,517500
0,14,517500,520000
0,14,520000,522500
0,14,522500,525000
0,14,525000,527500
0,14,527500,530000
0,14,530000,532500
0,14,540000,542500
0,14,545000,547500
0,14,547500,550000
0,14,550000,552500
0,14,555000,557500
0,14,557500,560000
0,14,562500,565000
0,14,570000,572500
0,14,572500,575000
0,14,575000,577500
0,14,585000,587500
0,14,595000,597500
0,14,600000,602500
0,14,602500,605000
0,14,607500,610000
0,14,615000,617500
0,14,617500,620000
0,14,620000,622500
0,14,622500,625000
0,14,627500,630000
0,14,630000,632500
0,14,632500,635000
0,14,640000,642500
0,14,642500,645000
0,14,645000,647500
0,14,647500,650000
0,14,650000,652500
0,14,652500,655000
0,14,655000,657500
0,14,660000,662500
0,14,662500,665000
0,14,665000,667500
0,14,667500,670000
0,14,670000,672500
0,14,672500,675000
0,14,675000,677500
0,14,677500,680000
0,14,680000,682500
0,14,682500,685000
0,14,685000,687500
0,14,687500,690000
0,14,690000,692500
0,14,692500,695000
0,14,695000,697500
0,14,697500,700000
0,14,700000,702500
0,14,710000,712500
0,14,712500,715000
0,14,715000,717500
0,14,717500,720000
0,14,720000,722500
0,14,722500,725000
0,14,727500,730000
0,14,730000,732500
0,14,732500,735000
0,14,735000,737500
0,14,737500,740000
0,14,740000,742500
0,14,742500,745000
0,14,745000,747500
0,14,747500,750000
0,14,750000,752500
0,14,752500,755000
0,14,755000,757500
0,14,760000,762500
0,14,762500,765000
0,14,765000,767500
0,14,767500,770000
0,14,770000,772500
0,14,772500,775000
0,14,787500,790000
0,14,792500,795000
0,14,795000,797500
0,14,797500,800000
0,14,800000,802500
0,14,802500,805000
0,14,805000,807500
0,14,807500,810000
0,14,810000,812500
0,14,815000,817500
0,14,817500,820000
0,14,825000,827500
0,14,827500,830000
0,14,830000,832500
0,14,832500,835000
0,14,835000,837500
0,14,837500,840000
0,14,840000,842500
0,14,842500,845000
0,14,845000,847500
0,14,847500,850000
0,14,850000,852500
0,14,852500,855000
0,14,855000,857500
0,14,857500,860000
0,14,860000,862500
0,14,862500,865000
0,14,865000,867500
0,14,867500,870000
0,14,870000,872500
0,14,872500,875000
0,14,875000,877500
0,14,877500,880000
0,14,880000,882500
0,14,882500,885000
0,14,885000,887500
0,14,902500,905000
0,14,905000,907500
0,14,907500,910000
0,14,910000,912500
0,14,930000,932500
0,14,932500,935000
0,14,935000,937500
0,14,942500,945000
0,14,945000,947500
0,14,947500,950000
0,14,957500,960000
0,14,960000,962500
0,14,972500,975000
0,14,975000,977500
0,14,977500,980000
0,14,982500,985000
0,14,997500,1000000
0,14,1000000,1002500
0,14,1002500,1005000
0,14,1005000,1007500
0,14,1007500,1010000
0,14,1010000,1012500
0,14,1012500,1015000
0,14,1015000,1017500
0,14,1017500,1020000
0,14,1020000,1022500
0,14,1022500,1025000
0,14,1025000,1027500
0,14,1027500,1030000
0,14,1030000,1032500
0,14,1035000,1037500
0,14,1037500,1040000
0,14,1040000,1042500
0,14,1042500,1045000
0,14,1045000,1047500
0,14,1047500,1050000
0,14,1050000,1052500
0,14,1052500,1055000
0,14,1057500,1060000
0,14,1062500,1065000
0,14,1065000,1067500
0,14,1067500,1070000
0,14,1070000,1072500
0,14,1072500,1075000
0,14,1075000,1077500
0,14,1077500,1080000
0,14,1080000,1082500
0,14,1082500,1085000
0,14,1085000,1087500
0,14,1087500,1090000
0,14,1090000,1092500
0,14,1092500,1095000
0,14,1095000,1097500
0,14,1097500,1100000
0,14,1102500,1105000
0,14,1105000,1107500
0,14,1115000,1117500
0,14,1117500,1120000
0,14,1125000,1127500
0,14,1127500,1130000
0,14,1135000,1137500
0,14,1137500,1140000
1,14,2500,5000
1,14,5000,7500
1,14,7500,10000
1,14,10000,12500
1,14,12500,15000
1,14,15000,17500
1,14,17500,20000
1,14,20000,22500
1,14,22500,25000
1,14,25000,27500
1,14,27500,30000
1,14,35000,37500
1,14,37500,40000
1,14,40000,42500
1,14,42500,45000
1,14,45000,47500
1,14,50000,52500
1,14,52500,55000
1,14,55000,57500
1,14,62500,65000
1,14,65000,67500
1,14,70000,72500
1,14,82500,85000
1,14,85000,87500
1,14,87500,90000
1,14,100000,102500
1,14,102500,105000
1,14,105000,107500
1,14,107500,110000
1,14,110000,112500
1,14,112500,115000
1,14,115000,117500
1,14,117500,120000
1,14,120000,122500
1,14,122500,125000
1,14,125000,127500
1,14,135000,137500
1,14,137500,140000
1,14,145000,147500
1,14,147500,150000
1,14,150000,152500
1,14,155000,157500
1,14,157500,160000
1,14,160000,162500
1,14,162500,165000
1,14,167500,170000
1,14,180000,182500
1,14,182500,185000
1,14,195000,197500
1,14,197500,200000
1,14,200000,202500
1,14,202500,205000
1,14,212500,215000
1,14,215000,217500
1,14,222500,225000
1,14,225000,227500
1,14,227500,230000
1,14,230000,232500
1,14,245000,247500
1,14,265000,267500
1,14,280000,282500
1,14,282500,285000
1,14,285000,287500
1,14,295000,297500
1,14,302500,305000
1,14,327500,330000
1,14,330000,332500
1,14,337500,340000
1,14,340000,342500
1,14,342500,345000
1,14,345000,347500
1,14,347500,350000
1,14,352500,355000
1,14,365000,367500
1,14,367500,370000
1,14,380000,382500
1,14,382500,385000
1,14,385000,387500
1,14,387500,390000
1,14,397500,400000
1,14,412500,415000
1,14,422500,425000
1,14,455000,457500
1,14,457500,460000
1,14,482500,485000
1,14,487500,490000
1,14,505000,507500
1,14,507500,510000
1,14,512500,515000
1,14,517500,520000
1,14,520000,522500
1,14,522500,525000
1,14,525000,527500
1,14,527500,530000
1,14,530000,532500
1,14,532500,535000
1,14,542500,545000
1,14,547500,550000
1,14,550000,552500
1,14,552500,555000
1,14,557500,560000
1,14,560000,562500
1,14,565000,567500
1,14,572500,575000
1,14,575000,577500
1,14,577500,580000
1,14,587500,590000
1,14,597500,600000
1,14,602500,605000
1,14,605000,607500
1,14,610000,612500
1,14,617500,620000
1,14,620000,622500
1,14,622500,625000
1,14,625000,627500
1,14,630000,632500
1,14,632500,635000
1,14,635000,637500
1,14,642500,645000
1,14,645000,647500
1,14,647500,650000
1,14,650000,652500
1,14,652500,655000
1,14,655000,657500
1,14,657500,660000
1,14,662500,665000
1,14,665000,667500
1,14,667500,670000
1,14,670000,672500
1,14,672500,675000
1,14,675000,677500
1,14,677500,680000
1,14,680000,682500
1,14,682500,685000
1,14,685000,687500
1,14,687500,690000
1,14,690000,692500
1,14,692500,695000
1,14,695000,697500
1,14,697500,700000
1,14,700000,702500
1,14,702500,705000
1,14,712500,715000
1,14,715000,717500
1,14,717500,720000
1,14,720000,722500
1,14,722500,725000
1,14,725000,727500
1,14,730000,732500
1,14,732500,735000
1,14,735000,737500
1,14,737500,740000
1,14,740000,742500
1,14,742500,745000
1,14,745000,747500
1,14,747500,750000
1,14,750000,752500
1,14,752500,755000
1,14,755000,757500
1,14,757500,760000
1,14,762500,765000
1,14,765000,767500
1,14,767500,770000
1,14,770000,772500
1,14,772500,775000
1,14,775000,777500
1,14,790000,792500
1,14,795000,797500
1,14,797500,800000
1,14,800000,802500
1,14,802500,805000
1,14,805000,807500
1,14,807500,810000
1,14,812500,815000
1,14,815000,817500
1,14,817500,820000
1,14,825000,827500
1,14,827500,830000
1,14,830000,832500
1,14,832500,835000
1,14,835000,837500
1,14,837500,840000
1,14,840000,842500
1,14,842500,845000
1,14,845000,847500
1,14,847500,850000
1,14,850000,852500
1,14,852500,855000
1,14,855000,857500
1,14,857500,860000
1,14,860000,862500
1,14,862500,865000
1,14,865000,867500
1,14,867500,870000
1,14,870000,872500
1,14,872500,875000
1,14,875000,877500
1,14,877500,880000
1,14,880000,882500
1,14,882500,885000
1,14,885000,887500
1,14,897500,900000
1,14,900000,902500
1,14,905000,907500
1,14,907500,910000
1,14,910000,912500
1,14,912500,915000
1,14,932500,935000
1,14,940000,942500
1,14,942500,945000
1,14,945000,947500
1,14,947500,950000
1,14,950000,952500
1,14,960000,962500
1,14,962500,965000
1,14,970000,972500
1,14,972500,975000
1,14,975000,977500
1,14,980000,982500
1,14,982500,985000
1,14,995000,997500
1,14,997500,1000000
1,14,1000000,1002500
1,14,1002500,1005000
1,14,1005000,1007500
1,14,1007500,1010000
1,14,1010000,1012500
1,14,1012500,1015000
1,14,1015000,1017500
1,14,1017500,1020000
1,14,1020000,1022500
1,14,1022500,1025000
1,14,1025000,1027500
1,14,1027500,1030000
1,14,1032500,1035000
1,14,1035000,1037500
1,14,1037500,1040000
1,14,1040000,1042500
1,14,1042500,1045000
1,14,1045000,1047500
1,14,1047500,1050000
1,14,1050000,1052500
1,14,1052500,1055000
1,14,1055000,1057500
1,14,1060000,1062500
1,14,1065000,1067500
1,14,1067500,1070000
1,14,1070000,1072500
1,14,1072500,1075000
1,14,1075000,1077500
1,14,1077500,1080000
1,14,1080000,1082500
1,14,1082500,1085000
1,14,1085000,1087500
1,14,1087500,1090000
1,14,1090000,1092500
1,14,1092500,1095000
1,14,1095000,1097500
1,14,1097500,1100000
1,14,1100000,1102500
1,14,1105000,1107500
1,14,1107500,1110000
1,14,1120000,1122500
1,14,1127500,1130000
1,14,1130000,1132500
1,14,1137500,1140000
2,14,2500,5000
2,14,132500,135000
2,14,215000,217500
2,14,372500,375000
2,14,505000,507500
2,14,527500,530000
2,14,547500,550000
2,14,655000,657500
2,14,660000,662500
2,14,662500,665000
2,14,677500,680000
2,14,745000,747500
2,14,867500,870000
2,14,870000,872500
2,14,1030000,1032500
2,14,1035000,1037500
2,14,1042500,1045000
2,14,1075000,1077500
2,14,1077500,1080000
3,14,0,2500
3,14,130000,132500
3,14,212500,215000
3,14,525000,527500
3,14,652500,655000
3,14,657500,660000
3,14,675000,677500
3,14,742500,745000
3,14,865000,867500
3,14,867500,870000
3,14,1027500,1030000
3,14,1032500,1035000
3,14,1040000,1042500
3,14,1072500,1075000
3,14,1075000,1077500
4,14,132500,135000
4,14,180000,182500
4,14,207500,210000
4,14,300000,302500
4,14,337500,340000
4,14,505000,507500
4,14,527500,530000
4,14,805000,807500
4,14,937500,940000
5,14,130000,132500
5,14,177500,180000
5,14,205000,207500
5,14,215000,217500
5,14,335000,337500
5,14,525000,527500
5,14,575000,577500
5,14,802500,805000
5,14,935000,937500
0,15,0,2500
0,15,2500,5000
0,15,5000,7500
0,15,7500,10000
0,15,15000,17500
0,15,20000,22500
0,15,22500,25000
0,15,25000,27500
0,15,27500,30000
0,15,30000,32500
0,15,32500,35000
0,15,35000,37500
0,15,40000,42500
0,15,42500,45000
0,15,45000,47500
0,15,47500,50000
0,15,50000,52500
0,15,52500,55000
0,15,57500,60000
0,15,60000,62500
0,15,62500,65000
0,15,65000,67500
0,15,75000,77500
0,15,77500,80000
0,15,80000,82500
0,15,82500,85000
0,15,85000,87500
0,15,87500,90000
0,15,92500,95000
0,15,95000,97500
0,15,97500,100000
0,15,102500,105000
0,15,120000,122500
0,15,132500,135000
0,15,137500,140000
0,15,150000,152500
0,15,152500,155000
0,15,155000,157500
0,15,157500,160000
0,15,162500,165000
0,15,165000,167500
0,15,167500,170000
0,15,170000,172500
0,15,175000,177500
0,15,177500,180000
0,15,180000,182500
0,15,182500,185000
0,15,192500,195000
0,15,197500,200000
0,15,200000,202500
0,15,202500,205000
0,15,205000,207500
0,15,207500,210000
0,15,210000,212500
0,15,212500,215000
0,15,215000,217500
0,15,217500,220000
0,15,220000,222500
0,15,222500,225000
0,15,225000,227500
0,15,227500,230000
0,15,230000,232500
0,15,232500,235000
0,15,235000,237500
0,15,237500,240000
0,15,240000,242500
0,15,260000,262500
0,15,262500,265000
0,15,265000,267500
0,15,277500,280000
0,15,282500,285000
0,15,285000,287500
0,15,287500,290000
0,15,290000,292500
0,15,292500,295000
0,15,295000,297500
0,15,337500,340000
0,15,340000,342500
0,15,347500,350000
0,15,350000,352500
0,15,352500,355000
0,15,357500,360000
0,15,360000,362500
0,15,372500,375000
0,15,375000,377500
0,15,377500,380000
0,15,380000,382500
0,15,400000,402500
0,15,410000,412500
0,15,417500,420000
0,15,420000,422500
0,15,425000,427500
0,15,447500,450000
0,15,450000,452500
0,15,477500,480000
0,15,480000,482500
0,15,482500,485000
0,15,485000,487500
0,15,502500,505000
0,15,515000,517500
0,15,517500,520000
0,15,520000,522500
0,15,525000,527500
0,15,527500,530000
0,15,530000,532500
0,15,540000,542500
0,15,542500,545000
0,15,552500,555000
0,15,555000,557500
0,15,557500,560000
0,15,570000,572500
0,15,572500,575000
0,15,575000,577500
0,15,620000,622500
0,15,625000,627500
0,15,640000,642500
0,15,642500,645000
0,15,650000,652500
0,15,672500,675000
0,15,675000,677500
0,15,677500,680000
0,15,682500,685000
0,15,685000,687500
0,15,687500,690000
0,15,697500,700000
0,15,700000,702500
0,15,702500,705000
0,15,705000,707500
0,15,707500,710000
0,15,715000,717500
0,15,717500,720000
0,15,735000,737500
0,15,737500,740000
0,15,750000,752500
0,15,752500,755000
0,15,755000,757500
0,15,757500,760000
0,15,760000,762500
0,15,762500,765000
0,15,765000,767500
0,15,767500,770000
0,15,770000,772500
0,15,775000,777500
0,15,777500,780000
0,15,780000,782500
0,15,785000,787500
0,15,787500,790000
0,15,790000,792500
0,15,792500,795000
0,15,795000,797500
0,15,797500,800000
0,15,800000,802500
0,15,802500,805000
0,15,805000,807500
0,15,810000,812500
0,15,812500,815000
0,15,815000,817500
0,15,817500,820000
0,15,825000,827500
0,15,827500,830000
0,15,830000,832500
0,15,832500,835000
0,15,835000,837500
0,15,837500,840000
0,15,840000,842500
0,15,842500,845000
0,15,845000,847500
0,15,847500,850000
0,15,850000,852500
0,15,852500,855000
0,15,855000,857500
0,15,857500,860000
0,15,860000,862500
0,15,862500,865000
0,15,865000,867500
0,15,867500,870000
0,15,872500,875000
0,15,875000,877500
0,15,877500,880000
0,15,880000,882500
0,15,882500,885000
0,15,885000,887500
0,15,887500,890000
0,15,890000,892500
0,15,892500,895000
0,15,897500,900000
0,15,900000,902500
0,15,902500,905000
0,15,905000,907500
0,15,907500,910000
0,15,910000,912500
0,15,912500,915000
0,15,925000,927500
0,15,930000,932500
0,15,935000,937500
0,15,937500,940000
0,15,940000,942500
0,15,945000,947500
0,15,950000,952500
0,15,962500,965000
0,15,967500,970000
0,15,970000,972500
0,15,972500,975000
0,15,975000,977500
0,15,985000,987500
0,15,987500,990000
0,15,995000,997500
0,15,1000000,1002500
0,15,1002500,1005000
0,15,1005000,1007500
0,15,1007500,1010000
0,15,1010000,1012500
0,15,1012500,1015000
0,15,1015000,1017500
0,15,1017500,1020000
0,15,1020000,1022500
0,15,1022500,1025000
0,15,1025000,1027500
0,15,1027500,1030000
0,15,1030000,1032500
0,15,1032500,1035000
0,15,1035000,1037500
0,15,1037500,1040000
0,15,1040000,1042500
0,15,1045000,1047500
0,15,1047500,1050000
0,15,1057500,1060000
0,15,1070000,1072500
0,15,1072500,1075000
0,15,1075000,1077500
0,15,1107500,1110000
0,15,1115000,1117500
0,15,1117500,1120000
0,15,1130000,1132500
0,15,1132500,1135000
0,15,1135000,1137500
1,15,0,2500
1,15,2500,5000
1,15,5000,7500
1,15,7500,10000
1,15,10000,12500
1,15,17500,20000
1,15,22500,25000
1,15,25000,27500
1,15,27500,30000
1,15,30000,32500
1,15,32500,35000
1,15,35000,37500
1,15,37500,40000
1,15,42500,45000
1,15,45000,47500
1,15,47500,50000
1,15,50000,52500
1,15,52500,55000
1,15,55000,57500
1,15,60000,62500
1,15,62500,65000
1,15,65000,67500
1,15,67500,70000
1,15,77500,80000
1,15,80000,82500
1,15,82500,85000
1,15,85000,87500
1,15,87500,90000
1,15,90000,92500
1,15,95000,97500
1,15,97500,100000
1,15,100000,102500
1,15,105000,107500
1,15,122500,125000
1,15,135000,137500
1,15,140000,142500
1,15,152500,155000
1,15,155000,157500
1,15,157500,160000
1,15,160000,162500
1,15,165000,167500
1,15,167500,170000
1,15,170000,172500
1,15,172500,175000
1,15,177500,180000
1,15,180000,182500
1,15,182500,185000
1,15,185000,187500
1,15,195000,197500
1,15,200000,202500
1,15,202500,205000
1,15,205000,207500
1,15,207500,210000
1,15,210000,212500
1,15,212500,215000
1,15,215000,217500
1,15,217500,220000
1,15,220000,222500
1,15,222500,225000
1,15,225000,227500
1,15,227500,230000
1,15,230000,232500
1,15,232500,235000
1,15,235000,237500
1,15,237500,240000
1,15,240000,242500
1,15,242500,245000
1,15,262500,265000
1,15,265000,267500
1,15,267500,270000
1,15,280000,282500
1,15,285000,287500
1,15,287500,290000
1,15,290000,292500
1,15,292500,295000
1,15,295000,297500
1,15,297500,300000
1,15,340000,342500
1,15,342500,345000
1,15,350000,352500
1,15,352500,355000
1,15,355000,357500
1,15,360000,362500
1,15,362500,365000
1,15,375000,377500
1,15,377500,380000
1,15,380000,382500
1,15,382500,385000
1,15,402500,405000
1,15,412500,415000
1,15,420000,422500
1,15,422500,425000
1,15,427500,430000
1,15,450000,452500
1,15,452500,455000
1,15,480000,482500
1,15,482500,485000
1,15,485000,487500
1,15,487500,490000
1,15,505000,507500
1,15,517500,520000
1,15,520000,522500
1,15,522500,525000
1,15,527500,530000
1,15,530000,532500
1,15,532500,535000
1,15,542500,545000
1,15,545000,547500
1,15,555000,557500
1,15,557500,560000
1,15,560000,562500
1,15,572500,575000
1,15,575000,577500
1,15,577500,580000
1,15,622500,625000
1,15,627500,630000
1,15,642500,645000
1,15,645000,647500
1,15,652500,655000
1,15,675000,677500
1,15,677500,680000
1,15,680000,682500
1,15,685000,687500
1,15,687500,690000
1,15,690000,692500
1,15,700000,702500
1,15,702500,705000
1,15,705000,707500
1,15,712500,715000
1,15,715000,717500
1,15,717500,720000
1,15,720000,722500
1,15,737500,740000
1,15,740000,742500
1,15,752500,755000
1,15,755000,757500
1,15,757500,760000
1,15,760000,762500
1,15,762500,765000
1,15,765000,767500
1,15,767500,770000
1,15,770000,772500
1,15,772500,775000
1,15,777500,780000
1,15,780000,782500
1,15,782500,785000
1,15,787500,790000
1,15,790000,792500
1,15,792500,795000
1,15,795000,797500
1,15,797500,800000
1,15,800000,802500
1,15,802500,805000
1,15,805000,807500
1,15,807500,810000
1,15,812500,815000
1,15,815000,817500
1,15,817500,820000
1,15,820000,822500
1,15,827500,830000
1,15,830000,832500
1,15,832500,835000
1,15,835000,837500
1,15,837500,840000
1,15,840000,842500
1,15,842500,845000
1,15,845000,847500
1,15,847500,850000
1,15,850000,852500
1,15,852500,855000
1,15,855000,857500
1,15,857500,860000
1,15,860000,862500
1,15,862500,865000
1,15,865000,867500
1,15,867500,870000
1,15,870000,872500
1,15,875000,877500
1,15,877500,880000
1,15,880000,882500
1,15,882500,885000
1,15,885000,887500
1,15,887500,890000
1,15,890000,892500
1,15,895000,897500
1,15,897500,900000
1,15,900000,902500
1,15,902500,905000
1,15,905000,907500
1,15,907500,910000
1,15,910000,912500
1,15,912500,915000
1,15,915000,917500
1,15,927500,930000
1,15,932500,935000
1,15,937500,940000
1,15,940000,942500
1,15,942500,945000
1,15,947500,950000
1,15,952500,955000
1,15,965000,967500
1,15,970000,972500
1,15,972500,975000
1,15,975000,977500
1,15,977500,980000
1,15,987500,990000
1,15,990000,992500
1,15,997500,1000000
1,15,1002500,1005000
1,15,1005000,1007500
1,15,1007500,1010000
1,15,1010000,1012500
1,15,1012500,1015000
1,15,1015000,1017500
1,15,1017500,1020000
1,15,1020000,1022500
1,15,1022500,1025000
1,15,1025000,1027500
1,15,1027500,1030000
1,15,1030000,1032500
1,15,1032500,1035000
1,15,1035000,1037500
1,15,1037500,1040000
1,15,1040000,1042500
1,15,1042500,1045000
1,15,1047500,1050000
1,15,1050000,1052500
1,15,1060000,1062500
1,15,1072500,1075000
1,15,1075000,1077500
1,15,1077500,1080000
1,15,1110000,1112500
1,15,1117500,1120000
1,15,1120000,1122500
1,15,1132500,1135000
1,15,1135000,1137500
1,15,1137500,1140000
2,15,687500,690000
2,15,1030000,1032500
3,15,685000,687500
3,15,1027500,1030000
4,15,207500,210000
4,15,210000,212500
4,15,212500,215000
4,15,215000,217500
4,15,217500,220000
4,15,347500,350000
4,15,520000,522500
4,15,707500,710000
4,15,710000,712500
4,15,712500,715000
4,15,975000,977500
4,15,1035000,1037500
5,15,205000,207500
5,15,207500,210000
5,15,210000,212500
5,15,212500,215000
5,15,215000,217500
5,15,297500,300000
5,15,517500,520000
5,15,520000,522500
5,15,705000,707500
5,15,707500,710000
5,15,710000,712500
5,15,972500,975000
5,15,1032500,1035000
0,16,0,2500
0,16,10000,12500
0,16,12500,15000
0,16,17500,20000
0,16,20000,22500
0,16,22500,25000
0,16,25000,27500
0,16,27500,30000
0,16,30000,32500
0,16,32500,35000
0,16,35000,37500
0,16,37500,40000
0,16,40000,42500
0,16,42500,45000
0,16,45000,47500
0,16,50000,52500
0,16,52500,55000
0,16,55000,57500
0,16,60000,62500
0,16,62500,65000
0,16,65000,67500
0,16,70000,72500
0,16,72500,75000
0,16,75000,77500
0,16,77500,80000
0,16,80000,82500
0,16,82500,85000
0,16,85000,87500
0,16,87500,90000
0,16,90000,92500
0,16,92500,95000
0,16,95000,97500
0,16,97500,100000
0,16,100000,102500
0,16,102500,105000
0,16,105000,107500
0,16,107500,110000
0,16,110000,112500
0,16,112500,115000
0,16,115000,117500
0,16,117500,120000
0,16,120000,122500
0,16,122500,125000
0,16,127500,130000
0,16,135000,137500
0,16,137500,140000
0,16,140000,142500
0,16,142500,145000
0,16,145000,147500
0,16,152500,155000
0,16,155000,157500
0,16,157500,160000
0,16,160000,162500
0,16,162500,165000
0,16,165000,167500
0,16,167500,170000
0,16,170000,172500
0,16,172500,175000
0,16,175000,177500
0,16,177500,180000
0,16,187500,190000
0,16,190000,192500
0,16,192500,195000
0,16,195000,197500
0,16,197500,200000
0,16,200000,202500
0,16,202500,205000
0,16,205000,207500
0,16,222500,225000
0,16,225000,227500
0,16,227500,230000
0,16,230000,232500
0,16,232500,235000
0,16,247500,250000
0,16,250000,252500
0,16,252500,255000
0,16,260000,262500
0,16,262500,265000
0,16,265000,267500
0,16,285000,287500
0,16,287500,290000
0,16,290000,292500
0,16,292500,295000
0,16,295000,297500
0,16,297500,300000
0,16,302500,305000
0,16,305000,307500
0,16,312500,315000
0,16,315000,317500
0,16,317500,320000
0,16,320000,322500
0,16,322500,325000
0,16,325000,327500
0,16,327500,330000
0,16,330000,332500
0,16,332500,335000
0,16,335000,337500
0,16,337500,340000
0,16,340000,342500
0,16,342500,345000
0,16,345000,347500
0,16,350000,352500
0,16,352500,355000
0,16,355000,357500
0,16,360000,362500
0,16,362500,365000
0,16,365000,367500
0,16,367500,370000
0,16,372500,375000
0,16,380000,382500
0,16,392500,395000
0,16,395000,397500
0,16,397500,400000
0,16,400000,402500
0,16,402500,405000
0,16,405000,407500
0,16,407500,410000
0,16,410000,412500
0,16,412500,415000
0,16,415000,417500
0,16,417500,420000
0,16,422500,425000
0,16,427500,430000
0,16,430000,432500
0,16,432500,435000
0,16,437500,440000
0,16,440000,442500
0,16,442500,445000
0,16,450000,452500
0,16,465000,467500
0,16,467500,470000
0,16,470000,472500
0,16,475000,477500
0,16,477500,480000
0,16,482500,485000
0,16,485000,487500
0,16,487500,490000
0,16,490000,492500
0,16,492500,495000
0,16,495000,497500
0,16,497500,500000
0,16,500000,502500
0,16,502500,505000
0,16,505000,507500
0,16,507500,510000
0,16,510000,512500
0,16,512500,515000
0,16,515000,517500
0,16,520000,522500
0,16,522500,525000
0,16,530000,532500
0,16,532500,535000
0,16,535000,537500
0,16,542500,545000
0,16,545000,547500
0,16,550000,552500
0,16,555000,557500
0,16,560000,562500
0,16,562500,565000
0,16,565000,567500
0,16,575000,577500
0,16,577500,580000
0,16,582500,585000
0,16,590000,592500
0,16,592500,595000
0,16,595000,597500
0,16,597500,600000
0,16,600000,602500
0,16,602500,605000
0,16,605000,607500
0,16,607500,610000
0,16,610000,612500
0,16,612500,615000
0,16,615000,617500
0,16,622500,625000
0,16,625000,627500
0,16,630000,632500
0,16,632500,635000
0,16,635000,637500
0,16,645000,647500
0,16,647500,650000
0,16,650000,652500
0,16,655000,657500
0,16,657500,660000
0,16,660000,662500
0,16,667500,670000
0,16,682500,685000
0,16,695000,697500
0,16,697500,700000
0,16,700000,702500
0,16,725000,727500
0,16,727500,730000
0,16,732500,735000
0,16,752500,755000
0,16,755000,757500
0,16,760000,762500
0,16,762500,765000
0,16,765000,767500
0,16,767500,770000
0,16,770000,772500
0,16,772500,775000
0,16,775000,777500
0,16,777500,780000
0,16,782500,785000
0,16,790000,792500
0,16,792500,795000
0,16,800000,802500
0,16,802500,805000
0,16,805000,807500
0,16,807500,810000
0,16,812500,815000
0,16,815000,817500
0,16,817500,820000
0,16,822500,825000
0,16,837500,840000
0,16,840000,842500
0,16,842500,845000
0,16,845000,847500
0,16,850000,852500
0,16,852500,855000
0,16,855000,857500
0,16,857500,860000
0,16,860000,862500
0,16,862500,865000
0,16,867500,870000
0,16,870000,872500
0,16,872500,875000
0,16,875000,877500
0,16,877500,880000
0,16,880000,882500
0,16,882500,885000
0,16,885000,887500
0,16,887500,890000
0,16,890000,892500
0,16,892500,895000
0,16,900000,902500
0,16,902500,905000
0,16,905000,907500
0,16,907500,910000
0,16,910000,912500
0,16,912500,915000
0,16,917500,920000
0,16,920000,922500
0,16,922500,925000
0,16,925000,927500
0,16,927500,930000
0,16,930000,932500
0,16,932500,935000
0,16,937500,940000
0,16,940000,942500
0,16,942500,945000
0,16,945000,947500
0,16,947500,950000
0,16,950000,952500
0,16,952500,955000
0,16,955000,957500
0,16,957500,960000
0,16,960000,962500
0,16,962500,965000
0,16,965000,967500
0,16,970000,972500
0,16,972500,975000
0,16,975000,977500
0,16,982500,985000
0,16,985000,987500
0,16,990000,992500
0,16,992500,995000
0,16,1002500,1005000
0,16,1005000,1007500
0,16,1010000,1012500
0,16,1012500,1015000
0,16,1015000,1017500
0,16,1017500,1020000
0,16,1020000,1022500
0,16,1022500,1025000
0,16,1025000,1027500
0,16,1027500,1030000
0,16,1030000,1032500
0,16,1032500,1035000
0,16,1035000,1037500
0,16,1040000,1042500
0,16,1042500,1045000
0,16,1045000,1047500
0,16,1047500,1050000
0,16,1050000,1052500
0,16,1052500,1055000
0,16,1055000,1057500
0,16,1057500,1060000
0,16,1060000,1062500
0,16,1062500,1065000
0,16,1065000,1067500
0,16,1067500,1070000
0,16,1070000,1072500
0,16,1072500,1075000
0,16,1075000,1077500
0,16,1080000,1082500
0,16,1082500,1085000
0,16,1085000,1087500
0,16,1087500,1090000
0,16,1095000,1097500
0,16,1097500,1100000
0,16,1100000,1102500
0,16,1102500,1105000
0,16,1105000,1107500
0,16,1107500,1110000
0,16,1112500,1115000
0,16,1115000,1117500
0,16,1117500,1120000
0,16,1120000,1122500
0,16,1122500,1125000
0,16,1127500,1130000
0,16,1130000,1132500
0,16,1132500,1135000
0,16,1137500,1140000
1,16,7500,10000
1,16,10000,12500
1,16,15000,17500
1,16,17500,20000
1,16,20000,22500
1,16,22500,25000
1,16,25000,27500
1,16,27500,30000
1,16,30000,32500
1,16,32500,35000
1,16,35000,37500
1,16,37500,40000
1,16,40000,42500
1,16,42500,45000
1,16,45000,47500
1,16,47500,50000
1,16,52500,55000
1,16,55000,57500
1,16,57500,60000
1,16,62500,65000
1,16,67500,70000
1,16,70000,72500
1,16,72500,75000
1,16,75000,77500
1,16,77500,80000
1,16,80000,82500
1,16,82500,85000
1,16,85000,87500
1,16,87500,90000
1,16,90000,92500
1,16,92500,95000
1,16,95000,97500
1,16,97500,100000
1,16,100000,102500
1,16,102500,105000
1,16,105000,107500
1,16,107500,110000
1,16,110000,112500
1,16,112500,115000
1,16,115000,117500
1,16,117500,120000
1,16,120000,122500
1,16,125000,127500
1,16,132500,135000
1,16,135000,137500
1,16,137500,140000
1,16,140000,142500
1,16,142500,145000
1,16,145000,147500
1,16,152500,155000
1,16,155000,157500
1,16,157500,160000
1,16,160000,162500
1,16,162500,165000
1,16,165000,167500
1,16,167500,170000
1,16,170000,172500
1,16,172500,175000
1,16,175000,177500
1,16,177500,180000
1,16,180000,182500
1,16,190000,192500
1,16,192500,195000
1,16,195000,197500
1,16,197500,200000
1,16,200000,202500
1,16,202500,205000
1,16,205000,207500
1,16,220000,222500
1,16,222500,225000
1,16,225000,227500
1,16,227500,230000
1,16,230000,232500
1,16,232500,235000
1,16,235000,237500
1,16,245000,247500
1,16,247500,250000
1,16,250000,252500
1,16,252500,255000
1,16,255000,257500
1,16,262500,265000
1,16,275000,277500
1,16,282500,285000
1,16,285000,287500
1,16,287500,290000
1,16,290000,292500
1,16,292500,295000
1,16,295000,297500
1,16,297500,300000
1,16,300000,302500
1,16,305000,307500
1,16,307500,310000
1,16,315000,317500
1,16,317500,320000
1,16,320000,322500
1,16,322500,325000
1,16,325000,327500
1,16,327500,330000
1,16,330000,332500
1,16,332500,335000
1,16,335000,337500
1,16,337500,340000
1,16,340000,342500
1,16,342500,345000
1,16,345000,347500
1,16,347500,350000
1,16,352500,355000
1,16,357500,360000
1,16,360000,362500
1,16,362500,365000
1,16,365000,367500
1,16,367500,370000
1,16,370000,372500
1,16,377500,380000
1,16,390000,392500
1,16,392500,395000
1,16,395000,397500
1,16,397500,400000
1,16,400000,402500
1,16,402500,405000
1,16,405000,407500
1,16,407500,410000
1,16,410000,412500
1,16,412500,415000
1,16,415000,417500
1,16,420000,422500
1,16,425000,427500
1,16,427500,430000
1,16,430000,432500
1,16,435000,437500
1,16,437500,440000
1,16,440000,442500
1,16,447500,450000
1,16,462500,465000
1,16,467500,470000
1,16,470000,472500
1,16,472500,475000
1,16,480000,482500
1,16,482500,485000
1,16,485000,487500
1,16,487500,490000
1,16,490000,492500
1,16,492500,495000
1,16,495000,497500
1,16,497500,500000
1,16,500000,502500
1,16,502500,505000
1,16,505000,507500
1,16,507500,510000
1,16,510000,512500
1,16,512500,515000
1,16,515000,517500
1,16,517500,520000
1,16,522500,525000
1,16,530000,532500
1,16,532500,535000
1,16,537500,540000
1,16,540000,542500
1,16,545000,547500
1,16,547500,550000
1,16,552500,555000
1,16,555000,557500
1,16,557500,560000
1,16,562500,565000
1,16,570000,572500
1,16,572500,575000
1,16,580000,582500
1,16,587500,590000
1,16,590000,592500
1,16,592500,595000
1,16,595000,597500
1,16,597500,600000
1,16,600000,602500
1,16,602500,605000
1,16,605000,607500
1,16,607500,610000
1,16,610000,612500
1,16,612500,615000
1,16,615000,617500
1,16,622500,625000
1,16,625000,627500
1,16,627500,630000
1,16,632500,635000
1,16,640000,642500
1,16,642500,645000
1,16,647500,650000
1,16,652500,655000
1,16,655000,657500
1,16,657500,660000
1,16,695000,697500
1,16,697500,700000
1,16,700000,702500
1,16,722500,725000
1,16,725000,727500
1,16,727500,730000
1,16,730000,732500
1,16,742500,745000
1,16,755000,757500
1,16,757500,760000
1,16,762500,765000
1,16,765000,767500
1,16,767500,770000
1,16,770000,772500
1,16,772500,775000
1,16,775000,777500
1,16,780000,782500
1,16,785000,787500
1,16,787500,790000
1,16,792500,795000
1,16,795000,797500
1,16,802500,805000
1,16,805000,807500
1,16,807500,810000
1,16,810000,812500
1,16,815000,817500
1,16,817500,820000
1,16,820000,822500
1,16,825000,827500
1,16,840000,842500
1,16,842500,845000
1,16,845000,847500
1,16,847500,850000
1,16,852500,855000
1,16,855000,857500
1,16,857500,860000
1,16,860000,862500
1,16,862500,865000
1,16,865000,867500
1,16,870000,872500
1,16,872500,875000
1,16,875000,877500
1,16,877500,880000
1,16,880000,882500
1,16,882500,885000
1,16,885000,887500
1,16,887500,890000
1,16,890000,892500
1,16,902500,905000
1,16,905000,907500
1,16,907500,910000
1,16,910000,912500
1,16,915000,917500
1,16,917500,920000
1,16,920000,922500
1,16,922500,925000
1,16,925000,927500
1,16,927500,930000
1,16,930000,932500
1,16,932500,935000
1,16,935000,937500
1,16,940000,942500
1,16,942500,945000
1,16,945000,947500
1,16,947500,950000
1,16,950000,952500
1,16,952500,955000
1,16,955000,957500
1,16,957500,960000
1,16,960000,962500
1,16,962500,965000
1,16,967500,970000
1,16,970000,972500
1,16,972500,975000
1,16,980000,982500
1,16,982500,985000
1,16,987500,990000
1,16,990000,992500
1,16,995000,997500
1,16,997500,1000000
1,16,1007500,1010000
1,16,1012500,1015000
1,16,1015000,1017500
1,16,1017500,1020000
1,16,1020000,1022500
1,16,1022500,1025000
1,16,1025000,1027500
1,16,1027500,1030000
1,16,1030000,1032500
1,16,1032500,1035000
1,16,1037500,1040000
1,16,1040000,1042500
1,16,1042500,1045000
1,16,1045000,1047500
1,16,1047500,1050000
1,16,1050000,1052500
1,16,1052500,1055000
1,16,1055000,1057500
1,16,1057500,1060000
1,16,1060000,1062500
1,16,1062500,1065000
1,16,1065000,1067500
1,16,1067500,1070000
1,16,1070000,1072500
1,16,1072500,1075000
1,16,1077500,1080000
1,16,1080000,1082500
1,16,1082500,1085000
1,16,1085000,1087500
1,16,1087500,1090000
1,16,1090000,1092500
1,16,1097500,1100000
1,16,1100000,1102500
1,16,1102500,1105000
1,16,1105000,1107500
1,16,1107500,1110000
1,16,1110000,1112500
1,16,1115000,1117500
1,16,1117500,1120000
1,16,1120000,1122500
1,16,1125000,1127500
1,16,1127500,1130000
1,16,1130000,1132500
1,16,1135000,1137500
1,16,1137500,1140000
2,16,2500,5000
2,16,1030000,1032500
2,16,1032500,1035000
3,16,0,2500
3,16,670000,672500
3,16,1027500,1030000
3,16,1030000,1032500
4,16,65000,67500
4,16,150000,152500
4,16,195000,197500
4,16,265000,267500
4,16,267500,270000
4,16,302500,305000
4,16,372500,375000
4,16,375000,377500
4,16,377500,380000
4,16,395000,397500
4,16,397500,400000
4,16,427500,430000
4,16,430000,432500
4,16,465000,467500
4,16,467500,470000
4,16,475000,477500
4,16,477500,480000
4,16,480000,482500
4,16,505000,507500
4,16,527500,530000
4,16,542500,545000
4,16,560000,562500
4,16,562500,565000
4,16,575000,577500
4,16,622500,625000
4,16,625000,627500
4,16,630000,632500
4,16,645000,647500
4,16,647500,650000
4,16,652500,655000
4,16,695000,697500
4,16,775000,777500
4,16,805000,807500
4,16,812500,815000
4,16,815000,817500
4,16,850000,852500
4,16,867500,870000
4,16,900000,902500
4,16,975000,977500
4,16,1020000,1022500
4,16,1030000,1032500
4,16,1037500,1040000
4,16,1060000,1062500
5,16,62500,65000
5,16,147500,150000
5,16,177500,180000
5,16,192500,195000
5,16,205000,207500
5,16,252500,255000
5,16,255000,257500
5,16,262500,265000
5,16,265000,267500
5,16,300000,302500
5,16,370000,372500
5,16,375000,377500
5,16,392500,395000
5,16,395000,397500
5,16,425000,427500
5,16,427500,430000
5,16,462500,465000
5,16,470000,472500
5,16,472500,475000
5,16,477500,480000
5,16,502500,505000
5,16,515000,517500
5,16,525000,527500
5,16,540000,542500
5,16,545000,547500
5,16,555000,557500
5,16,557500,560000
5,16,570000,572500
5,16,572500,575000
5,16,622500,625000
5,16,627500,630000
5,16,640000,642500
5,16,642500,645000
5,16,650000,652500
5,16,772500,775000
5,16,792500,795000
5,16,802500,805000
5,16,810000,812500
5,16,817500,820000
5,16,825000,827500
5,16,845000,847500
5,16,847500,850000
5,16,865000,867500
5,16,972500,975000
5,16,995000,997500
5,16,1017500,1020000
5,16,1027500,1030000
5,16,1035000,1037500
5,16,1057500,1060000
5,16,1107500,1110000
0,17,2500,5000
0,17,5000,7500
0,17,7500,10000
0,17,10000,12500
0,17,12500,15000
0,17,15000,17500
0,17,17500,20000
0,17,20000,22500
0,17,22500,25000
0,17,25000,27500
0,17,27500,30000
0,17,30000,32500
0,17,32500,35000
0,17,35000,37500
0,17,37500,40000
0,17,45000,47500
0,17,47500,50000
0,17,50000,52500
0,17,52500,55000
0,17,55000,57500
0,17,57500,60000
0,17,60000,62500
0,17,62500,65000
0,17,65000,67500
0,17,67500,70000
0,17,70000,72500
0,17,72500,75000
0,17,75000,77500
0,17,80000,82500
0,17,82500,85000
0,17,85000,87500
0,17,87500,90000
0,17,90000,92500
0,17,95000,97500
0,17,97500,100000
0,17,100000,102500
0,17,102500,105000
0,17,105000,107500
0,17,107500,110000
0,17,115000,117500
0,17,117500,120000
0,17,120000,122500
0,17,122500,125000
0,17,125000,127500
0,17,127500,130000
0,17,130000,132500
0,17,132500,135000
0,17,135000,137500
0,17,137500,140000
0,17,140000,142500
0,17,142500,145000
0,17,145000,147500
0,17,147500,150000
0,17,150000,152500
0,17,152500,155000
0,17,155000,157500
0,17,157500,160000
0,17,160000,162500
0,17,162500,165000
0,17,165000,167500
0,17,167500,170000
0,17,170000,172500
0,17,172500,175000
0,17,175000,177500
0,17,177500,180000
0,17,180000,182500
0,17,182500,185000
0,17,192500,195000
0,17,195000,197500
0,17,197500,200000
0,17,200000,202500
0,17,202500,205000
0,17,205000,207500
0,17,207500,210000
0,17,212500,215000
0,17,215000,217500
0,17,217500,220000
0,17,220000,222500
0,17,222500,225000
0,17,225000,227500
0,17,227500,230000
0,17,230000,232500
0,17,232500,235000
0,17,235000,237500
0,17,245000,247500
0,17,250000,252500
0,17,252500,255000
0,17,255000,257500
0,17,257500,260000
0,17,262500,265000
0,17,265000,267500
0,17,267500,270000
0,17,270000,272500
0,17,272500,275000
0,17,275000,277500
0,17,277500,280000
0,17,282500,285000
0,17,285000,287500
0,17,287500,290000
0,17,290000,292500
0,17,292500,295000
0,17,295000,297500
0,17,297500,300000
0,17,300000,302500
0,17,302500,305000
0,17,305000,307500
0,17,317500,320000
0,17,320000,322500
0,17,322500,325000
0,17,325000,327500
0,17,327500,330000
0,17,330000,332500
0,17,332500,335000
0,17,335000,337500
0,17,340000,342500
0,17,342500,345000
0,17,345000,347500
0,17,347500,350000
0,17,350000,352500
0,17,352500,355000
0,17,355000,357500
0,17,357500,360000
0,17,360000,362500
0,17,362500,365000
0,17,365000,367500
0,17,367500,370000
0,17,370000,372500
0,17,372500,375000
0,17,375000,377500
0,17,377500,380000
0,17,380000,382500
0,17,382500,385000
0,17,385000,387500
0,17,387500,390000
0,17,390000,392500
0,17,392500,395000
0,17,395000,397500
0,17,412500,415000
0,17,415000,417500
0,17,422500,425000
0,17,427500,430000
0,17,430000,432500
0,17,450000,452500
0,17,452500,455000
0,17,455000,457500
0,17,457500,460000
0,17,467500,470000
0,17,470000,472500
0,17,472500,475000
0,17,480000,482500
0,17,482500,485000
0,17,485000,487500
0,17,487500,490000
0,17,502500,505000
0,17,505000,507500
0,17,512500,515000
0,17,515000,517500
0,17,517500,520000
0,17,522500,525000
0,17,525000,527500
0,17,527500,530000
0,17,530000,532500
0,17,535000,537500
0,17,540000,542500
0,17,542500,545000
0,17,547500,550000
0,17,552500,555000
0,17,555000,557500
0,17,557500,560000
0,17,562500,565000
0,17,567500,570000
0,17,570000,572500
0,17,572500,575000
0,17,575000,577500
0,17,577500,580000
0,17,580000,582500
0,17,582500,585000
0,17,585000,587500
0,17,587500,590000
0,17,590000,592500
0,17,595000,597500
0,17,597500,600000
0,17,602500,605000
0,17,605000,607500
0,17,607500,610000
0,17,610000,612500
0,17,612500,615000
0,17,615000,617500
0,17,617500,620000
0,17,622500,625000
0,17,625000,627500
0,17,627500,630000
0,17,632500,635000
0,17,635000,637500
0,17,637500,640000
0,17,640000,642500
0,17,642500,645000
0,17,647500,650000
0,17,652500,655000
0,17,655000,657500
0,17,657500,660000
0,17,660000,662500
0,17,667500,670000
0,17,670000,672500
0,17,675000,677500
0,17,680000,682500
0,17,685000,687500
0,17,687500,690000
0,17,695000,697500
0,17,697500,700000
0,17,700000,702500
0,17,712500,715000
0,17,715000,717500
0,17,722500,725000
0,17,725000,727500
0,17,727500,730000
0,17,730000,732500
0,17,740000,742500
0,17,742500,745000
0,17,752500,755000
0,17,757500,760000
0,17,765000,767500
0,17,767500,770000
0,17,770000,772500
0,17,772500,775000
0,17,775000,777500
0,17,777500,780000
0,17,780000,782500
0,17,782500,785000
0,17,785000,787500
0,17,787500,790000
0,17,790000,792500
0,17,792500,795000
0,17,795000,797500
0,17,797500,800000
0,17,802500,805000
0,17,805000,807500
0,17,807500,810000
0,17,810000,812500
0,17,822500,825000
0,17,825000,827500
0,17,827500,830000
0,17,830000,832500
0,17,835000,837500
0,17,840000,842500
0,17,847500,850000
0,17,850000,852500
0,17,852500,855000
0,17,855000,857500
0,17,862500,865000
0,17,865000,867500
0,17,867500,870000
0,17,870000,872500
0,17,872500,875000
0,17,875000,877500
0,17,877500,880000
0,17,880000,882500
0,17,882500,885000
0,17,885000,887500
0,17,887500,890000
0,17,892500,895000
0,17,895000,897500
0,17,897500,900000
0,17,900000,902500
0,17,902500,905000
0,17,905000,907500
0,17,907500,910000
0,17,910000,912500
0,17,915000,917500
0,17,917500,920000
0,17,920000,922500
0,17,922500,925000
0,17,927500,930000
0,17,930000,932500
0,17,932500,935000
0,17,935000,937500
0,17,937500,940000
0,17,940000,942500
0,17,942500,945000
0,17,945000,947500
0,17,947500,950000
0,17,950000,952500
0,17,952500,955000
0,17,955000,957500
0,17,957500,960000
0,17,960000,962500
0,17,972500,975000
0,17,980000,982500
0,17,985000,987500
0,17,987500,990000
0,17,995000,997500
0,17,997500,1000000
0,17,1000000,1002500
0,17,1007500,1010000
0,17,1010000,1012500
0,17,1012500,1015000
0,17,1015000,1017500
0,17,1017500,1020000
0,17,1020000,1022500
0,17,1022500,1025000
0,17,1027500,1030000
0,17,1030000,1032500
0,17,1035000,1037500
0,17,1037500,1040000
0,17,1040000,1042500
0,17,1042500,1045000
0,17,1045000,1047500
0,17,1047500,1050000
0,17,1050000,1052500
0,17,1052500,1055000
0,17,1055000,1057500
0,17,1057500,1060000
0,17,1060000,1062500
0,17,1062500,1065000
0,17,1065000,1067500
0,17,1067500,1070000
0,17,1072500,1075000
0,17,1075000,1077500
0,17,1077500,1080000
0,17,1080000,1082500
0,17,1082500,1085000
0,17,1085000,1087500
0,17,1087500,1090000
0,17,1090000,1092500
0,17,1092500,1095000
0,17,1095000,1097500
0,17,1097500,1100000
0,17,1100000,1102500
0,17,1102500,1105000
0,17,1105000,1107500
0,17,1107500,1110000
0,17,1110000,1112500
0,17,1112500,1115000
0,17,1115000,1117500
0,17,1117500,1120000
0,17,1120000,1122500
0,17,1122500,1125000
0,17,1125000,1127500
0,17,1127500,1130000
0,17,1130000,1132500
0,17,1137500,1140000
1,17,0,2500
1,17,2500,5000
1,17,5000,7500
1,17,7500,10000
1,17,10000,12500
1,17,12500,15000
1,17,15000,17500
1,17,17500,20000
1,17,20000,22500
1,17,22500,25000
1,17,25000,27500
1,17,27500,30000
1,17,30000,32500
1,17,32500,35000
1,17,35000,37500
1,17,42500,45000
1,17,45000,47500
1,17,47500,50000
1,17,50000,52500
1,17,52500,55000
1,17,55000,57500
1,17,57500,60000
1,17,60000,62500
1,17,62500,65000
1,17,65000,67500
1,17,67500,70000
1,17,70000,72500
1,17,72500,75000
1,17,75000,77500
1,17,77500,80000
1,17,82500,85000
1,17,85000,87500
1,17,87500,90000
1,17,90000,92500
1,17,92500,95000
1,17,97500,100000
1,17,100000,102500
1,17,102500,105000
1,17,105000,107500
1,17,112500,115000
1,17,115000,117500
1,17,117500,120000
1,17,120000,122500
1,17,122500,125000
1,17,125000,127500
1,17,127500,130000
1,17,130000,132500
1,17,132500,135000
1,17,135000,137500
1,17,137500,140000
1,17,140000,142500
1,17,142500,145000
1,17,145000,147500
1,17,147500,150000
1,17,150000,152500
1,17,152500,155000
1,17,155000,157500
1,17,157500,160000
1,17,160000,162500
1,17,162500,165000
1,17,165000,167500
1,17,167500,170000
1,17,170000,172500
1,17,172500,175000
1,17,175000,177500
1,17,177500,180000
1,17,180000,182500
1,17,190000,192500
1,17,192500,195000
1,17,195000,197500
1,17,197500,200000
1,17,200000,202500
1,17,202500,205000
1,17,205000,207500
1,17,210000,212500
1,17,212500,215000
1,17,215000,217500
1,17,217500,220000
1,17,220000,222500
1,17,222500,225000
1,17,225000,227500
1,17,227500,230000
1,17,230000,232500
1,17,232500,235000
1,17,242500,245000
1,17,247500,250000
1,17,250000,252500
1,17,252500,255000
1,17,255000,257500
1,17,260000,262500
1,17,262500,265000
1,17,265000,267500
1,17,267500,270000
1,17,270000,272500
1,17,272500,275000
1,17,275000,277500
1,17,280000,282500
1,17,282500,285000
1,17,285000,287500
1,17,287500,290000
1,17,290000,292500
1,17,292500,295000
1,17,295000,297500
1,17,297500,300000
1,17,300000,302500
1,17,302500,305000
1,17,315000,317500
1,17,317500,320000
1,17,320000,322500
1,17,322500,325000
1,17,325000,327500
1,17,327500,330000
1,17,330000,332500
1,17,332500,335000
1,17,337500,340000
1,17,340000,342500
1,17,342500,345000
1,17,345000,347500
1,17,347500,350000
1,17,350000,352500
1,17,352500,355000
1,17,355000,357500
1,17,357500,360000
1,17,360000,362500
1,17,362500,365000
1,17,365000,367500
1,17,367500,370000
1,17,370000,372500
1,17,372500,375000
1,17,375000,377500
1,17,377500,380000
1,17,380000,382500
1,17,382500,385000
1,17,385000,387500
1,17,387500,390000
1,17,390000,392500
1,17,392500,395000
1,17,410000,412500
1,17,412500,415000
1,17,420000,422500
1,17,422500,425000
1,17,425000,427500
1,17,447500,450000
1,17,450000,452500
1,17,452500,455000
1,17,455000,457500
1,17,465000,467500
1,17,467500,470000
1,17,470000,472500
1,17,477500,480000
1,17,480000,482500
1,17,482500,485000
1,17,485000,487500
1,17,500000,502500
1,17,502500,505000
1,17,510000,512500
1,17,512500,515000
1,17,515000,517500
1,17,520000,522500
1,17,522500,525000
1,17,525000,527500
1,17,527500,530000
1,17,532500,535000
1,17,537500,540000
1,17,540000,542500
1,17,545000,547500
1,17,550000,552500
1,17,552500,555000
1,17,555000,557500
1,17,560000,562500
1,17,565000,567500
1,17,567500,570000
1,17,570000,572500
1,17,572500,575000
1,17,575000,577500
1,17,577500,580000
1,17,580000,582500
1,17,582500,585000
1,17,585000,587500
1,17,587500,590000
1,17,592500,595000
1,17,595000,597500
1,17,600000,602500
1,17,602500,605000
1,17,605000,607500
1,17,607500,610000
1,17,610000,612500
1,17,612500,615000
1,17,615000,617500
1,17,620000,622500
1,17,622500,625000
1,17,625000,627500
1,17,630000,632500
1,17,632500,635000
1,17,635000,637500
1,17,637500,640000
1,17,640000,642500
1,17,645000,647500
1,17,650000,652500
1,17,652500,655000
1,17,655000,657500
1,17,657500,660000
1,17,665000,667500
1,17,667500,670000
1,17,672500,675000
1,17,677500,680000
1,17,682500,685000
1,17,685000,687500
1,17,692500,695000
1,17,695000,697500
1,17,697500,700000
1,17,710000,712500
1,17,712500,715000
1,17,720000,722500
1,17,722500,725000
1,17,725000,727500
1,17,727500,730000
1,17,737500,740000
1,17,740000,742500
1,17,750000,752500
1,17,755000,757500
1,17,762500,765000
1,17,765000,767500
1,17,767500,770000
1,17,770000,772500
1,17,772500,775000
1,17,775000,777500
1,17,777500,780000
1,17,780000,782500
1,17,782500,785000
1,17,785000,787500
1,17,787500,790000
1,17,790000,792500
1,17,792500,795000
1,17,795000,797500
1,17,800000,802500
1,17,802500,805000
1,17,805000,807500
1,17,807500,810000
1,17,817500,820000
1,17,820000,822500
1,17,825000,827500
1,17,827500,830000
1,17,832500,835000
1,17,835000,837500
1,17,837500,840000
1,17,845000,847500
1,17,847500,850000
1,17,850000,852500
1,17,852500,855000
1,17,860000,862500
1,17,862500,865000
1,17,865000,867500
1,17,867500,870000
1,17,870000,872500
1,17,872500,875000
1,17,875000,877500
1,17,877500,880000
1,17,880000,882500
1,17,882500,885000
1,17,885000,887500
1,17,887500,890000
1,17,890000,892500
1,17,895000,897500
1,17,897500,900000
1,17,900000,902500
1,17,902500,905000
1,17,905000,907500
1,17,907500,910000
1,17,910000,912500
1,17,912500,915000
1,17,917500,920000
1,17,920000,922500
1,17,922500,925000
1,17,925000,927500
1,17,930000,932500
1,17,932500,935000
1,17,935000,937500
1,17,937500,940000
1,17,940000,942500
1,17,942500,945000
1,17,945000,947500
1,17,947500,950000
1,17,950000,952500
1,17,952500,955000
1,17,955000,957500
1,17,957500,960000
1,17,960000,962500
1,17,962500,965000
1,17,975000,977500
1,17,982500,985000
1,17,987500,990000
1,17,990000,992500
1,17,997500,1000000
1,17,1002500,1005000
1,17,1005000,1007500
1,17,1010000,1012500
1,17,1012500,1015000
1,17,1015000,1017500
1,17,1017500,1020000
1,17,1020000,1022500
1,17,1022500,1025000
1,17,1025000,1027500
1,17,1032500,1035000
1,17,1035000,1037500
1,17,1037500,1040000
1,17,1040000,1042500
1,17,1042500,1045000
1,17,1045000,1047500
1,17,1047500,1050000
1,17,1050000,1052500
1,17,1052500,1055000
1,17,1055000,1057500
1,17,1057500,1060000
1,17,1060000,1062500
1,17,1062500,1065000
1,17,1065000,1067500
1,17,1070000,1072500
1,17,1072500,1075000
1,17,1075000,1077500
1,17,1077500,1080000
1,17,1080000,1082500
1,17,1082500,1085000
1,17,1085000,1087500
1,17,1087500,1090000
1,17,1090000,1092500
1,17,1092500,1095000
1,17,1095000,1097500
1,17,1097500,1100000
1,17,1100000,1102500
1,17,1102500,1105000
1,17,1105000,1107500
1,17,1107500,1110000
1,17,1110000,1112500
1,17,1112500,1115000
1,17,1115000,1117500
1,17,1117500,1120000
1,17,1120000,1122500
1,17,1122500,1125000
1,17,1125000,1127500
1,17,1127500,1130000
1,17,1135000,1137500
1,17,1137500,1140000
2,17,2500,5000
2,17,195000,197500
2,17,300000,302500
2,17,337500,340000
2,17,375000,377500
2,17,867500,870000
2,17,1030000,1032500
2,17,1032500,1035000
2,17,1035000,1037500
3,17,0,2500
3,17,192500,195000
3,17,297500,300000
3,17,335000,337500
3,17,372500,375000
3,17,865000,867500
3,17,1030000,1032500
3,17,1032500,1035000
4,17,180000,182500
4,17,300000,302500
4,17,337500,340000
4,17,375000,377500
4,17,602500,605000
5,17,177500,180000
5,17,297500,300000
5,17,335000,337500
5,17,372500,375000
5,17,600000,602500
0,18,37500,40000
0,18,105000,107500
0,18,130000,132500
0,18,132500,135000
0,18,145000,147500
0,18,147500,150000
0,18,152500,155000
0,18,157500,160000
0,18,160000,162500
0,18,195000,197500
0,18,205000,207500
0,18,207500,210000
0,18,210000,212500
0,18,212500,215000
0,18,215000,217500
0,18,217500,220000
0,18,222500,225000
0,18,245000,247500
0,18,255000,257500
0,18,257500,260000
0,18,260000,262500
0,18,262500,265000
0,18,265000,267500
0,18,267500,270000
0,18,270000,272500
0,18,272500,275000
0,18,280000,282500
0,18,285000,287500
0,18,302500,305000
0,18,340000,342500
0,18,347500,350000
0,18,365000,367500
0,18,375000,377500
0,18,380000,382500
0,18,382500,385000
0,18,385000,387500
0,18,387500,390000
0,18,390000,392500
0,18,392500,395000
0,18,395000,397500
0,18,397500,400000
0,18,412500,415000
0,18,415000,417500
0,18,422500,425000
0,18,425000,427500
0,18,430000,432500
0,18,432500,435000
0,18,435000,437500
0,18,437500,440000
0,18,440000,442500
0,18,450000,452500
0,18,455000,457500
0,18,457500,460000
0,18,465000,467500
0,18,467500,470000
0,18,472500,475000
0,18,475000,477500
0,18,477500,480000
0,18,487500,490000
0,18,490000,492500
0,18,492500,495000
0,18,495000,497500
0,18,497500,500000
0,18,500000,502500
0,18,502500,505000
0,18,505000,507500
0,18,507500,510000
0,18,510000,512500
0,18,512500,515000
0,18,515000,517500
0,18,517500,520000
0,18,520000,522500
0,18,527500,530000
0,18,530000,532500
0,18,532500,535000
0,18,537500,540000
0,18,542500,545000
0,18,550000,552500
0,18,552500,555000
0,18,557500,560000
0,18,560000,562500
0,18,562500,565000
0,18,572500,575000
0,18,577500,580000
0,18,580000,582500
0,18,582500,585000
0,18,585000,587500
0,18,587500,590000
0,18,592500,595000
0,18,595000,597500
0,18,600000,602500
0,18,602500,605000
0,18,610000,612500
0,18,612500,615000
0,18,617500,620000
0,18,620000,622500
0,18,622500,625000
0,18,632500,635000
0,18,635000,637500
0,18,642500,645000
0,18,645000,647500
0,18,655000,657500
0,18,657500,660000
0,18,660000,662500
0,18,662500,665000
0,18,670000,672500
0,18,677500,680000
0,18,680000,682500
0,18,682500,685000
0,18,687500,690000
0,18,690000,692500
0,18,692500,695000
0,18,695000,697500
0,18,700000,702500
0,18,702500,705000
0,18,705000,707500
0,18,707500,710000
0,18,730000,732500
0,18,732500,735000
0,18,742500,745000
0,18,805000,807500
0,18,810000,812500
0,18,812500,815000
0,18,815000,817500
0,18,820000,822500
0,18,845000,847500
0,18,862500,865000
0,18,870000,872500
0,18,937500,940000
0,18,947500,950000
0,18,962500,965000
0,18,975000,977500
0,18,982500,985000
0,18,990000,992500
0,18,997500,1000000
0,18,1000000,1002500
0,18,1002500,1005000
0,18,1020000,1022500
0,18,1030000,1032500
0,18,1057500,1060000
0,18,1070000,1072500
0,18,1072500,1075000
0,18,1080000,1082500
1,18,22500,25000
1,18,35000,37500
1,18,37500,40000
1,18,130000,132500
1,18,142500,145000
1,18,145000,147500
1,18,150000,152500
1,18,152500,155000
1,18,155000,157500
1,18,192500,195000
1,18,207500,210000
1,18,210000,212500
1,18,212500,215000
1,18,215000,217500
1,18,220000,222500
1,18,252500,255000
1,18,255000,257500
1,18,257500,260000
1,18,260000,262500
1,18,262500,265000
1,18,265000,267500
1,18,267500,270000
1,18,270000,272500
1,18,277500,280000
1,18,282500,285000
1,18,285000,287500
1,18,300000,302500
1,18,337500,340000
1,18,340000,342500
1,18,362500,365000
1,18,372500,375000
1,18,377500,380000
1,18,380000,382500
1,18,382500,385000
1,18,385000,387500
1,18,387500,390000
1,18,390000,392500
1,18,392500,395000
1,18,395000,397500
1,18,397500,400000
1,18,412500,415000
1,18,420000,422500
1,18,422500,425000
1,18,427500,430000
1,18,430000,432500
1,18,432500,435000
1,18,435000,437500
1,18,437500,440000
1,18,440000,442500
1,18,452500,455000
1,18,455000,457500
1,18,462500,465000
1,18,465000,467500
1,18,470000,472500
1,18,472500,475000
1,18,475000,477500
1,18,487500,490000
1,18,490000,492500
1,18,492500,495000
1,18,495000,497500
1,18,497500,500000
1,18,500000,502500
1,18,502500,505000
1,18,505000,507500
1,18,507500,510000
1,18,510000,512500
1,18,512500,515000
1,18,515000,517500
1,18,517500,520000
1,18,520000,522500
1,18,527500,530000
1,18,530000,532500
1,18,535000,537500
1,18,540000,542500
1,18,547500,550000
1,18,550000,552500
1,18,555000,557500
1,18,557500,560000
1,18,560000,562500
1,18,570000,572500
1,18,575000,577500
1,18,577500,580000
1,18,580000,582500
1,18,582500,585000
1,18,585000,587500
1,18,590000,592500
1,18,592500,595000
1,18,595000,597500
1,18,597500,600000
1,18,607500,610000
1,18,610000,612500
1,18,615000,617500
1,18,617500,620000
1,18,620000,622500
1,18,622500,625000
1,18,630000,632500
1,18,632500,635000
1,18,640000,642500
1,18,642500,645000
1,18,652500,655000
1,18,655000,657500
1,18,657500,660000
1,18,660000,662500
1,18,662500,665000
1,18,677500,680000
1,18,680000,682500
1,18,685000,687500
1,18,687500,690000
1,18,690000,692500
1,18,692500,695000
1,18,697500,700000
1,18,700000,702500
1,18,702500,705000
1,18,705000,707500
1,18,722500,725000
1,18,730000,732500
1,18,765000,767500
1,18,802500,805000
1,18,807500,810000
1,18,810000,812500
1,18,812500,815000
1,18,817500,820000
1,18,860000,862500
1,18,867500,870000
1,18,935000,937500
1,18,960000,962500
1,18,990000,992500
1,18,997500,1000000
1,18,1000000,1002500
1,18,1017500,1020000
1,18,1042500,1045000
1,18,1055000,1057500
1,18,1077500,1080000
1,18,1097500,1100000
1,18,1120000,1122500
2,18,2500,5000
2,18,130000,132500
2,18,132500,135000
2,18,212500,215000
2,18,300000,302500
2,18,670000,672500
2,18,1030000,1032500
2,18,1032500,1035000
2,18,1072500,1075000
3,18,130000,132500
3,18,210000,212500
3,18,1030000,1032500
3,18,1040000,1042500
4,18,60000,62500
0,19,15000,17500
0,19,25000,27500
0,19,37500,40000
0,19,47500,50000
0,19,50000,52500
0,19,62500,65000
0,19,87500,90000
0,19,95000,97500
0,19,105000,107500
0,19,107500,110000
0,19,130000,132500
0,19,132500,135000
0,19,135000,137500
0,19,147500,150000
0,19,150000,152500
0,19,152500,155000
0,19,155000,157500
0,19,157500,160000
0,19,160000,162500
0,19,180000,182500
0,19,182500,185000
0,19,185000,187500
0,19,187500,190000
0,19,192500,195000
0,19,195000,197500
0,19,200000,202500
0,19,202500,205000
0,19,205000,207500
0,19,210000,212500
0,19,217500,220000
0,19,220000,222500
0,19,245000,247500
0,19,247500,250000
0,19,250000,252500
0,19,252500,255000
0,19,262500,265000
0,19,265000,267500
0,19,270000,272500
0,19,272500,275000
0,19,275000,277500
0,19,285000,287500
0,19,287500,290000
0,19,300000,302500
0,19,302500,305000
0,19,327500,330000
0,19,337500,340000
0,19,340000,342500
0,19,352500,355000
0,19,357500,360000
0,19,360000,362500
0,19,362500,365000
0,19,370000,372500
0,19,372500,375000
0,19,377500,380000
0,19,380000,382500
0,19,382500,385000
0,19,385000,387500
0,19,387500,390000
0,19,390000,392500
0,19,392500,395000
0,19,395000,397500
0,19,397500,400000
0,19,412500,415000
0,19,422500,425000
0,19,425000,427500
0,19,427500,430000
0,19,430000,432500
0,19,432500,435000
0,19,450000,452500
0,19,467500,470000
0,19,470000,472500
0,19,480000,482500
0,19,482500,485000
0,19,505000,507500
0,19,515000,517500
0,19,517500,520000
0,19,520000,522500
0,19,522500,525000
0,19,527500,530000
0,19,530000,532500
0,19,535000,537500
0,19,542500,545000
0,19,545000,547500
0,19,550000,552500
0,19,552500,555000
0,19,557500,560000
0,19,560000,562500
0,19,562500,565000
0,19,565000,567500
0,19,572500,575000
0,19,575000,577500
0,19,577500,580000
0,19,587500,590000
0,19,597500,600000
0,19,602500,605000
0,19,605000,607500
0,19,607500,610000
0,19,610000,612500
0,19,612500,615000
0,19,615000,617500
0,19,620000,622500
0,19,622500,625000
0,19,625000,627500
0,19,630000,632500
0,19,632500,635000
0,19,645000,647500
0,19,647500,650000
0,19,650000,652500
0,19,652500,655000
0,19,655000,657500
0,19,657500,660000
0,19,660000,662500
0,19,667500,670000
0,19,677500,680000
0,19,682500,685000
0,19,685000,687500
0,19,692500,695000
0,19,695000,697500
0,19,697500,700000
0,19,700000,702500
0,19,705000,707500
0,19,707500,710000
0,19,710000,712500
0,19,717500,720000
0,19,720000,722500
0,19,722500,725000
0,19,725000,727500
0,19,727500,730000
0,19,732500,735000
0,19,735000,737500
0,19,740000,742500
0,19,745000,747500
0,19,755000,757500
0,19,757500,760000
0,19,767500,770000
0,19,775000,777500
0,19,795000,797500
0,19,797500,800000
0,19,802500,805000
0,19,805000,807500
0,19,812500,815000
0,19,817500,820000
0,19,820000,822500
0,19,822500,825000
0,19,835000,837500
0,19,837500,840000
0,19,845000,847500
0,19,862500,865000
0,19,865000,867500
0,19,880000,882500
0,19,882500,885000
0,19,890000,892500
0,19,892500,895000
0,19,897500,900000
0,19,900000,902500
0,19,902500,905000
0,19,905000,907500
0,19,932500,935000
0,19,937500,940000
0,19,950000,952500
0,19,960000,962500
0,19,962500,965000
0,19,987500,990000
0,19,990000,992500
0,19,997500,1000000
0,19,1002500,1005000
0,19,1005000,1007500
0,19,1020000,1022500
0,19,1030000,1032500
0,19,1032500,1035000
0,19,1042500,1045000
0,19,1055000,1057500
0,19,1057500,1060000
0,19,1067500,1070000
0,19,1070000,1072500
0,19,1075000,1077500
0,19,1077500,1080000
0,19,1080000,1082500
0,19,1097500,1100000
0,19,1100000,1102500
0,19,1102500,1105000
0,19,1112500,1115000
0,19,1120000,1122500
1,19,12500,15000
1,19,22500,25000
1,19,35000,37500
1,19,45000,47500
1,19,47500,50000
1,19,60000,62500
1,19,85000,87500
1,19,92500,95000
1,19,102500,105000
1,19,105000,107500
1,19,127500,130000
1,19,130000,132500
1,19,132500,135000
1,19,145000,147500
1,19,147500,150000
1,19,150000,152500
1,19,152500,155000
1,19,155000,157500
1,19,157500,160000
1,19,177500,180000
1,19,180000,182500
1,19,182500,185000
1,19,185000,187500
1,19,190000,192500
1,19,192500,195000
1,19,197500,200000
1,19,200000,202500
1,19,202500,205000
1,19,205000,207500
1,19,207500,210000
1,19,217500,220000
1,19,235000,237500
1,19,237500,240000
1,19,245000,247500
1,19,247500,250000
1,19,250000,252500
1,19,252500,255000
1,19,260000,262500
1,19,262500,265000
1,19,267500,270000
1,19,270000,272500
1,19,272500,275000
1,19,282500,285000
1,19,285000,287500
1,19,297500,300000
1,19,300000,302500
1,19,325000,327500
1,19,335000,337500
1,19,345000,347500
1,19,355000,357500
1,19,357500,360000
1,19,360000,362500
1,19,367500,370000
1,19,370000,372500
1,19,372500,375000
1,19,375000,377500
1,19,380000,382500
1,19,382500,385000
1,19,385000,387500
1,19,387500,390000
1,19,390000,392500
1,19,392500,395000
1,19,395000,397500
1,19,410000,412500
1,19,420000,422500
1,19,422500,425000
1,19,425000,427500
1,19,427500,430000
1,19,430000,432500
1,19,447500,450000
1,19,460000,462500
1,19,467500,470000
1,19,470000,472500
1,19,477500,480000
1,19,480000,482500
1,19,502500,505000
1,19,512500,515000
1,19,515000,517500
1,19,517500,520000
1,19,520000,522500
1,19,525000,527500
1,19,527500,530000
1,19,532500,535000
1,19,540000,542500
1,19,545000,547500
1,19,547500,550000
1,19,555000,557500
1,19,557500,560000
1,19,560000,562500
1,19,562500,565000
1,19,570000,572500
1,19,572500,575000
1,19,575000,577500
1,19,585000,587500
1,19,595000,597500
1,19,600000,602500
1,19,602500,605000
1,19,605000,607500
1,19,607500,610000
1,19,610000,612500
1,19,612500,615000
1,19,615000,617500
1,19,617500,620000
1,19,622500,625000
1,19,625000,627500
1,19,627500,630000
1,19,640000,642500
1,19,642500,645000
1,19,647500,650000
1,19,650000,652500
1,19,652500,655000
1,19,655000,657500
1,19,657500,660000
1,19,660000,662500
1,19,662500,665000
1,19,675000,677500
1,19,680000,682500
1,19,685000,687500
1,19,687500,690000
1,19,695000,697500
1,19,697500,700000
1,19,700000,702500
1,19,702500,705000
1,19,707500,710000
1,19,710000,712500
1,19,712500,715000
1,19,720000,722500
1,19,722500,725000
1,19,725000,727500
1,19,727500,730000
1,19,730000,732500
1,19,735000,737500
1,19,737500,740000
1,19,742500,745000
1,19,752500,755000
1,19,755000,757500
1,19,765000,767500
1,19,772500,775000
1,19,792500,795000
1,19,795000,797500
1,19,800000,802500
1,19,802500,805000
1,19,810000,812500
1,19,815000,817500
1,19,817500,820000
1,19,820000,822500
1,19,822500,825000
1,19,842500,845000
1,19,860000,862500
1,19,862500,865000
1,19,877500,880000
1,19,880000,882500
1,19,887500,890000
1,19,890000,892500
1,19,892500,895000
1,19,895000,897500
1,19,900000,902500
1,19,902500,905000
1,19,930000,932500
1,19,932500,935000
1,19,935000,937500
1,19,947500,950000
1,19,957500,960000
1,19,960000,962500
1,19,985000,987500
1,19,987500,990000
1,19,995000,997500
1,19,997500,1000000
1,19,1000000,1002500
1,19,1017500,1020000
1,19,1027500,1030000
1,19,1030000,1032500
1,19,1040000,1042500
1,19,1052500,1055000
1,19,1055000,1057500
1,19,1065000,1067500
1,19,1067500,1070000
1,19,1072500,1075000
1,19,1075000,1077500
1,19,1077500,1080000
1,19,1095000,1097500
1,19,1097500,1100000
1,19,1100000,1102500
1,19,1110000,1112500
1,19,1117500,1120000
2,19,150000,152500
2,19,1030000,1032500
2,19,1032500,1035000
3,19,147500,150000
3,19,1027500,1030000
3,19,1030000,1032500
4,19,147500,150000
4,19,195000,197500
4,19,442500,445000
4,19,502500,505000
4,19,812500,815000
4,19,867500,870000
4,19,1020000,1022500
4,19,1030000,1032500
4,19,1032500,1035000
4,19,1057500,1060000
5,19,145000,147500
5,19,192500,195000
5,19,440000,442500
5,19,500000,502500
5,19,810000,812500
5,19,865000,867500
5,19,1017500,1020000
5,19,1027500,1030000
5,19,1030000,1032500
5,19,1055000,1057500
0,20,2500,5000
0,20,5000,7500
0,20,7500,10000
0,20,10000,12500
0,20,12500,15000
0,20,15000,17500
0,20,17500,20000
0,20,20000,22500
0,20,25000,27500
0,20,27500,30000
0,20,40000,42500
0,20,47500,50000
0,20,50000,52500
0,20,65000,67500
0,20,67500,70000
0,20,70000,72500
0,20,75000,77500
0,20,77500,80000
0,20,80000,82500
0,20,85000,87500
0,20,87500,90000
0,20,105000,107500
0,20,107500,110000
0,20,110000,112500
0,20,112500,115000
0,20,115000,117500
0,20,117500,120000
0,20,120000,122500
0,20,130000,132500
0,20,132500,135000
0,20,135000,137500
0,20,137500,140000
0,20,140000,142500
0,20,142500,145000
0,20,145000,147500
0,20,147500,150000
0,20,150000,152500
0,20,152500,155000
0,20,155000,157500
0,20,157500,160000
0,20,160000,162500
0,20,162500,165000
0,20,165000,167500
0,20,167500,170000
0,20,177500,180000
0,20,180000,182500
0,20,182500,185000
0,20,185000,187500
0,20,192500,195000
0,20,195000,197500
0,20,197500,200000
0,20,200000,202500
0,20,202500,205000
0,20,205000,207500
0,20,207500,210000
0,20,212500,215000
0,20,215000,217500
0,20,217500,220000
0,20,220000,222500
0,20,222500,225000
0,20,225000,227500
0,20,237500,240000
0,20,247500,250000
0,20,252500,255000
0,20,255000,257500
0,20,257500,260000
0,20,260000,262500
0,20,262500,265000
0,20,265000,267500
0,20,267500,270000
0,20,270000,272500
0,20,275000,277500
0,20,277500,280000
0,20,282500,285000
0,20,285000,287500
0,20,287500,290000
0,20,290000,292500
0,20,292500,295000
0,20,295000,297500
0,20,297500,300000
0,20,300000,302500
0,20,302500,305000
0,20,327500,330000
0,20,330000,332500
0,20,332500,335000
0,20,335000,337500
0,20,337500,340000
0,20,345000,347500
0,20,350000,352500
0,20,352500,355000
0,20,355000,357500
0,20,362500,365000
0,20,365000,367500
0,20,367500,370000
0,20,370000,372500
0,20,372500,375000
0,20,375000,377500
0,20,380000,382500
0,20,382500,385000
0,20,385000,387500
0,20,390000,392500
0,20,392500,395000
0,20,395000,397500
0,20,397500,400000
0,20,412500,415000
0,20,415000,417500
0,20,425000,427500
0,20,427500,430000
0,20,430000,432500
0,20,432500,435000
0,20,435000,437500
0,20,437500,440000
0,20,440000,442500
0,20,447500,450000
0,20,450000,452500
0,20,452500,455000
0,20,455000,457500
0,20,462500,465000
0,20,470000,472500
0,20,472500,475000
0,20,475000,477500
0,20,477500,480000
0,20,490000,492500
0,20,492500,495000
0,20,495000,497500
0,20,497500,500000
0,20,500000,502500
0,20,502500,505000
0,20,505000,507500
0,20,507500,510000
0,20,510000,512500
0,20,512500,515000
0,20,515000,517500
0,20,517500,520000
0,20,520000,522500
0,20,522500,525000
0,20,525000,527500
0,20,527500,530000
0,20,530000,532500
0,20,532500,535000
0,20,535000,537500
0,20,537500,540000
0,20,540000,542500
0,20,545000,547500
0,20,547500,550000
0,20,552500,555000
0,20,555000,557500
0,20,557500,560000
0,20,560000,562500
0,20,570000,572500
0,20,572500,575000
0,20,575000,577500
0,20,585000,587500
0,20,587500,590000
0,20,590000,592500
0,20,595000,597500
0,20,600000,602500
0,20,602500,605000
0,20,605000,607500
0,20,607500,610000
0,20,615000,617500
0,20,617500,620000
0,20,620000,622500
0,20,622500,625000
0,20,627500,630000
0,20,630000,632500
0,20,632500,635000
0,20,635000,637500
0,20,637500,640000
0,20,640000,642500
0,20,642500,645000
0,20,647500,650000
0,20,650000,652500
0,20,652500,655000
0,20,655000,657500
0,20,657500,660000
0,20,660000,662500
0,20,662500,665000
0,20,670000,672500
0,20,672500,675000
0,20,677500,680000
0,20,680000,682500
0,20,682500,685000
0,20,685000,687500
0,20,687500,690000
0,20,690000,692500
0,20,692500,695000
0,20,695000,697500
0,20,697500,700000
0,20,700000,702500
0,20,702500,705000
0,20,705000,707500
0,20,707500,710000
0,20,710000,712500
0,20,712500,715000
0,20,720000,722500
0,20,722500,725000
0,20,730000,732500
0,20,735000,737500
0,20,737500,740000
0,20,742500,745000
0,20,745000,747500
0,20,747500,750000
0,20,750000,752500
0,20,757500,760000
0,20,762500,765000
0,20,782500,785000
0,20,785000,787500
0,20,787500,790000
0,20,795000,797500
0,20,805000,807500
0,20,810000,812500
0,20,812500,815000
0,20,815000,817500
0,20,845000,847500
0,20,847500,850000
0,20,850000,852500
0,20,852500,855000
0,20,855000,857500
0,20,857500,860000
0,20,860000,862500
0,20,865000,867500
0,20,867500,870000
0,20,870000,872500
0,20,872500,875000
0,20,875000,877500
0,20,877500,880000
0,20,880000,882500
0,20,882500,885000
0,20,890000,892500
0,20,892500,895000
0,20,907500,910000
0,20,910000,912500
0,20,912500,915000
0,20,922500,925000
0,20,925000,927500
0,20,930000,932500
0,20,932500,935000
0,20,935000,937500
0,20,937500,940000
0,20,942500,945000
0,20,945000,947500
0,20,947500,950000
0,20,950000,952500
0,20,962500,965000
0,20,975000,977500
0,20,997500,1000000
0,20,1002500,1005000
0,20,1005000,1007500
0,20,1007500,1010000
0,20,1010000,1012500
0,20,1012500,1015000
0,20,1015000,1017500
0,20,1020000,1022500
0,20,1022500,1025000
0,20,1030000,1032500
0,20,1037500,1040000
0,20,1040000,1042500
0,20,1042500,1045000
0,20,1045000,1047500
0,20,1047500,1050000
0,20,1050000,1052500
0,20,1052500,1055000
0,20,1055000,1057500
0,20,1057500,1060000
0,20,1072500,1075000
0,20,1075000,1077500
0,20,1077500,1080000
0,20,1080000,1082500
0,20,1082500,1085000
0,20,1085000,1087500
0,20,1087500,1090000
0,20,1097500,1100000
0,20,1100000,1102500
0,20,1102500,1105000
0,20,1105000,1107500
0,20,1107500,1110000
0,20,1112500,1115000
0,20,1117500,1120000
0,20,1120000,1122500
0,20,1137500,1140000
1,20,0,2500
1,20,2500,5000
1,20,5000,7500
1,20,7500,10000
1,20,10000,12500
1,20,12500,15000
1,20,15000,17500
1,20,17500,20000
1,20,22500,25000
1,20,25000,27500
1,20,37500,40000
1,20,45000,47500
1,20,47500,50000
1,20,62500,65000
1,20,65000,67500
1,20,67500,70000
1,20,72500,75000
1,20,75000,77500
1,20,77500,80000
1,20,82500,85000
1,20,85000,87500
1,20,102500,105000
1,20,105000,107500
1,20,107500,110000
1,20,110000,112500
1,20,112500,115000
1,20,115000,117500
1,20,117500,120000
1,20,127500,130000
1,20,130000,132500
1,20,132500,135000
1,20,135000,137500
1,20,137500,140000
1,20,140000,142500
1,20,142500,145000
1,20,145000,147500
1,20,147500,150000
1,20,150000,152500
1,20,152500,155000
1,20,155000,157500
1,20,157500,160000
1,20,160000,162500
1,20,162500,165000
1,20,165000,167500
1,20,175000,177500
1,20,177500,180000
1,20,180000,182500
1,20,182500,185000
1,20,192500,195000
1,20,195000,197500
1,20,197500,200000
1,20,200000,202500
1,20,202500,205000
1,20,205000,207500
1,20,210000,212500
1,20,212500,215000
1,20,215000,217500
1,20,217500,220000
1,20,220000,222500
1,20,222500,225000
1,20,242500,245000
1,20,245000,247500
1,20,250000,252500
1,20,255000,257500
1,20,257500,260000
1,20,260000,262500
1,20,262500,265000
1,20,265000,267500
1,20,267500,270000
1,20,270000,272500
1,20,272500,275000
1,20,280000,282500
1,20,282500,285000
1,20,285000,287500
1,20,287500,290000
1,20,290000,292500
1,20,292500,295000
1,20,295000,297500
1,20,297500,300000
1,20,300000,302500
1,20,302500,305000
1,20,327500,330000
1,20,330000,332500
1,20,332500,335000
1,20,335000,337500
1,20,337500,340000
1,20,340000,342500
1,20,347500,350000
1,20,352500,355000
1,20,355000,357500
1,20,357500,360000
1,20,365000,367500
1,20,367500,370000
1,20,370000,372500
1,20,372500,375000
1,20,377500,380000
1,20,380000,382500
1,20,382500,385000
1,20,385000,387500
1,20,387500,390000
1,20,392500,395000
1,20,395000,397500
1,20,400000,402500
1,20,412500,415000
1,20,427500,430000
1,20,430000,432500
1,20,432500,435000
1,20,435000,437500
1,20,437500,440000
1,20,440000,442500
1,20,442500,445000
1,20,450000,452500
1,20,452500,455000
1,20,455000,457500
1,20,457500,460000
1,20,465000,467500
1,20,472500,475000
1,20,475000,477500
1,20,477500,480000
1,20,480000,482500
1,20,492500,495000
1,20,495000,497500
1,20,497500,500000
1,20,500000,502500
1,20,502500,505000
1,20,505000,507500
1,20,507500,510000
1,20,510000,512500
1,20,512500,515000
1,20,515000,517500
1,20,517500,520000
1,20,520000,522500
1,20,522500,525000
1,20,525000,527500
1,20,527500,530000
1,20,530000,532500
1,20,532500,535000
1,20,535000,537500
1,20,537500,540000
1,20,540000,542500
1,20,542500,545000
1,20,550000,552500
1,20,552500,555000
1,20,555000,557500
1,20,557500,560000
1,20,560000,562500
1,20,562500,565000
1,20,572500,575000
1,20,575000,577500
1,20,577500,580000
1,20,587500,590000
1,20,590000,592500
1,20,592500,595000
1,20,597500,600000
1,20,602500,605000
1,20,605000,607500
1,20,607500,610000
1,20,610000,612500
1,20,617500,620000
1,20,620000,622500
1,20,622500,625000
1,20,625000,627500
1,20,630000,632500
1,20,632500,635000
1,20,635000,637500
1,20,637500,640000
1,20,640000,642500
1,20,645000,647500
1,20,647500,650000
1,20,650000,652500
1,20,652500,655000
1,20,655000,657500
1,20,657500,660000
1,20,660000,662500
1,20,667500,670000
1,20,670000,672500
1,20,675000,677500
1,20,677500,680000
1,20,680000,682500
1,20,682500,685000
1,20,685000,687500
1,20,687500,690000
1,20,690000,692500
1,20,692500,695000
1,20,695000,697500
1,20,697500,700000
1,20,700000,702500
1,20,702500,705000
1,20,705000,707500
1,20,707500,710000
1,20,710000,712500
1,20,717500,720000
1,20,720000,722500
1,20,727500,730000
1,20,732500,735000
1,20,735000,737500
1,20,740000,742500
1,20,742500,745000
1,20,745000,747500
1,20,747500,750000
1,20,755000,757500
1,20,760000,762500
1,20,780000,782500
1,20,782500,785000
1,20,785000,787500
1,20,792500,795000
1,20,802500,805000
1,20,807500,810000
1,20,810000,812500
1,20,812500,815000
1,20,842500,845000
1,20,845000,847500
1,20,847500,850000
1,20,850000,852500
1,20,852500,855000
1,20,855000,857500
1,20,857500,860000
1,20,862500,865000
1,20,865000,867500
1,20,867500,870000
1,20,870000,872500
1,20,872500,875000
1,20,875000,877500
1,20,877500,880000
1,20,880000,882500
1,20,887500,890000
1,20,890000,892500
1,20,905000,907500
1,20,907500,910000
1,20,910000,912500
1,20,920000,922500
1,20,922500,925000
1,20,927500,930000
1,20,930000,932500
1,20,932500,935000
1,20,935000,937500
1,20,940000,942500
1,20,942500,945000
1,20,945000,947500
1,20,947500,950000
1,20,960000,962500
1,20,972500,975000
1,20,995000,997500
1,20,997500,1000000
1,20,1000000,1002500
1,20,1005000,1007500
1,20,1007500,1010000
1,20,1010000,1012500
1,20,1012500,1015000
1,20,1017500,1020000
1,20,1020000,1022500
1,20,1027500,1030000
1,20,1035000,1037500
1,20,1037500,1040000
1,20,1040000,1042500
1,20,1042500,1045000
1,20,1045000,1047500
1,20,1047500,1050000
1,20,1050000,1052500
1,20,1052500,1055000
1,20,1055000,1057500
1,20,1072500,1075000
1,20,1075000,1077500
1,20,1077500,1080000
1,20,1080000,1082500
1,20,1082500,1085000
1,20,1085000,1087500
1,20,1087500,1090000
1,20,1090000,1092500
1,20,1100000,1102500
1,20,1102500,1105000
1,20,1105000,1107500
1,20,1110000,1112500
1,20,1115000,1117500
1,20,1120000,1122500
1,20,1122500,1125000
2,20,0,2500
2,20,2500,5000
2,20,150000,152500
2,20,215000,217500
2,20,870000,872500
2,20,1030000,1032500
2,20,1032500,1035000
3,20,0,2500
3,20,147500,150000
3,20,212500,215000
3,20,867500,870000
3,20,1027500,1030000
3,20,1030000,1032500
4,20,1017500,1020000
5,20,1015000,1017500
0,21,37500,40000
0,21,50000,52500
0,21,102500,105000
0,21,107500,110000
0,21,130000,132500
0,21,132500,135000
0,21,135000,137500
0,21,147500,150000
0,21,152500,155000
0,21,155000,157500
0,21,157500,160000
0,21,160000,162500
0,21,177500,180000
0,21,180000,182500
0,21,182500,185000
0,21,185000,187500
0,21,192500,195000
0,21,195000,197500
0,21,200000,202500
0,21,212500,215000
0,21,215000,217500
0,21,217500,220000
0,21,220000,222500
0,21,245000,247500
0,21,255000,257500
0,21,257500,260000
0,21,265000,267500
0,21,267500,270000
0,21,270000,272500
0,21,285000,287500
0,21,300000,302500
0,21,335000,337500
0,21,337500,340000
0,21,347500,350000
0,21,352500,355000
0,21,365000,367500
0,21,372500,375000
0,21,375000,377500
0,21,377500,380000
0,21,380000,382500
0,21,412500,415000
0,21,425000,427500
0,21,430000,432500
0,21,432500,435000
0,21,450000,452500
0,21,452500,455000
0,21,455000,457500
0,21,465000,467500
0,21,472500,475000
0,21,475000,477500
0,21,487500,490000
0,21,502500,505000
0,21,505000,507500
0,21,507500,510000
0,21,510000,512500
0,21,512500,515000
0,21,515000,517500
0,21,525000,527500
0,21,527500,530000
0,21,530000,532500
0,21,542500,545000
0,21,545000,547500
0,21,547500,550000
0,21,550000,552500
0,21,557500,560000
0,21,560000,562500
0,21,562500,565000
0,21,572500,575000
0,21,577500,580000
0,21,587500,590000
0,21,602500,605000
0,21,605000,607500
0,21,612500,615000
0,21,620000,622500
0,21,630000,632500
0,21,632500,635000
0,21,642500,645000
0,21,645000,647500
0,21,647500,650000
0,21,650000,652500
0,21,657500,660000
0,21,660000,662500
0,21,662500,665000
0,21,667500,670000
0,21,670000,672500
0,21,677500,680000
0,21,680000,682500
0,21,682500,685000
0,21,687500,690000
0,21,692500,695000
0,21,695000,697500
0,21,700000,702500
0,21,702500,705000
0,21,707500,710000
0,21,717500,720000
0,21,720000,722500
0,21,735000,737500
0,21,742500,745000
0,21,745000,747500
0,21,755000,757500
0,21,757500,760000
0,21,775000,777500
0,21,787500,790000
0,21,790000,792500
0,21,795000,797500
0,21,805000,807500
0,21,810000,812500
0,21,812500,815000
0,21,815000,817500
0,21,820000,822500
0,21,825000,827500
0,21,870000,872500
0,21,882500,885000
0,21,932500,935000
0,21,935000,937500
0,21,937500,940000
0,21,940000,942500
0,21,942500,945000
0,21,950000,952500
0,21,975000,977500
0,21,1002500,1005000
0,21,1017500,1020000
0,21,1020000,1022500
0,21,1022500,1025000
0,21,1030000,1032500
0,21,1032500,1035000
0,21,1040000,1042500
0,21,1067500,1070000
0,21,1070000,1072500
0,21,1072500,1075000
0,21,1075000,1077500
0,21,1120000,1122500
1,21,35000,37500
1,21,37500,40000
1,21,40000,42500
1,21,47500,50000
1,21,100000,102500
1,21,105000,107500
1,21,130000,132500
1,21,132500,135000
1,21,150000,152500
1,21,152500,155000
1,21,155000,157500
1,21,157500,160000
1,21,180000,182500
1,21,182500,185000
1,21,192500,195000
1,21,197500,200000
1,21,205000,207500
1,21,212500,215000
1,21,215000,217500
1,21,217500,220000
1,21,252500,255000
1,21,255000,257500
1,21,262500,265000
1,21,265000,267500
1,21,267500,270000
1,21,282500,285000
1,21,285000,287500
1,21,300000,302500
1,21,337500,340000
1,21,340000,342500
1,21,350000,352500
1,21,362500,365000
1,21,370000,372500
1,21,372500,375000
1,21,375000,377500
1,21,377500,380000
1,21,412500,415000
1,21,422500,425000
1,21,427500,430000
1,21,430000,432500
1,21,450000,452500
1,21,452500,455000
1,21,462500,465000
1,21,470000,472500
1,21,472500,475000
1,21,480000,482500
1,21,502500,505000
1,21,505000,507500
1,21,507500,510000
1,21,510000,512500
1,21,512500,515000
1,21,515000,517500
1,21,517500,520000
1,21,527500,530000
1,21,542500,545000
1,21,545000,547500
1,21,547500,550000
1,21,550000,552500
1,21,557500,560000
1,21,560000,562500
1,21,575000,577500
1,21,585000,587500
1,21,595000,597500
1,21,602500,605000
1,21,610000,612500
1,21,617500,620000
1,21,630000,632500
1,21,640000,642500
1,21,642500,645000
1,21,645000,647500
1,21,647500,650000
1,21,652500,655000
1,21,660000,662500
1,21,662500,665000
1,21,665000,667500
1,21,670000,672500
1,21,677500,680000
1,21,680000,682500
1,21,685000,687500
1,21,687500,690000
1,21,690000,692500
1,21,697500,700000
1,21,700000,702500
1,21,705000,707500
1,21,715000,717500
1,21,727500,730000
1,21,742500,745000
1,21,752500,755000
1,21,755000,757500
1,21,765000,767500
1,21,772500,775000
1,21,785000,787500
1,21,787500,790000
1,21,792500,795000
1,21,802500,805000
1,21,807500,810000
1,21,810000,812500
1,21,812500,815000
1,21,817500,820000
1,21,822500,825000
1,21,837500,840000
1,21,867500,870000
1,21,872500,875000
1,21,880000,882500
1,21,930000,932500
1,21,932500,935000
1,21,935000,937500
1,21,937500,940000
1,21,940000,942500
1,21,942500,945000
1,21,960000,962500
1,21,997500,1000000
1,21,1017500,1020000
1,21,1020000,1022500
1,21,1022500,1025000
1,21,1030000,1032500
1,21,1037500,1040000
1,21,1040000,1042500
1,21,1042500,1045000
1,21,1070000,1072500
1,21,1072500,1075000
1,21,1120000,1122500
2,21,150000,152500
2,21,195000,197500
2,21,212500,215000
2,21,1017500,1020000
2,21,1030000,1032500
3,21,122500,125000
3,21,147500,150000
3,21,192500,195000
3,21,1040000,1042500
4,21,150000,152500
4,21,285000,287500
4,21,335000,337500
4,21,1120000,1122500
5,21,122500,125000
5,21,147500,150000
5,21,282500,285000
5,21,327500,330000
0,22,15000,17500
0,22,25000,27500
0,22,37500,40000
0,22,47500,50000
0,22,50000,52500
0,22,62500,65000
0,22,65000,67500
0,22,85000,87500
0,22,87500,90000
0,22,95000,97500
0,22,105000,107500
0,22,107500,110000
0,22,130000,132500
0,22,132500,135000
0,22,135000,137500
0,22,142500,145000
0,22,147500,150000
0,22,150000,152500
0,22,152500,155000
0,22,155000,157500
0,22,157500,160000
0,22,160000,162500
0,22,180000,182500
0,22,187500,190000
0,22,192500,195000
0,22,195000,197500
0,22,200000,202500
0,22,202500,205000
0,22,205000,207500
0,22,217500,220000
0,22,220000,222500
0,22,242500,245000
0,22,245000,247500
0,22,247500,250000
0,22,250000,252500
0,22,252500,255000
0,22,262500,265000
0,22,265000,267500
0,22,267500,270000
0,22,270000,272500
0,22,272500,275000
0,22,275000,277500
0,22,282500,285000
0,22,285000,287500
0,22,287500,290000
0,22,300000,302500
0,22,302500,305000
0,22,327500,330000
0,22,330000,332500
0,22,337500,340000
0,22,340000,342500
0,22,342500,345000
0,22,352500,355000
0,22,357500,360000
0,22,360000,362500
0,22,362500,365000
0,22,365000,367500
0,22,377500,380000
0,22,380000,382500
0,22,382500,385000
0,22,385000,387500
0,22,387500,390000
0,22,390000,392500
0,22,392500,395000
0,22,395000,397500
0,22,397500,400000
0,22,412500,415000
0,22,415000,417500
0,22,422500,425000
0,22,425000,427500
0,22,427500,430000
0,22,430000,432500
0,22,432500,435000
0,22,435000,437500
0,22,437500,440000
0,22,440000,442500
0,22,442500,445000
0,22,450000,452500
0,22,467500,470000
0,22,470000,472500
0,22,480000,482500
0,22,482500,485000
0,22,487500,490000
0,22,490000,492500
0,22,495000,497500
0,22,502500,505000
0,22,505000,507500
0,22,507500,510000
0,22,515000,517500
0,22,517500,520000
0,22,520000,522500
0,22,522500,525000
0,22,527500,530000
0,22,530000,532500
0,22,532500,535000
0,22,535000,537500
0,22,537500,540000
0,22,542500,545000
0,22,545000,547500
0,22,550000,552500
0,22,552500,555000
0,22,557500,560000
0,22,560000,562500
0,22,562500,565000
0,22,565000,567500
0,22,572500,575000
0,22,575000,577500
0,22,577500,580000
0,22,587500,590000
0,22,597500,600000
0,22,602500,605000
0,22,605000,607500
0,22,607500,610000
0,22,610000,612500
0,22,612500,615000
0,22,615000,617500
0,22,617500,620000
0,22,620000,622500
0,22,622500,625000
0,22,625000,627500
0,22,630000,632500
0,22,632500,635000
0,22,645000,647500
0,22,647500,650000
0,22,650000,652500
0,22,652500,655000
0,22,655000,657500
0,22,657500,660000
0,22,660000,662500
0,22,667500,670000
0,22,677500,680000
0,22,682500,685000
0,22,685000,687500
0,22,695000,697500
0,22,697500,700000
0,22,700000,702500
0,22,705000,707500
0,22,707500,710000
0,22,710000,712500
0,22,717500,720000
0,22,720000,722500
0,22,722500,725000
0,22,725000,727500
0,22,727500,730000
0,22,732500,735000
0,22,735000,737500
0,22,740000,742500
0,22,750000,752500
0,22,755000,757500
0,22,757500,760000
0,22,767500,770000
0,22,795000,797500
0,22,797500,800000
0,22,802500,805000
0,22,805000,807500
0,22,817500,820000
0,22,820000,822500
0,22,822500,825000
0,22,835000,837500
0,22,837500,840000
0,22,845000,847500
0,22,865000,867500
0,22,880000,882500
0,22,882500,885000
0,22,890000,892500
0,22,892500,895000
0,22,897500,900000
0,22,900000,902500
0,22,932500,935000
0,22,937500,940000
0,22,950000,952500
0,22,960000,962500
0,22,962500,965000
0,22,987500,990000
0,22,990000,992500
0,22,1005000,1007500
0,22,1010000,1012500
0,22,1020000,1022500
0,22,1030000,1032500
0,22,1032500,1035000
0,22,1042500,1045000
0,22,1055000,1057500
0,22,1057500,1060000
0,22,1067500,1070000
0,22,1070000,1072500
0,22,1075000,1077500
0,22,1077500,1080000
0,22,1080000,1082500
0,22,1097500,1100000
0,22,1100000,1102500
0,22,1102500,1105000
0,22,1105000,1107500
0,22,1107500,1110000
0,22,1110000,1112500
0,22,1112500,1115000
0,22,1120000,1122500
1,22,12500,15000
1,22,22500,25000
1,22,35000,37500
1,22,45000,47500
1,22,47500,50000
1,22,60000,62500
1,22,62500,65000
1,22,82500,85000
1,22,85000,87500
1,22,92500,95000
1,22,102500,105000
1,22,105000,107500
1,22,127500,130000
1,22,130000,132500
1,22,132500,135000
1,22,140000,142500
1,22,145000,147500
1,22,147500,150000
1,22,150000,152500
1,22,152500,155000
1,22,155000,157500
1,22,157500,160000
1,22,177500,180000
1,22,182500,185000
1,22,190000,192500
1,22,192500,195000
1,22,197500,200000
1,22,200000,202500
1,22,202500,205000
1,22,205000,207500
1,22,217500,220000
1,22,245000,247500
1,22,247500,250000
1,22,250000,252500
1,22,252500,255000
1,22,262500,265000
1,22,265000,267500
1,22,267500,270000
1,22,270000,272500
1,22,272500,275000
1,22,275000,277500
1,22,282500,285000
1,22,285000,287500
1,22,297500,300000
1,22,300000,302500
1,22,325000,327500
1,22,327500,330000
1,22,332500,335000
1,22,335000,337500
1,22,340000,342500
1,22,345000,347500
1,22,355000,357500
1,22,357500,360000
1,22,360000,362500
1,22,362500,365000
1,22,367500,370000
1,22,375000,377500
1,22,380000,382500
1,22,382500,385000
1,22,385000,387500
1,22,387500,390000
1,22,390000,392500
1,22,392500,395000
1,22,395000,397500
1,22,410000,412500
1,22,412500,415000
1,22,420000,422500
1,22,422500,425000
1,22,425000,427500
1,22,427500,430000
1,22,430000,432500
1,22,432500,435000
1,22,435000,437500
1,22,437500,440000
1,22,440000,442500
1,22,447500,450000
1,22,460000,462500
1,22,467500,470000
1,22,470000,472500
1,22,477500,480000
1,22,480000,482500
1,22,485000,487500
1,22,487500,490000
1,22,492500,495000
1,22,500000,502500
1,22,502500,505000
1,22,505000,507500
1,22,512500,515000
1,22,515000,517500
1,22,517500,520000
1,22,520000,522500
1,22,525000,527500
1,22,527500,530000
1,22,530000,532500
1,22,532500,535000
1,22,535000,537500
1,22,540000,542500
1,22,545000,547500
1,22,547500,550000
1,22,555000,557500
1,22,557500,560000
1,22,560000,562500
1,22,562500,565000
1,22,570000,572500
1,22,572500,575000
1,22,575000,577500
1,22,585000,587500
1,22,595000,597500
1,22,600000,602500
1,22,602500,605000
1,22,605000,607500
1,22,607500,610000
1,22,610000,612500
1,22,612500,615000
1,22,615000,617500
1,22,617500,620000
1,22,620000,622500
1,22,622500,625000
1,22,625000,627500
1,22,627500,630000
1,22,640000,642500
1,22,642500,645000
1,22,647500,650000
1,22,650000,652500
1,22,652500,655000
1,22,655000,657500
1,22,657500,660000
1,22,660000,662500
1,22,662500,665000
1,22,675000,677500
1,22,680000,682500
1,22,685000,687500
1,22,687500,690000
1,22,695000,697500
1,22,697500,700000
1,22,700000,702500
1,22,702500,705000
1,22,707500,710000
1,22,710000,712500
1,22,712500,715000
1,22,720000,722500
1,22,722500,725000
1,22,725000,727500
1,22,727500,730000
1,22,730000,732500
1,22,735000,737500
1,22,737500,740000
1,22,752500,755000
1,22,755000,757500
1,22,765000,767500
1,22,792500,795000
1,22,795000,797500
1,22,800000,802500
1,22,802500,805000
1,22,807500,810000
1,22,815000,817500
1,22,817500,820000
1,22,820000,822500
1,22,822500,825000
1,22,835000,837500
1,22,842500,845000
1,22,862500,865000
1,22,877500,880000
1,22,880000,882500
1,22,887500,890000
1,22,890000,892500
1,22,892500,895000
1,22,895000,897500
1,22,930000,932500
1,22,932500,935000
1,22,935000,937500
1,22,947500,950000
1,22,957500,960000
1,22,960000,962500
1,22,985000,987500
1,22,987500,990000
1,22,995000,997500
1,22,997500,1000000
1,22,1007500,1010000
1,22,1017500,1020000
1,22,1027500,1030000
1,22,1030000,1032500
1,22,1040000,1042500
1,22,1052500,1055000
1,22,1055000,1057500
1,22,1065000,1067500
1,22,1067500,1070000
1,22,1072500,1075000
1,22,1075000,1077500
1,22,1077500,1080000
1,22,1095000,1097500
1,22,1097500,1100000
1,22,1100000,1102500
1,22,1102500,1105000
1,22,1105000,1107500
1,22,1107500,1110000
1,22,1110000,1112500
1,22,1117500,1120000
2,22,150000,152500
2,22,1030000,1032500
2,22,1032500,1035000
3,22,147500,150000
3,22,1027500,1030000
3,22,1030000,1032500
4,22,892500,895000
4,22,1020000,1022500
4,22,1032500,1035000
5,22,890000,892500
5,22,1017500,1020000
5,22,1030000,1032500
0,23,0,2500
0,23,2500,5000
0,23,5000,7500
0,23,7500,10000
0,23,10000,12500
0,23,12500,15000
0,23,15000,17500
0,23,17500,20000
0,23,20000,22500
0,23,22500,25000
0,23,25000,27500
0,23,27500,30000
0,23,30000,32500
0,23,35000,37500
0,23,37500,40000
0,23,40000,42500
0,23,47500,50000
0,23,50000,52500
0,23,52500,55000
0,23,62500,65000
0,23,65000,67500
0,23,67500,70000
0,23,70000,72500
0,23,72500,75000
0,23,75000,77500
0,23,77500,80000
0,23,80000,82500
0,23,85000,87500
0,23,87500,90000
0,23,105000,107500
0,23,110000,112500
0,23,112500,115000
0,23,115000,117500
0,23,117500,120000
0,23,120000,122500
0,23,130000,132500
0,23,132500,135000
0,23,135000,137500
0,23,140000,142500
0,23,142500,145000
0,23,147500,150000
0,23,150000,152500
0,23,152500,155000
0,23,160000,162500
0,23,162500,165000
0,23,165000,167500
0,23,177500,180000
0,23,180000,182500
0,23,190000,192500
0,23,192500,195000
0,23,195000,197500
0,23,197500,200000
0,23,200000,202500
0,23,207500,210000
0,23,210000,212500
0,23,212500,215000
0,23,215000,217500
0,23,217500,220000
0,23,220000,222500
0,23,222500,225000
0,23,225000,227500
0,23,237500,240000
0,23,240000,242500
0,23,242500,245000
0,23,247500,250000
0,23,250000,252500
0,23,252500,255000
0,23,255000,257500
0,23,260000,262500
0,23,262500,265000
0,23,265000,267500
0,23,267500,270000
0,23,272500,275000
0,23,275000,277500
0,23,277500,280000
0,23,280000,282500
0,23,282500,285000
0,23,285000,287500
0,23,287500,290000
0,23,300000,302500
0,23,327500,330000
0,23,330000,332500
0,23,337500,340000
0,23,340000,342500
0,23,342500,345000
0,23,347500,350000
0,23,350000,352500
0,23,355000,357500
0,23,362500,365000
0,23,367500,370000
0,23,370000,372500
0,23,372500,375000
0,23,375000,377500
0,23,377500,380000
0,23,392500,395000
0,23,395000,397500
0,23,410000,412500
0,23,412500,415000
0,23,420000,422500
0,23,422500,425000
0,23,425000,427500
0,23,427500,430000
0,23,430000,432500
0,23,432500,435000
0,23,437500,440000
0,23,445000,447500
0,23,447500,450000
0,23,460000,462500
0,23,462500,465000
0,23,465000,467500
0,23,467500,470000
0,23,475000,477500
0,23,480000,482500
0,23,487500,490000
0,23,492500,495000
0,23,495000,497500
0,23,502500,505000
0,23,505000,507500
0,23,507500,510000
0,23,510000,512500
0,23,512500,515000
0,23,515000,517500
0,23,517500,520000
0,23,520000,522500
0,23,522500,525000
0,23,527500,530000
0,23,530000,532500
0,23,532500,535000
0,23,535000,537500
0,23,537500,540000
0,23,540000,542500
0,23,542500,545000
0,23,545000,547500
0,23,550000,552500
0,23,552500,555000
0,23,555000,557500
0,23,557500,560000
0,23,560000,562500
0,23,562500,565000
0,23,565000,567500
0,23,570000,572500
0,23,572500,575000
0,23,575000,577500
0,23,585000,587500
0,23,590000,592500
0,23,592500,595000
0,23,595000,597500
0,23,597500,600000
0,23,600000,602500
0,23,602500,605000
0,23,605000,607500
0,23,607500,610000
0,23,610000,612500
0,23,612500,615000
0,23,615000,617500
0,23,617500,620000
0,23,620000,622500
0,23,630000,632500
0,23,632500,635000
0,23,635000,637500
0,23,637500,640000
0,23,645000,647500
0,23,647500,650000
0,23,650000,652500
0,23,652500,655000
0,23,655000,657500
0,23,657500,660000
0,23,660000,662500
0,23,662500,665000
0,23,665000,667500
0,23,667500,670000
0,23,670000,672500
0,23,672500,675000
0,23,677500,680000
0,23,680000,682500
0,23,682500,685000
0,23,685000,687500
0,23,687500,690000
0,23,690000,692500
0,23,692500,695000
0,23,695000,697500
0,23,697500,700000
0,23,700000,702500
0,23,702500,705000
0,23,705000,707500
0,23,707500,710000
0,23,710000,712500
0,23,712500,715000
0,23,715000,717500
0,23,717500,720000
0,23,720000,722500
0,23,722500,725000
0,23,725000,727500
0,23,730000,732500
0,23,732500,735000
0,23,735000,737500
0,23,737500,740000
0,23,740000,742500
0,23,742500,745000
0,23,745000,747500
0,23,747500,750000
0,23,750000,752500
0,23,752500,755000
0,23,755000,757500
0,23,765000,767500
0,23,772500,775000
0,23,775000,777500
0,23,782500,785000
0,23,785000,787500
0,23,790000,792500
0,23,795000,797500
0,23,797500,800000
0,23,800000,802500
0,23,802500,805000
0,23,805000,807500
0,23,807500,810000
0,23,810000,812500
0,23,812500,815000
0,23,815000,817500
0,23,817500,820000
0,23,820000,822500
0,23,822500,825000
0,23,825000,827500
0,23,827500,830000
0,23,830000,832500
0,23,832500,835000
0,23,835000,837500
0,23,837500,840000
0,23,840000,842500
0,23,842500,845000
0,23,845000,847500
0,23,847500,850000
0,23,850000,852500
0,23,857500,860000
0,23,860000,862500
0,23,862500,865000
0,23,865000,867500
0,23,867500,870000
0,23,870000,872500
0,23,872500,875000
0,23,875000,877500
0,23,880000,882500
0,23,882500,885000
0,23,885000,887500
0,23,887500,890000
0,23,890000,892500
0,23,892500,895000
0,23,897500,900000
0,23,900000,902500
0,23,905000,907500
0,23,907500,910000
0,23,910000,912500
0,23,912500,915000
0,23,915000,917500
0,23,917500,920000
0,23,920000,922500
0,23,922500,925000
0,23,925000,927500
0,23,927500,930000
0,23,930000,932500
0,23,932500,935000
0,23,935000,937500
0,23,937500,940000
0,23,940000,942500
0,23,942500,945000
0,23,945000,947500
0,23,947500,950000
0,23,950000,952500
0,23,960000,962500
0,23,962500,965000
0,23,975000,977500
0,23,977500,980000
0,23,1000000,1002500
0,23,1002500,1005000
0,23,1005000,1007500
0,23,1007500,1010000
0,23,1010000,1012500
0,23,1012500,1015000
0,23,1015000,1017500
0,23,1020000,1022500
0,23,1022500,1025000
0,23,1030000,1032500
0,23,1032500,1035000
0,23,1035000,1037500
0,23,1037500,1040000
0,23,1040000,1042500
0,23,1042500,1045000
0,23,1055000,1057500
0,23,1057500,1060000
0,23,1060000,1062500
0,23,1062500,1065000
0,23,1067500,1070000
0,23,1070000,1072500
0,23,1072500,1075000
0,23,1075000,1077500
0,23,1077500,1080000
0,23,1080000,1082500
0,23,1082500,1085000
0,23,1085000,1087500
0,23,1087500,1090000
0,23,1090000,1092500
0,23,1092500,1095000
0,23,1095000,1097500
0,23,1097500,1100000
0,23,1100000,1102500
0,23,1102500,1105000
0,23,1105000,1107500
0,23,1112500,1115000
0,23,1115000,1117500
0,23,1117500,1120000
0,23,1122500,1125000
0,23,1125000,1127500
0,23,1127500,1130000
0,23,1130000,1132500
1,23,0,2500
1,23,2500,5000
1,23,5000,7500
1,23,7500,10000
1,23,10000,12500
1,23,12500,15000
1,23,15000,17500
1,23,17500,20000
1,23,20000,22500
1,23,22500,25000
1,23,25000,27500
1,23,27500,30000
1,23,32500,35000
1,23,35000,37500
1,23,37500,40000
1,23,45000,47500
1,23,47500,50000
1,23,50000,52500
1,23,60000,62500
1,23,62500,65000
1,23,65000,67500
1,23,67500,70000
1,23,70000,72500
1,23,72500,75000
1,23,75000,77500
1,23,77500,80000
1,23,82500,85000
1,23,85000,87500
1,23,102500,105000
1,23,105000,107500
1,23,107500,110000
1,23,112500,115000
1,23,115000,117500
1,23,117500,120000
1,23,127500,130000
1,23,130000,132500
1,23,132500,135000
1,23,137500,140000
1,23,140000,142500
1,23,145000,147500
1,23,147500,150000
1,23,150000,152500
1,23,157500,160000
1,23,160000,162500
1,23,162500,165000
1,23,175000,177500
1,23,177500,180000
1,23,180000,182500
1,23,182500,185000
1,23,192500,195000
1,23,195000,197500
1,23,197500,200000
1,23,205000,207500
1,23,207500,210000
1,23,210000,212500
1,23,212500,215000
1,23,215000,217500
1,23,217500,220000
1,23,220000,222500
1,23,222500,225000
1,23,235000,237500
1,23,237500,240000
1,23,240000,242500
1,23,242500,245000
1,23,245000,247500
1,23,250000,252500
1,23,252500,255000
1,23,255000,257500
1,23,257500,260000
1,23,262500,265000
1,23,265000,267500
1,23,267500,270000
1,23,270000,272500
1,23,275000,277500
1,23,277500,280000
1,23,280000,282500
1,23,282500,285000
1,23,285000,287500
1,23,297500,300000
1,23,300000,302500
1,23,302500,305000
1,23,327500,330000
1,23,335000,337500
1,23,337500,340000
1,23,340000,342500
1,23,345000,347500
1,23,347500,350000
1,23,350000,352500
1,23,352500,355000
1,23,357500,360000
1,23,365000,367500
1,23,370000,372500
1,23,372500,375000
1,23,375000,377500
1,23,377500,380000
1,23,380000,382500
1,23,395000,397500
1,23,397500,400000
1,23,412500,415000
1,23,415000,417500
1,23,422500,425000
1,23,425000,427500
1,23,427500,430000
1,23,430000,432500
1,23,432500,435000
1,23,435000,437500
1,23,440000,442500
1,23,447500,450000
1,23,450000,452500
1,23,462500,465000
1,23,465000,467500
1,23,470000,472500
1,23,472500,475000
1,23,477500,480000
1,23,487500,490000
1,23,490000,492500
1,23,495000,497500
1,23,497500,500000
1,23,505000,507500
1,23,507500,510000
1,23,510000,512500
1,23,512500,515000
1,23,515000,517500
1,23,517500,520000
1,23,520000,522500
1,23,525000,527500
1,23,527500,530000
1,23,530000,532500
1,23,532500,535000
1,23,535000,537500
1,23,537500,540000
1,23,540000,542500
1,23,542500,545000
1,23,545000,547500
1,23,547500,550000
1,23,552500,555000
1,23,555000,557500
1,23,557500,560000
1,23,560000,562500
1,23,562500,565000
1,23,565000,567500
1,23,567500,570000
1,23,572500,575000
1,23,575000,577500
1,23,577500,580000
1,23,587500,590000
1,23,592500,595000
1,23,595000,597500
1,23,597500,600000
1,23,600000,602500
1,23,602500,605000
1,23,605000,607500
1,23,607500,610000
1,23,610000,612500
1,23,612500,615000
1,23,615000,617500
1,23,617500,620000
1,23,620000,622500
1,23,622500,625000
1,23,630000,632500
1,23,632500,635000
1,23,635000,637500
1,23,640000,642500
1,23,642500,645000
1,23,647500,650000
1,23,650000,652500
1,23,652500,655000
1,23,655000,657500
1,23,657500,660000
1,23,660000,662500
1,23,662500,665000
1,23,665000,667500
1,23,667500,670000
1,23,670000,672500
1,23,675000,677500
1,23,677500,680000
1,23,680000,682500
1,23,682500,685000
1,23,685000,687500
1,23,687500,690000
1,23,690000,692500
1,23,692500,695000
1,23,695000,697500
1,23,697500,700000
1,23,700000,702500
1,23,702500,705000
1,23,705000,707500
1,23,707500,710000
1,23,710000,712500
1,23,712500,715000
1,23,715000,717500
1,23,717500,720000
1,23,720000,722500
1,23,722500,725000
1,23,727500,730000
1,23,732500,735000
1,23,735000,737500
1,23,737500,740000
1,23,740000,742500
1,23,742500,745000
1,23,745000,747500
1,23,747500,750000
1,23,750000,752500
1,23,752500,755000
1,23,755000,757500
1,23,757500,760000
1,23,770000,772500
1,23,772500,775000
1,23,780000,782500
1,23,782500,785000
1,23,787500,790000
1,23,792500,795000
1,23,795000,797500
1,23,797500,800000
1,23,800000,802500
1,23,802500,805000
1,23,805000,807500
1,23,807500,810000
1,23,810000,812500
1,23,812500,815000
1,23,815000,817500
1,23,817500,820000
1,23,820000,822500
1,23,822500,825000
1,23,825000,827500
1,23,827500,830000
1,23,830000,832500
1,23,832500,835000
1,23,835000,837500
1,23,837500,840000
1,23,840000,842500
1,23,842500,845000
1,23,845000,847500
1,23,847500,850000
1,23,855000,857500
1,23,857500,860000
1,23,860000,862500
1,23,862500,865000
1,23,865000,867500
1,23,867500,870000
1,23,870000,872500
1,23,872500,875000
1,23,877500,880000
1,23,880000,882500
1,23,882500,885000
1,23,885000,887500
1,23,887500,890000
1,23,890000,892500
1,23,895000,897500
1,23,897500,900000
1,23,902500,905000
1,23,905000,907500
1,23,907500,910000
1,23,910000,912500
1,23,912500,915000
1,23,915000,917500
1,23,917500,920000
1,23,920000,922500
1,23,922500,925000
1,23,925000,927500
1,23,927500,930000
1,23,930000,932500
1,23,932500,935000
1,23,935000,937500
1,23,937500,940000
1,23,940000,942500
1,23,942500,945000
1,23,945000,947500
1,23,947500,950000
1,23,957500,960000
1,23,960000,962500
1,23,975000,977500
1,23,997500,1000000
1,23,1002500,1005000
1,23,1005000,1007500
1,23,1007500,1010000
1,23,1010000,1012500
1,23,1012500,1015000
1,23,1017500,1020000
1,23,1020000,1022500
1,23,1027500,1030000
1,23,1030000,1032500
1,23,1032500,1035000
1,23,1035000,1037500
1,23,1037500,1040000
1,23,1040000,1042500
1,23,1052500,1055000
1,23,1055000,1057500
1,23,1057500,1060000
1,23,1060000,1062500
1,23,1065000,1067500
1,23,1067500,1070000
1,23,1070000,1072500
1,23,1072500,1075000
1,23,1075000,1077500
1,23,1077500,1080000
1,23,1080000,1082500
1,23,1082500,1085000
1,23,1085000,1087500
1,23,1087500,1090000
1,23,1090000,1092500
1,23,1092500,1095000
1,23,1095000,1097500
1,23,1097500,1100000
1,23,1100000,1102500
1,23,1102500,1105000
1,23,1105000,1107500
1,23,1107500,1110000
1,23,1115000,1117500
1,23,1117500,1120000
1,23,1120000,1122500
1,23,1125000,1127500
1,23,1127500,1130000
1,23,1137500,1140000
2,23,2500,5000
2,23,5000,7500
2,23,27500,30000
2,23,37500,40000
2,23,150000,152500
2,23,152500,155000
2,23,215000,217500
2,23,300000,302500
2,23,737500,740000
2,23,740000,742500
2,23,865000,867500
2,23,867500,870000
2,23,870000,872500
2,23,877500,880000
2,23,880000,882500
2,23,1022500,1025000
2,23,1025000,1027500
2,23,1030000,1032500
2,23,1032500,1035000
2,23,1035000,1037500
2,23,1037500,1040000
2,23,1042500,1045000
2,23,1045000,1047500
2,23,1047500,1050000
2,23,1050000,1052500
2,23,1052500,1055000
2,23,1055000,1057500
2,23,1060000,1062500
2,23,1137500,1140000
3,23,0,2500
3,23,2500,5000
3,23,25000,27500
3,23,35000,37500
3,23,147500,150000
3,23,150000,152500
3,23,180000,182500
3,23,212500,215000
3,23,297500,300000
3,23,735000,737500
3,23,737500,740000
3,23,862500,865000
3,23,865000,867500
3,23,867500,870000
3,23,875000,877500
3,23,877500,880000
3,23,1020000,1022500
3,23,1022500,1025000
3,23,1027500,1030000
3,23,1030000,1032500
3,23,1032500,1035000
3,23,1035000,1037500
3,23,1040000,1042500
3,23,1042500,1045000
3,23,1045000,1047500
3,23,1047500,1050000
3,23,1050000,1052500
3,23,1052500,1055000
3,23,1057500,1060000
3,23,1135000,1137500
3,23,1137500,1140000
4,23,55000,57500
4,23,57500,60000
4,23,60000,62500
4,23,62500,65000
4,23,65000,67500
4,23,907500,910000
4,23,915000,917500
4,23,922500,925000
4,23,1015000,1017500
4,23,1017500,1020000
5,23,52500,55000
5,23,55000,57500
5,23,57500,60000
5,23,60000,62500
5,23,62500,65000
5,23,905000,907500
5,23,912500,915000
5,23,920000,922500
5,23,1012500,1015000
5,23,1015000,1017500
0,24,1130000,1132500
1,24,1127500,1130000
2,24,52500,55000
2,24,70000,72500
2,24,77500,80000
2,24,80000,82500
2,24,82500,85000
2,24,85000,87500
2,24,87500,90000
2,24,1120000,1122500
2,24,1122500,1125000
2,24,1127500,1130000
2,24,1132500,1135000
2,24,1242500,1245000
2,24,1245000,1247500
2,24,1247500,1250000
2,24,1250000,1252500
3,24,50000,52500
3,24,67500,70000
3,24,75000,77500
3,24,77500,80000
3,24,80000,82500
3,24,82500,85000
3,24,85000,87500
3,24,1117500,1120000
3,24,1120000,1122500
3,24,1125000,1127500
3,24,1130000,1132500
3,24,1240000,1242500
3,24,1242500,1245000
3,24,1245000,1247500
3,24,1247500,1250000
3,24,1250000,1252500
0,25,5000,7500
0,25,250000,252500
0,25,275000,277500
0,25,415000,417500
0,25,417500,420000
0,25,445000,447500
0,25,555000,557500
0,25,605000,607500
0,25,735000,737500
0,25,737500,740000
0,25,850000,852500
0,25,870000,872500
0,25,920000,922500
0,25,925000,927500
0,25,937500,940000
0,25,942500,945000
0,25,952500,955000
0,25,1035000,1037500
1,25,222500,225000
1,25,225000,227500
1,25,262500,265000
1,25,265000,267500
1,25,395000,397500
1,25,417500,420000
1,25,420000,422500
1,25,522500,525000
1,25,525000,527500
1,25,550000,552500
1,25,602500,605000
1,25,692500,695000
1,25,755000,757500
1,25,867500,870000
1,25,870000,872500
1,25,922500,925000
1,25,935000,937500
1,25,937500,940000
1,25,940000,942500
1,25,945000,947500
1,25,955000,957500
1,25,1030000,1032500
1,25,1032500,1035000
2,25,20000,22500
2,25,25000,27500
2,25,47500,50000
2,25,50000,52500
2,25,85000,87500
2,25,87500,90000
2,25,102500,105000
2,25,105000,107500
2,25,110000,112500
2,25,177500,180000
2,25,517500,520000
2,25,1132500,1135000
2,25,1145000,1147500
3,25,5000,7500
3,25,7500,10000
3,25,22500,25000
3,25,62500,65000
3,25,65000,67500
3,25,97500,100000
3,25,100000,102500
3,25,105000,107500
3,25,107500,110000
3,25,142500,145000
3,25,145000,147500
3,25,177500,180000
3,25,180000,182500
3,25,1100000,1102500
3,25,1130000,1132500
3,25,1135000,1137500
3,25,1147500,1150000
4,25,2500,5000
4,25,5000,7500
4,25,20000,22500
4,25,25000,27500
4,25,47500,50000
4,25,50000,52500
4,25,60000,62500
4,25,62500,65000
4,25,85000,87500
4,25,87500,90000
4,25,90000,92500
4,25,92500,95000
4,25,95000,97500
4,25,97500,100000
4,25,102500,105000
4,25,105000,107500
4,25,110000,112500
4,25,120000,122500
4,25,127500,130000
4,25,140000,142500
4,25,142500,145000
4,25,160000,162500
4,25,165000,167500
4,25,167500,170000
4,25,175000,177500
4,25,177500,180000
4,25,185000,187500
4,25,187500,190000
4,25,200000,202500
4,25,202500,205000
4,25,205000,207500
4,25,207500,210000
4,25,210000,212500
4,25,212500,215000
4,25,215000,217500
4,25,217500,220000
4,25,220000,222500
4,25,222500,225000
4,25,250000,252500
4,25,252500,255000
4,25,255000,257500
4,25,257500,260000
4,25,260000,262500
4,25,262500,265000
4,25,275000,277500
4,25,277500,280000
4,25,280000,282500
4,25,370000,372500
4,25,372500,375000
4,25,377500,380000
4,25,380000,382500
4,25,417500,420000
4,25,442500,445000
4,25,445000,447500
4,25,447500,450000
4,25,450000,452500
4,25,452500,455000
4,25,455000,457500
4,25,457500,460000
4,25,460000,462500
4,25,465000,467500
4,25,467500,470000
4,25,515000,517500
4,25,517500,520000
4,25,520000,522500
4,25,522500,525000
4,25,547500,550000
4,25,555000,557500
4,25,562500,565000
4,25,565000,567500
4,25,567500,570000
4,25,570000,572500
4,25,575000,577500
4,25,577500,580000
4,25,607500,610000
4,25,627500,630000
4,25,675000,677500
4,25,735000,737500
4,25,737500,740000
4,25,742500,745000
4,25,752500,755000
4,25,817500,820000
4,25,835000,837500
4,25,850000,852500
4,25,852500,855000
4,25,855000,857500
4,25,860000,862500
4,25,862500,865000
4,25,865000,867500
4,25,867500,870000
4,25,870000,872500
4,25,920000,922500
4,25,937500,940000
4,25,952500,955000
4,25,1002500,1005000
4,25,1005000,1007500
4,25,1030000,1032500
4,25,1035000,1037500
4,25,1037500,1040000
4,25,1042500,1045000
4,25,1045000,1047500
4,25,1047500,1050000
4,25,1050000,1052500
4,25,1052500,1055000
4,25,1055000,1057500
4,25,1057500,1060000
4,25,1060000,1062500
4,25,1062500,1065000
4,25,1065000,1067500
4,25,1067500,1070000
4,25,1097500,1100000
4,25,1127500,1130000
4,25,1132500,1135000
4,25,1145000,1147500
5,25,5000,7500
5,25,7500,10000
5,25,22500,25000
5,25,27500,30000
5,25,50000,52500
5,25,52500,55000
5,25,62500,65000
5,25,65000,67500
5,25,87500,90000
5,25,90000,92500
5,25,92500,95000
5,25,95000,97500
5,25,97500,100000
5,25,100000,102500
5,25,105000,107500
5,25,107500,110000
5,25,112500,115000
5,25,122500,125000
5,25,130000,132500
5,25,142500,145000
5,25,145000,147500
5,25,162500,165000
5,25,167500,170000
5,25,170000,172500
5,25,177500,180000
5,25,180000,182500
5,25,187500,190000
5,25,190000,192500
5,25,202500,205000
5,25,205000,207500
5,25,207500,210000
5,25,210000,212500
5,25,212500,215000
5,25,215000,217500
5,25,217500,220000
5,25,220000,222500
5,25,222500,225000
5,25,225000,227500
5,25,252500,255000
5,25,255000,257500
5,25,257500,260000
5,25,260000,262500
5,25,262500,265000
5,25,277500,280000
5,25,340000,342500
5,25,375000,377500
5,25,377500,380000
5,25,395000,397500
5,25,420000,422500
5,25,445000,447500
5,25,447500,450000
5,25,450000,452500
5,25,452500,455000
5,25,455000,457500
5,25,457500,460000
5,25,460000,462500
5,25,462500,465000
5,25,467500,470000
5,25,470000,472500
5,25,517500,520000
5,25,520000,522500
5,25,522500,525000
5,25,525000,527500
5,25,550000,552500
5,25,557500,560000
5,25,565000,567500
5,25,567500,570000
5,25,570000,572500
5,25,572500,575000
5,25,605000,607500
5,25,637500,640000
5,25,640000,642500
5,25,737500,740000
5,25,740000,742500
5,25,745000,747500
5,25,755000,757500
5,25,820000,822500
5,25,837500,840000
5,25,852500,855000
5,25,857500,860000
5,25,860000,862500
5,25,862500,865000
5,25,865000,867500
5,25,867500,870000
5,25,870000,872500
5,25,872500,875000
5,25,935000,937500
5,25,937500,940000
5,25,945000,947500
5,25,947500,950000
5,25,955000,957500
5,25,1027500,1030000
5,25,1030000,1032500
5,25,1032500,1035000
5,25,1037500,1040000
5,25,1040000,1042500
5,25,1045000,1047500
5,25,1047500,1050000
5,25,1050000,1052500
5,25,1052500,1055000
5,25,1055000,1057500
5,25,1057500,1060000
5,25,1060000,1062500
5,25,1062500,1065000
5,25,1065000,1067500
5,25,1067500,1070000
5,25,1070000,1072500
5,25,1100000,1102500
5,25,1130000,1132500
5,25,1135000,1137500
5,25,1147500,1150000
0,26,90000,92500
0,26,237500,240000
0,26,855000,857500
1,26,87500,90000
1,26,852500,855000
2,26,87500,90000
2,26,1247500,1250000
3,26,85000,87500
3,26,1245000,1247500
4,26,80000,82500
4,26,82500,85000
4,26,85000,87500
4,26,230000,232500
4,26,237500,240000
4,26,355000,357500
4,26,357500,360000
4,26,467500,470000
4,26,472500,475000
4,26,475000,477500
4,26,477500,480000
4,26,485000,487500
4,26,487500,490000
4,26,520000,522500
4,26,525000,527500
4,26,530000,532500
4,26,535000,537500
4,26,542500,545000
4,26,545000,547500
4,26,550000,552500
4,26,552500,555000
4,26,557500,560000
4,26,560000,562500
4,26,575000,577500
4,26,587500,590000
4,26,637500,640000
4,26,640000,642500
4,26,645000,647500
4,26,647500,650000
4,26,650000,652500
4,26,652500,655000
4,26,655000,657500
4,26,657500,660000
4,26,660000,662500
4,26,662500,665000
4,26,665000,667500
4,26,667500,670000
4,26,670000,672500
4,26,672500,675000
4,26,757500,760000
4,26,762500,765000
4,26,767500,770000
4,26,770000,772500
4,26,785000,787500
4,26,787500,790000
4,26,800000,802500
4,26,850000,852500
4,26,852500,855000
4,26,1117500,1120000
4,26,1152500,1155000
4,26,1157500,1160000
4,26,1162500,1165000
4,26,1167500,1170000
4,26,1190000,1192500
4,26,1192500,1195000
4,26,1195000,1197500
4,26,1242500,1245000
5,26,45000,47500
5,26,82500,85000
5,26,232500,235000
5,26,240000,242500
5,26,290000,292500
5,26,357500,360000
5,26,460000,462500
5,26,462500,465000
5,26,470000,472500
5,26,475000,477500
5,26,477500,480000
5,26,480000,482500
5,26,487500,490000
5,26,490000,492500
5,26,522500,525000
5,26,527500,530000
5,26,532500,535000
5,26,537500,540000
5,26,545000,547500
5,26,547500,550000
5,26,552500,555000
5,26,555000,557500
5,26,560000,562500
5,26,562500,565000
5,26,592500,595000
5,26,595000,597500
5,26,640000,642500
5,26,642500,645000
5,26,647500,650000
5,26,650000,652500
5,26,652500,655000
5,26,655000,657500
5,26,657500,660000
5,26,660000,662500
5,26,662500,665000
5,26,665000,667500
5,26,667500,670000
5,26,670000,672500
5,26,672500,675000
5,26,760000,762500
5,26,765000,767500
5,26,770000,772500
5,26,772500,775000
5,26,787500,790000
5,26,790000,792500
5,26,802500,805000
5,26,832500,835000
5,26,1155000,1157500
5,26,1160000,1162500
5,26,1165000,1167500
5,26,1187500,1190000
5,26,1190000,1192500
5,26,1192500,1195000
5,26,1240000,1242500
2,27,10000,12500
2,27,12500,15000
2,27,15000,17500
2,27,52500,55000
2,27,55000,57500
2,27,70000,72500
2,27,77500,80000
2,27,80000,82500
2,27,82500,85000
2,27,85000,87500
2,27,87500,90000
2,27,90000,92500
2,27,100000,102500
2,27,962500,965000
2,27,1120000,1122500
2,27,1122500,1125000
2,27,1125000,1127500
2,27,1127500,1130000
2,27,1130000,1132500
2,27,1132500,1135000
2,27,1140000,1142500
2,27,1242500,1245000
2,27,1245000,1247500
2,27,1247500,1250000
2,27,1250000,1252500
3,27,7500,10000
3,27,10000,12500
3,27,12500,15000
3,27,50000,52500
3,27,52500,55000
3,27,67500,70000
3,27,75000,77500
3,27,77500,80000
3,27,80000,82500
3,27,82500,85000
3,27,85000,87500
3,27,87500,90000
3,27,97500,100000
3,27,960000,962500
3,27,1117500,1120000
3,27,1120000,1122500
3,27,1122500,1125000
3,27,1125000,1127500
3,27,1127500,1130000
3,27,1130000,1132500
3,27,1137500,1140000
3,27,1240000,1242500
3,27,1242500,1245000
3,27,1245000,1247500
3,27,1247500,1250000
0,28,87500,90000
0,28,90000,92500
0,28,100000,102500
0,28,105000,107500
0,28,192500,195000
0,28,207500,210000
0,28,210000,212500
0,28,212500,215000
0,28,220000,222500
0,28,277500,280000
0,28,280000,282500
0,28,292500,295000
0,28,295000,297500
0,28,297500,300000
0,28,300000,302500
0,28,302500,305000
0,28,305000,307500
0,28,307500,310000
0,28,310000,312500
0,28,312500,315000
0,28,410000,412500
0,28,440000,442500
0,28,445000,447500
0,28,450000,452500
0,28,452500,455000
0,28,455000,457500
0,28,457500,460000
0,28,460000,462500
0,28,462500,465000
0,28,465000,467500
0,28,467500,470000
0,28,470000,472500
0,28,552500,555000
0,28,615000,617500
0,28,677500,680000
0,28,680000,682500
0,28,682500,685000
0,28,685000,687500
0,28,687500,690000
0,28,770000,772500
0,28,772500,775000
0,28,775000,777500
0,28,795000,797500
0,28,810000,812500
0,28,812500,815000
0,28,832500,835000
0,28,837500,840000
0,28,852500,855000
0,28,935000,937500
0,28,1132500,1135000
1,28,85000,87500
1,28,97500,100000
1,28,102500,105000
1,28,190000,192500
1,28,192500,195000
1,28,195000,197500
1,28,210000,212500
1,28,212500,215000
1,28,220000,222500
1,28,222500,225000
1,28,277500,280000
1,28,290000,292500
1,28,292500,295000
1,28,295000,297500
1,28,297500,300000
1,28,300000,302500
1,28,302500,305000
1,28,305000,307500
1,28,307500,310000
1,28,310000,312500
1,28,312500,315000
1,28,315000,317500
1,28,407500,410000
1,28,437500,440000
1,28,442500,445000
1,28,447500,450000
1,28,450000,452500
1,28,452500,455000
1,28,455000,457500
1,28,457500,460000
1,28,460000,462500
1,28,462500,465000
1,28,465000,467500
1,28,467500,470000
1,28,550000,552500
1,28,612500,615000
1,28,642500,645000
1,28,662500,665000
1,28,677500,680000
1,28,680000,682500
1,28,682500,685000
1,28,685000,687500
1,28,700000,702500
1,28,755000,757500
1,28,767500,770000
1,28,770000,772500
1,28,772500,775000
1,28,792500,795000
1,28,807500,810000
1,28,810000,812500
1,28,830000,832500
1,28,835000,837500
1,28,850000,852500
1,28,932500,935000
1,28,947500,950000
2,28,30000,32500
2,28,70000,72500
2,28,1072500,1075000
2,28,1132500,1135000
2,28,1205000,1207500
2,28,1207500,1210000
2,28,1242500,1245000
3,28,27500,30000
3,28,42500,45000
3,28,67500,70000
3,28,1185000,1187500
3,28,1202500,1205000
3,28,1205000,1207500
3,28,1240000,1242500
3,28,1242500,1245000
4,28,0,2500
4,28,2500,5000
4,28,5000,7500
4,28,20000,22500
4,28,25000,27500
4,28,27500,30000
4,28,30000,32500
4,28,32500,35000
4,28,35000,37500
4,28,37500,40000
4,28,40000,42500
4,28,42500,45000
4,28,62500,65000
4,28,65000,67500
4,28,70000,72500
4,28,72500,75000
4,28,80000,82500
4,28,82500,85000
4,28,87500,90000
4,28,90000,92500
4,28,92500,95000
4,28,95000,97500
4,28,97500,100000
4,28,100000,102500
4,28,102500,105000
4,28,105000,107500
4,28,107500,110000
4,28,110000,112500
4,28,112500,115000
4,28,115000,117500
4,28,117500,120000
4,28,120000,122500
4,28,122500,125000
4,28,125000,127500
4,28,127500,130000
4,28,132500,135000
4,28,135000,137500
4,28,137500,140000
4,28,140000,142500
4,28,142500,145000
4,28,145000,147500
4,28,147500,150000
4,28,150000,152500
4,28,152500,155000
4,28,155000,157500
4,28,160000,162500
4,28,162500,165000
4,28,165000,167500
4,28,167500,170000
4,28,172500,175000
4,28,175000,177500
4,28,177500,180000
4,28,180000,182500
4,28,182500,185000
4,28,185000,187500
4,28,187500,190000
4,28,207500,210000
4,28,210000,212500
4,28,212500,215000
4,28,217500,220000
4,28,220000,222500
4,28,257500,260000
4,28,260000,262500
4,28,262500,265000
4,28,265000,267500
4,28,267500,270000
4,28,275000,277500
4,28,282500,285000
4,28,285000,287500
4,28,287500,290000
4,28,290000,292500
4,28,350000,352500
4,28,360000,362500
4,28,362500,365000
4,28,385000,387500
4,28,387500,390000
4,28,390000,392500
4,28,392500,395000
4,28,395000,397500
4,28,397500,400000
4,28,405000,407500
4,28,407500,410000
4,28,425000,427500
4,28,435000,437500
4,28,437500,440000
4,28,440000,442500
4,28,442500,445000
4,28,445000,447500
4,28,447500,450000
4,28,450000,452500
4,28,452500,455000
4,28,455000,457500
4,28,457500,460000
4,28,472500,475000
4,28,475000,477500
4,28,477500,480000
4,28,480000,482500
4,28,482500,485000
4,28,485000,487500
4,28,487500,490000
4,28,490000,492500
4,28,492500,495000
4,28,495000,497500
4,28,497500,500000
4,28,500000,502500
4,28,502500,505000
4,28,505000,507500
4,28,507500,510000
4,28,510000,512500
4,28,512500,515000
4,28,515000,517500
4,28,520000,522500
4,28,522500,525000
4,28,525000,527500
4,28,527500,530000
4,28,530000,532500
4,28,532500,535000
4,28,535000,537500
4,28,537500,540000
4,28,540000,542500
4,28,542500,545000
4,28,640000,642500
4,28,642500,645000
4,28,652500,655000
4,28,660000,662500
4,28,667500,670000
4,28,670000,672500
4,28,675000,677500
4,28,722500,725000
4,28,725000,727500
4,28,760000,762500
4,28,765000,767500
4,28,767500,770000
4,28,775000,777500
4,28,777500,780000
4,28,780000,782500
4,28,782500,785000
4,28,785000,787500
4,28,787500,790000
4,28,790000,792500
4,28,792500,795000
4,28,795000,797500
4,28,797500,800000
4,28,800000,802500
4,28,802500,805000
4,28,805000,807500
4,28,812500,815000
4,28,817500,820000
4,28,820000,822500
4,28,827500,830000
4,28,835000,837500
4,28,837500,840000
4,28,840000,842500
4,28,842500,845000
4,28,845000,847500
4,28,847500,850000
4,28,855000,857500
4,28,865000,867500
4,28,867500,870000
4,28,870000,872500
4,28,902500,905000
4,28,905000,907500
4,28,907500,910000
4,28,910000,912500
4,28,917500,920000
4,28,920000,922500
4,28,922500,925000
4,28,925000,927500
4,28,930000,932500
4,28,937500,940000
4,28,952500,955000
4,28,975000,977500
4,28,977500,980000
4,28,985000,987500
4,28,987500,990000
4,28,990000,992500
4,28,992500,995000
4,28,995000,997500
4,28,997500,1000000
4,28,1000000,1002500
4,28,1002500,1005000
4,28,1005000,1007500
4,28,1007500,1010000
4,28,1010000,1012500
4,28,1012500,1015000
4,28,1015000,1017500
4,28,1017500,1020000
4,28,1020000,1022500
4,28,1022500,1025000
4,28,1025000,1027500
4,28,1027500,1030000
4,28,1030000,1032500
4,28,1032500,1035000
4,28,1035000,1037500
4,28,1037500,1040000
4,28,1040000,1042500
4,28,1042500,1045000
4,28,1045000,1047500
4,28,1047500,1050000
4,28,1050000,1052500
4,28,1065000,1067500
4,28,1072500,1075000
4,28,1077500,1080000
4,28,1080000,1082500
4,28,1082500,1085000
4,28,1085000,1087500
4,28,1087500,1090000
4,28,1090000,1092500
4,28,1092500,1095000
4,28,1102500,1105000
4,28,1132500,1135000
4,28,1135000,1137500
4,28,1142500,1145000
4,28,1157500,1160000
4,28,1165000,1167500
4,28,1167500,1170000
4,28,1170000,1172500
4,28,1172500,1175000
4,28,1175000,1177500
4,28,1177500,1180000
4,28,1180000,1182500
4,28,1182500,1185000
4,28,1200000,1202500
4,28,1202500,1205000
4,28,1205000,1207500
4,28,1207500,1210000
4,28,1210000,1212500
4,28,1212500,1215000
4,28,1215000,1217500
4,28,1222500,1225000
4,28,1237500,1240000
4,28,1240000,1242500
4,28,1242500,1245000
4,28,1247500,1250000
5,28,2500,5000
5,28,5000,7500
5,28,7500,10000
5,28,22500,25000
5,28,27500,30000
5,28,30000,32500
5,28,32500,35000
5,28,35000,37500
5,28,37500,40000
5,28,40000,42500
5,28,42500,45000
5,28,45000,47500
5,28,65000,67500
5,28,67500,70000
5,28,72500,75000
5,28,75000,77500
5,28,82500,85000
5,28,85000,87500
5,28,90000,92500
5,28,92500,95000
5,28,95000,97500
5,28,97500,100000
5,28,100000,102500
5,28,102500,105000
5,28,105000,107500
5,28,107500,110000
5,28,110000,112500
5,28,112500,115000
5,28,115000,117500
5,28,117500,120000
5,28,120000,122500
5,28,122500,125000
5,28,125000,127500
5,28,127500,130000
5,28,130000,132500
5,28,135000,137500
5,28,137500,140000
5,28,140000,142500
5,28,142500,145000
5,28,145000,147500
5,28,147500,150000
5,28,150000,152500
5,28,152500,155000
5,28,155000,157500
5,28,157500,160000
5,28,162500,165000
5,28,165000,167500
5,28,170000,172500
5,28,172500,175000
5,28,175000,177500
5,28,177500,180000
5,28,180000,182500
5,28,182500,185000
5,28,185000,187500
5,28,192500,195000
5,28,195000,197500
5,28,210000,212500
5,28,212500,215000
5,28,215000,217500
5,28,220000,222500
5,28,222500,225000
5,28,260000,262500
5,28,262500,265000
5,28,265000,267500
5,28,267500,270000
5,28,270000,272500
5,28,280000,282500
5,28,282500,285000
5,28,285000,287500
5,28,287500,290000
5,28,315000,317500
5,28,352500,355000
5,28,382500,385000
5,28,385000,387500
5,28,387500,390000
5,28,390000,392500
5,28,392500,395000
5,28,395000,397500
5,28,397500,400000
5,28,400000,402500
5,28,415000,417500
5,28,417500,420000
5,28,427500,430000
5,28,437500,440000
5,28,440000,442500
5,28,442500,445000
5,28,445000,447500
5,28,447500,450000
5,28,450000,452500
5,28,452500,455000
5,28,455000,457500
5,28,470000,472500
5,28,472500,475000
5,28,475000,477500
5,28,477500,480000
5,28,480000,482500
5,28,482500,485000
5,28,485000,487500
5,28,487500,490000
5,28,490000,492500
5,28,492500,495000
5,28,495000,497500
5,28,497500,500000
5,28,500000,502500
5,28,502500,505000
5,28,505000,507500
5,28,507500,510000
5,28,510000,512500
5,28,512500,515000
5,28,515000,517500
5,28,517500,520000
5,28,522500,525000
5,28,525000,527500
5,28,527500,530000
5,28,530000,532500
5,28,532500,535000
5,28,535000,537500
5,28,537500,540000
5,28,540000,542500
5,28,627500,630000
5,28,642500,645000
5,28,645000,647500
5,28,655000,657500
5,28,662500,665000
5,28,670000,672500
5,28,672500,675000
5,28,700000,702500
5,28,755000,757500
5,28,762500,765000
5,28,772500,775000
5,28,775000,777500
5,28,777500,780000
5,28,780000,782500
5,28,782500,785000
5,28,785000,787500
5,28,787500,790000
5,28,790000,792500
5,28,792500,795000
5,28,795000,797500
5,28,797500,800000
5,28,800000,802500
5,28,802500,805000
5,28,810000,812500
5,28,812500,815000
5,28,815000,817500
5,28,825000,827500
5,28,832500,835000
5,28,835000,837500
5,28,837500,840000
5,28,840000,842500
5,28,842500,845000
5,28,845000,847500
5,28,852500,855000
5,28,862500,865000
5,28,865000,867500
5,28,867500,870000
5,28,875000,877500
5,28,905000,907500
5,28,907500,910000
5,28,910000,912500
5,28,912500,915000
5,28,920000,922500
5,28,922500,925000
5,28,927500,930000
5,28,935000,937500
5,28,945000,947500
5,28,947500,950000
5,28,955000,957500
5,28,977500,980000
5,28,980000,982500
5,28,987500,990000
5,28,990000,992500
5,28,992500,995000
5,28,995000,997500
5,28,997500,1000000
5,28,1000000,1002500
5,28,1002500,1005000
5,28,1005000,1007500
5,28,1007500,1010000
5,28,1010000,1012500
5,28,1012500,1015000
5,28,1015000,1017500
5,28,1017500,1020000
5,28,1020000,1022500
5,28,1022500,1025000
5,28,1025000,1027500
5,28,1027500,1030000
5,28,1030000,1032500
5,28,1032500,1035000
5,28,1035000,1037500
5,28,1037500,1040000
5,28,1040000,1042500
5,28,1042500,1045000
5,28,1045000,1047500
5,28,1047500,1050000
5,28,1062500,1065000
5,28,1067500,1070000
5,28,1075000,1077500
5,28,1077500,1080000
5,28,1080000,1082500
5,28,1082500,1085000
5,28,1085000,1087500
5,28,1087500,1090000
5,28,1090000,1092500
5,28,1092500,1095000
5,28,1095000,1097500
5,28,1105000,1107500
5,28,1135000,1137500
5,28,1137500,1140000
5,28,1145000,1147500
5,28,1160000,1162500
5,28,1167500,1170000
5,28,1170000,1172500
5,28,1172500,1175000
5,28,1175000,1177500
5,28,1177500,1180000
5,28,1180000,1182500
5,28,1182500,1185000
5,28,1185000,1187500
5,28,1202500,1205000
5,28,1205000,1207500
5,28,1207500,1210000
5,28,1210000,1212500
5,28,1212500,1215000
5,28,1215000,1217500
5,28,1217500,1220000
5,28,1225000,1227500
5,28,1240000,1242500
5,28,1242500,1245000
5,28,1245000,1247500
5,28,1250000,1252500
0,29,40000,42500
0,29,42500,45000
0,29,45000,47500
0,29,82500,85000
0,29,92500,95000
0,29,95000,97500
0,29,97500,100000
0,29,100000,102500
0,29,102500,105000
0,29,175000,177500
0,29,177500,180000
0,29,217500,220000
0,29,272500,275000
0,29,292500,295000
0,29,295000,297500
0,29,372500,375000
0,29,375000,377500
0,29,902500,905000
0,29,905000,907500
0,29,907500,910000
0,29,910000,912500
0,29,912500,915000
0,29,917500,920000
0,29,925000,927500
0,29,927500,930000
0,29,930000,932500
0,29,932500,935000
0,29,935000,937500
0,29,947500,950000
0,29,1020000,1022500
0,29,1022500,1025000
0,29,1025000,1027500
0,29,1027500,1030000
0,29,1030000,1032500
0,29,1032500,1035000
0,29,1035000,1037500
0,29,1037500,1040000
0,29,1040000,1042500
0,29,1045000,1047500
0,29,1047500,1050000
0,29,1070000,1072500
0,29,1120000,1122500
0,29,1137500,1140000
0,29,1145000,1147500
0,29,1147500,1150000
0,29,1150000,1152500
0,29,1152500,1155000
0,29,1155000,1157500
0,29,1157500,1160000
0,29,1160000,1162500
0,29,1162500,1165000
0,29,1165000,1167500
0,29,1167500,1170000
0,29,1170000,1172500
0,29,1172500,1175000
0,29,1175000,1177500
0,29,1177500,1180000
0,29,1180000,1182500
0,29,1182500,1185000
0,29,1185000,1187500
0,29,1187500,1190000
0,29,1190000,1192500
0,29,1192500,1195000
0,29,1195000,1197500
0,29,1197500,1200000
0,29,1200000,1202500
0,29,1202500,1205000
0,29,1235000,1237500
0,29,1237500,1240000
0,29,1242500,1245000
0,29,1245000,1247500
0,29,1247500,1250000
0,29,1250000,1252500
1,29,37500,40000
1,29,40000,42500
1,29,42500,45000
1,29,80000,82500
1,29,90000,92500
1,29,92500,95000
1,29,95000,97500
1,29,97500,100000
1,29,100000,102500
1,29,172500,175000
1,29,175000,177500
1,29,215000,217500
1,29,270000,272500
1,29,290000,292500
1,29,292500,295000
1,29,370000,372500
1,29,372500,375000
1,29,900000,902500
1,29,902500,905000
1,29,905000,907500
1,29,907500,910000
1,29,910000,912500
1,29,915000,917500
1,29,922500,925000
1,29,925000,927500
1,29,927500,930000
1,29,930000,932500
1,29,932500,935000
1,29,945000,947500
1,29,1017500,1020000
1,29,1020000,1022500
1,29,1022500,1025000
1,29,1025000,1027500
1,29,1027500,1030000
1,29,1030000,1032500
1,29,1032500,1035000
1,29,1035000,1037500
1,29,1037500,1040000
1,29,1042500,1045000
1,29,1045000,1047500
1,29,1117500,1120000
1,29,1135000,1137500
1,29,1142500,1145000
1,29,1145000,1147500
1,29,1147500,1150000
1,29,1150000,1152500
1,29,1152500,1155000
1,29,1155000,1157500
1,29,1157500,1160000
1,29,1160000,1162500
1,29,1162500,1165000
1,29,1165000,1167500
1,29,1167500,1170000
1,29,1170000,1172500
1,29,1172500,1175000
1,29,1175000,1177500
1,29,1177500,1180000
1,29,1180000,1182500
1,29,1182500,1185000
1,29,1185000,1187500
1,29,1187500,1190000
1,29,1190000,1192500
1,29,1192500,1195000
1,29,1195000,1197500
1,29,1197500,1200000
1,29,1200000,1202500
1,29,1232500,1235000
1,29,1235000,1237500
1,29,1240000,1242500
1,29,1242500,1245000
1,29,1245000,1247500
1,29,1247500,1250000
1,29,1250000,1252500
2,29,10000,12500
2,29,12500,15000
2,29,70000,72500
2,29,72500,75000
2,29,75000,77500
2,29,77500,80000
2,29,80000,82500
2,29,82500,85000
2,29,87500,90000
2,29,1132500,1135000
2,29,1140000,1142500
2,29,1142500,1145000
2,29,1247500,1250000
3,29,7500,10000
3,29,10000,12500
3,29,67500,70000
3,29,72500,75000
3,29,75000,77500
3,29,77500,80000
3,29,80000,82500
3,29,85000,87500
3,29,1130000,1132500
3,29,1137500,1140000
3,29,1140000,1142500
3,29,1245000,1247500
4,29,0,2500
4,29,12500,15000
4,29,297500,300000
4,29,300000,302500
4,29,302500,305000
4,29,305000,307500
4,29,307500,310000
4,29,310000,312500
4,29,317500,320000
4,29,330000,332500
4,29,335000,337500
4,29,375000,377500
4,29,377500,380000
4,29,392500,395000
4,29,830000,832500
4,29,832500,835000
4,29,940000,942500
4,29,950000,952500
4,29,952500,955000
4,29,955000,957500
4,29,957500,960000
4,29,990000,992500
4,29,992500,995000
4,29,995000,997500
4,29,997500,1000000
4,29,1000000,1002500
4,29,1012500,1015000
4,29,1117500,1120000
4,29,1145000,1147500
5,29,10000,12500
5,29,65000,67500
5,29,295000,297500
5,29,297500,300000
5,29,300000,302500
5,29,302500,305000
5,29,305000,307500
5,29,307500,310000
5,29,315000,317500
5,29,327500,330000
5,29,332500,335000
5,29,372500,375000
5,29,375000,377500
5,29,390000,392500
5,29,937500,940000
5,29,947500,950000
5,29,950000,952500
5,29,952500,955000
5,29,955000,957500
5,29,957500,960000
5,29,960000,962500
5,29,990000,992500
5,29,992500,995000
5,29,995000,997500
5,29,997500,1000000
5,29,1010000,1012500
5,29,1115000,1117500
5,29,1142500,1145000
2,30,70000,72500
2,30,75000,77500
2,30,77500,80000
2,30,80000,82500
2,30,82500,85000
2,30,85000,87500
2,30,87500,90000
2,30,965000,967500
2,30,1247500,1250000
2,30,1250000,1252500
3,30,67500,70000
3,30,72500,75000
3,30,75000,77500
3,30,77500,80000
3,30,80000,82500
3,30,82500,85000
3,30,85000,87500
3,30,962500,965000
3,30,1245000,1247500
3,30,1247500,1250000
0,31,47500,50000
0,31,50000,52500
0,31,52500,55000
0,31,55000,57500
0,31,57500,60000
0,31,60000,62500
0,31,62500,65000
0,31,122500,125000
0,31,130000,132500
0,31,132500,135000
0,31,142500,145000
0,31,152500,155000
0,31,155000,157500
0,31,162500,165000
0,31,170000,172500
0,31,172500,175000
0,31,187500,190000
0,31,192500,195000
0,31,195000,197500
0,31,197500,200000
0,31,200000,202500
0,31,202500,205000
0,31,205000,207500
0,31,207500,210000
0,31,210000,212500
0,31,212500,215000
0,31,215000,217500
0,31,217500,220000
0,31,220000,222500
0,31,222500,225000
0,31,227500,230000
0,31,252500,255000
0,31,255000,257500
0,31,257500,260000
0,31,260000,262500
0,31,262500,265000
0,31,267500,270000
0,31,277500,280000
0,31,280000,282500
0,31,282500,285000
0,31,285000,287500
0,31,287500,290000
0,31,290000,292500
0,31,292500,295000
0,31,295000,297500
0,31,297500,300000
0,31,300000,302500
0,31,302500,305000
0,31,305000,307500
0,31,307500,310000
0,31,310000,312500
0,31,312500,315000
0,31,315000,317500
0,31,317500,320000
0,31,320000,322500
0,31,322500,325000
0,31,325000,327500
0,31,327500,330000
0,31,330000,332500
0,31,332500,335000
0,31,335000,337500
0,31,337500,340000
0,31,340000,342500
0,31,347500,350000
0,31,350000,352500
0,31,352500,355000
0,31,357500,360000
0,31,372500,375000
0,31,375000,377500
0,31,377500,380000
0,31,380000,382500
0,31,382500,385000
0,31,385000,387500
0,31,387500,390000
0,31,390000,392500
0,31,392500,395000
0,31,395000,397500
0,31,422500,425000
0,31,425000,427500
0,31,427500,430000
0,31,430000,432500
0,31,432500,435000
0,31,435000,437500
0,31,445000,447500
0,31,447500,450000
0,31,450000,452500
0,31,452500,455000
0,31,455000,457500
0,31,457500,460000
0,31,460000,462500
0,31,462500,465000
0,31,465000,467500
0,31,467500,470000
0,31,470000,472500
0,31,577500,580000
0,31,580000,582500
0,31,582500,585000
0,31,585000,587500
0,31,587500,590000
0,31,590000,592500
0,31,592500,595000
0,31,595000,597500
0,31,597500,600000
0,31,600000,602500
0,31,602500,605000
0,31,605000,607500
0,31,607500,610000
0,31,610000,612500
0,31,612500,615000
0,31,615000,617500
0,31,617500,620000
0,31,620000,622500
0,31,622500,625000
0,31,625000,627500
0,31,627500,630000
0,31,630000,632500
0,31,632500,635000
0,31,635000,637500
0,31,637500,640000
0,31,640000,642500
0,31,642500,645000
0,31,677500,680000
0,31,680000,682500
0,31,682500,685000
0,31,685000,687500
0,31,687500,690000
0,31,690000,692500
0,31,692500,695000
0,31,695000,697500
0,31,697500,700000
0,31,717500,720000
0,31,722500,725000
0,31,725000,727500
0,31,727500,730000
0,31,730000,732500
0,31,732500,735000
0,31,735000,737500
0,31,737500,740000
0,31,740000,742500
0,31,742500,745000
0,31,745000,747500
0,31,747500,750000
0,31,750000,752500
0,31,752500,755000
0,31,755000,757500
0,31,757500,760000
0,31,805000,807500
0,31,807500,810000
0,31,810000,812500
0,31,812500,815000
0,31,815000,817500
0,31,817500,820000
0,31,820000,822500
0,31,822500,825000
0,31,825000,827500
0,31,827500,830000
0,31,830000,832500
0,31,832500,835000
0,31,835000,837500
0,31,837500,840000
0,31,840000,842500
0,31,842500,845000
0,31,845000,847500
0,31,847500,850000
0,31,850000,852500
0,31,852500,855000
0,31,855000,857500
0,31,857500,860000
0,31,860000,862500
0,31,862500,865000
0,31,865000,867500
0,31,867500,870000
0,31,870000,872500
0,31,872500,875000
0,31,915000,917500
0,31,917500,920000
0,31,920000,922500
0,31,922500,925000
0,31,925000,927500
0,31,927500,930000
0,31,930000,932500
0,31,932500,935000
0,31,935000,937500
0,31,937500,940000
0,31,940000,942500
0,31,942500,945000
0,31,945000,947500
0,31,947500,950000
0,31,965000,967500
0,31,967500,970000
0,31,970000,972500
0,31,972500,975000
0,31,975000,977500
0,31,977500,980000
0,31,980000,982500
0,31,982500,985000
0,31,985000,987500
0,31,987500,990000
0,31,990000,992500
0,31,992500,995000
0,31,995000,997500
0,31,997500,1000000
0,31,1000000,1002500
0,31,1002500,1005000
0,31,1005000,1007500
0,31,1007500,1010000
0,31,1010000,1012500
0,31,1012500,1015000
0,31,1015000,1017500
0,31,1017500,1020000
0,31,1020000,1022500
0,31,1027500,1030000
0,31,1030000,1032500
0,31,1032500,1035000
0,31,1035000,1037500
0,31,1037500,1040000
0,31,1040000,1042500
0,31,1042500,1045000
0,31,1045000,1047500
0,31,1047500,1050000
0,31,1050000,1052500
0,31,1052500,1055000
0,31,1055000,1057500
0,31,1057500,1060000
0,31,1060000,1062500
0,31,1062500,1065000
0,31,1065000,1067500
0,31,1067500,1070000
0,31,1070000,1072500
0,31,1080000,1082500
0,31,1082500,1085000
0,31,1085000,1087500
0,31,1087500,1090000
0,31,1090000,1092500
0,31,1092500,1095000
0,31,1125000,1127500
0,31,1127500,1130000
0,31,1130000,1132500
0,31,1142500,1145000
0,31,1145000,1147500
0,31,1147500,1150000
0,31,1227500,1230000
0,31,1230000,1232500
0,31,1232500,1235000
0,31,1235000,1237500
0,31,1237500,1240000
0,31,1240000,1242500
1,31,45000,47500
1,31,47500,50000
1,31,50000,52500
1,31,52500,55000
1,31,55000,57500
1,31,57500,60000
1,31,60000,62500
1,31,120000,122500
1,31,127500,130000
1,31,130000,132500
1,31,140000,142500
1,31,150000,152500
1,31,152500,155000
1,31,160000,162500
1,31,167500,170000
1,31,170000,172500
1,31,185000,187500
1,31,190000,192500
1,31,192500,195000
1,31,195000,197500
1,31,197500,200000
1,31,200000,202500
1,31,202500,205000
1,31,205000,207500
1,31,207500,210000
1,31,210000,212500
1,31,212500,215000
1,31,215000,217500
1,31,217500,220000
1,31,220000,222500
1,31,222500,225000
1,31,225000,227500
1,31,250000,252500
1,31,252500,255000
1,31,255000,257500
1,31,257500,260000
1,31,260000,262500
1,31,262500,265000
1,31,265000,267500
1,31,275000,277500
1,31,277500,280000
1,31,280000,282500
1,31,282500,285000
1,31,285000,287500
1,31,287500,290000
1,31,290000,292500
1,31,292500,295000
1,31,295000,297500
1,31,297500,300000
1,31,300000,302500
1,31,302500,305000
1,31,305000,307500
1,31,307500,310000
1,31,310000,312500
1,31,312500,315000
1,31,315000,317500
1,31,317500,320000
1,31,320000,322500
1,31,322500,325000
1,31,325000,327500
1,31,327500,330000
1,31,330000,332500
1,31,332500,335000
1,31,335000,337500
1,31,337500,340000
1,31,340000,342500
1,31,347500,350000
1,31,350000,352500
1,31,355000,357500
1,31,370000,372500
1,31,372500,375000
1,31,375000,377500
1,31,377500,380000
1,31,380000,382500
1,31,382500,385000
1,31,385000,387500
1,31,387500,390000
1,31,390000,392500
1,31,392500,395000
1,31,420000,422500
1,31,422500,425000
1,31,425000,427500
1,31,427500,430000
1,31,430000,432500
1,31,432500,435000
1,31,442500,445000
1,31,445000,447500
1,31,447500,450000
1,31,450000,452500
1,31,452500,455000
1,31,455000,457500
1,31,457500,460000
1,31,460000,462500
1,31,462500,465000
1,31,465000,467500
1,31,467500,470000
1,31,575000,577500
1,31,577500,580000
1,31,580000,582500
1,31,582500,585000
1,31,585000,587500
1,31,587500,590000
1,31,590000,592500
1,31,592500,595000
1,31,595000,597500
1,31,597500,600000
1,31,600000,602500
1,31,602500,605000
1,31,605000,607500
1,31,607500,610000
1,31,610000,612500
1,31,612500,615000
1,31,615000,617500
1,31,617500,620000
1,31,620000,622500
1,31,622500,625000
1,31,625000,627500
1,31,627500,630000
1,31,630000,632500
1,31,632500,635000
1,31,635000,637500
1,31,637500,640000
1,31,640000,642500
1,31,675000,677500
1,31,677500,680000
1,31,680000,682500
1,31,682500,685000
1,31,685000,687500
1,31,687500,690000
1,31,690000,692500
1,31,692500,695000
1,31,695000,697500
1,31,697500,700000
1,31,700000,702500
1,31,720000,722500
1,31,725000,727500
1,31,727500,730000
1,31,730000,732500
1,31,732500,735000
1,31,735000,737500
1,31,737500,740000
1,31,740000,742500
1,31,742500,745000
1,31,745000,747500
1,31,747500,750000
1,31,750000,752500
1,31,752500,755000
1,31,755000,757500
1,31,802500,805000
1,31,805000,807500
1,31,807500,810000
1,31,810000,812500
1,31,812500,815000
1,31,815000,817500
1,31,817500,820000
1,31,820000,822500
1,31,822500,825000
1,31,825000,827500
1,31,827500,830000
1,31,830000,832500
1,31,832500,835000
1,31,835000,837500
1,31,837500,840000
1,31,840000,842500
1,31,842500,845000
1,31,845000,847500
1,31,847500,850000
1,31,850000,852500
1,31,852500,855000
1,31,855000,857500
1,31,857500,860000
1,31,860000,862500
1,31,862500,865000
1,31,865000,867500
1,31,867500,870000
1,31,870000,872500
1,31,912500,915000
1,31,915000,917500
1,31,917500,920000
1,31,920000,922500
1,31,922500,925000
1,31,925000,927500
1,31,927500,930000
1,31,930000,932500
1,31,932500,935000
1,31,935000,937500
1,31,937500,940000
1,31,940000,942500
1,31,942500,945000
1,31,945000,947500
1,31,962500,965000
1,31,965000,967500
1,31,967500,970000
1,31,970000,972500
1,31,972500,975000
1,31,975000,977500
1,31,977500,980000
1,31,980000,982500
1,31,982500,985000
1,31,985000,987500
1,31,987500,990000
1,31,990000,992500
1,31,992500,995000
1,31,995000,997500
1,31,997500,1000000
1,31,1000000,1002500
1,31,1002500,1005000
1,31,1005000,1007500
1,31,1007500,1010000
1,31,1010000,1012500
1,31,1012500,1015000
1,31,1015000,1017500
1,31,1017500,1020000
1,31,1025000,1027500
1,31,1027500,1030000
1,31,1030000,1032500
1,31,1032500,1035000
1,31,1035000,1037500
1,31,1037500,1040000
1,31,1040000,1042500
1,31,1042500,1045000
1,31,1045000,1047500
1,31,1047500,1050000
1,31,1050000,1052500
1,31,1052500,1055000
1,31,1055000,1057500
1,31,1057500,1060000
1,31,1060000,1062500
1,31,1062500,1065000
1,31,1065000,1067500
1,31,1067500,1070000
1,31,1077500,1080000
1,31,1080000,1082500
1,31,1082500,1085000
1,31,1085000,1087500
1,31,1087500,1090000
1,31,1090000,1092500
1,31,1122500,1125000
1,31,1125000,1127500
1,31,1127500,1130000
1,31,1140000,1142500
1,31,1142500,1145000
1,31,1145000,1147500
1,31,1225000,1227500
1,31,1227500,1230000
1,31,1230000,1232500
1,31,1232500,1235000
1,31,1235000,1237500
1,31,1237500,1240000
2,31,10000,12500
2,31,12500,15000
2,31,70000,72500
2,31,82500,85000
2,31,87500,90000
2,31,102500,105000
2,31,1122500,1125000
2,31,1132500,1135000
2,31,1140000,1142500
2,31,1242500,1245000
2,31,1245000,1247500
2,31,1250000,1252500
3,31,7500,10000
3,31,10000,12500
3,31,67500,70000
3,31,85000,87500
3,31,100000,102500
3,31,1120000,1122500
3,31,1130000,1132500
3,31,1137500,1140000
3,31,1240000,1242500
3,31,1242500,1245000
3,31,1247500,1250000
3,31,1250000,1252500
4,31,7500,10000
4,31,10000,12500
4,31,12500,15000
4,31,15000,17500
4,31,47500,50000
4,31,62500,65000
4,31,70000,72500
4,31,80000,82500
4,31,82500,85000
4,31,197500,200000
4,31,430000,432500
4,31,437500,440000
4,31,1110000,1112500
4,31,1115000,1117500
4,31,1117500,1120000
4,31,1120000,1122500
4,31,1140000,1142500
4,31,1247500,1250000
5,31,5000,7500
5,31,7500,10000
5,31,10000,12500
5,31,12500,15000
5,31,45000,47500
5,31,60000,62500
5,31,65000,67500
5,31,67500,70000
5,31,75000,77500
5,31,77500,80000
5,31,195000,197500
5,31,427500,430000
5,31,435000,437500
5,31,1107500,1110000
5,31,1112500,1115000
5,31,1115000,1117500
5,31,1117500,1120000
5,31,1137500,1140000
5,31,1245000,1247500
5,31,1250000,1252500
0,32,0,2500
0,32,2500,5000
0,32,5000,7500
0,32,10000,12500
0,32,15000,17500
0,32,17500,20000
0,32,25000,27500
0,32,27500,30000
0,32,42500,45000
0,32,45000,47500
0,32,62500,65000
0,32,75000,77500
0,32,77500,80000
0,32,80000,82500
0,32,82500,85000
0,32,92500,95000
0,32,97500,100000
0,32,100000,102500
0,32,105000,107500
0,32,117500,120000
0,32,120000,122500
0,32,125000,127500
0,32,135000,137500
0,32,140000,142500
0,32,157500,160000
0,32,160000,162500
0,32,162500,165000
0,32,192500,195000
0,32,195000,197500
0,32,197500,200000
0,32,217500,220000
0,32,225000,227500
0,32,227500,230000
0,32,230000,232500
0,32,252500,255000
0,32,270000,272500
0,32,272500,275000
0,32,275000,277500
0,32,292500,295000
0,32,295000,297500
0,32,297500,300000
0,32,300000,302500
0,32,302500,305000
0,32,305000,307500
0,32,307500,310000
0,32,310000,312500
0,32,322500,325000
0,32,347500,350000
0,32,350000,352500
0,32,352500,355000
0,32,372500,375000
0,32,375000,377500
0,32,377500,380000
0,32,380000,382500
0,32,382500,385000
0,32,385000,387500
0,32,387500,390000
0,32,390000,392500
0,32,392500,395000
0,32,395000,397500
0,32,397500,400000
0,32,400000,402500
0,32,402500,405000
0,32,422500,425000
0,32,425000,427500
0,32,430000,432500
0,32,435000,437500
0,32,437500,440000
0,32,440000,442500
0,32,442500,445000
0,32,445000,447500
0,32,447500,450000
0,32,450000,452500
0,32,452500,455000
0,32,535000,537500
0,32,545000,547500
0,32,555000,557500
0,32,567500,570000
0,32,575000,577500
0,32,602500,605000
0,32,605000,607500
0,32,607500,610000
0,32,610000,612500
0,32,612500,615000
0,32,615000,617500
0,32,617500,620000
0,32,620000,622500
0,32,622500,625000
0,32,625000,627500
0,32,627500,630000
0,32,630000,632500
0,32,632500,635000
0,32,635000,637500
0,32,637500,640000
0,32,660000,662500
0,32,662500,665000
0,32,677500,680000
0,32,680000,682500
0,32,682500,685000
0,32,685000,687500
0,32,705000,707500
0,32,725000,727500
0,32,747500,750000
0,32,755000,757500
0,32,757500,760000
0,32,780000,782500
0,32,782500,785000
0,32,787500,790000
0,32,797500,800000
0,32,875000,877500
0,32,877500,880000
0,32,925000,927500
0,32,927500,930000
0,32,930000,932500
0,32,932500,935000
0,32,935000,937500
0,32,940000,942500
0,32,962500,965000
0,32,980000,982500
0,32,990000,992500
0,32,992500,995000
0,32,997500,1000000
0,32,1007500,1010000
0,32,1012500,1015000
0,32,1015000,1017500
0,32,1017500,1020000
0,32,1020000,1022500
0,32,1022500,1025000
0,32,1025000,1027500
0,32,1027500,1030000
0,32,1030000,1032500
0,32,1032500,1035000
0,32,1035000,1037500
0,32,1037500,1040000
0,32,1040000,1042500
0,32,1042500,1045000
0,32,1045000,1047500
0,32,1047500,1050000
0,32,1050000,1052500
0,32,1092500,1095000
0,32,1095000,1097500
0,32,1097500,1100000
0,32,1100000,1102500
0,32,1102500,1105000
0,32,1105000,1107500
0,32,1107500,1110000
0,32,1110000,1112500
0,32,1112500,1115000
0,32,1115000,1117500
0,32,1117500,1120000
0,32,1120000,1122500
0,32,1122500,1125000
0,32,1125000,1127500
0,32,1127500,1130000
0,32,1130000,1132500
0,32,1132500,1135000
0,32,1135000,1137500
0,32,1140000,1142500
0,32,1147500,1150000
0,32,1150000,1152500
0,32,1152500,1155000
0,32,1155000,1157500
0,32,1157500,1160000
0,32,1160000,1162500
0,32,1162500,1165000
0,32,1165000,1167500
0,32,1167500,1170000
0,32,1170000,1172500
0,32,1172500,1175000
0,32,1175000,1177500
0,32,1177500,1180000
0,32,1180000,1182500
0,32,1187500,1190000
0,32,1190000,1192500
0,32,1195000,1197500
0,32,1197500,1200000
0,32,1200000,1202500
0,32,1202500,1205000
0,32,1205000,1207500
0,32,1207500,1210000
0,32,1210000,1212500
0,32,1212500,1215000
0,32,1215000,1217500
0,32,1217500,1220000
0,32,1220000,1222500
0,32,1222500,1225000
0,32,1225000,1227500
0,32,1227500,1230000
0,32,1230000,1232500
0,32,1232500,1235000
0,32,1235000,1237500
0,32,1237500,1240000
0,32,1240000,1242500
0,32,1242500,1245000
0,32,1245000,1247500
0,32,1247500,1250000
1,32,0,2500
1,32,2500,5000
1,32,7500,10000
1,32,12500,15000
1,32,15000,17500
1,32,22500,25000
1,32,25000,27500
1,32,40000,42500
1,32,42500,45000
1,32,60000,62500
1,32,65000,67500
1,32,72500,75000
1,32,75000,77500
1,32,77500,80000
1,32,80000,82500
1,32,90000,92500
1,32,95000,97500
1,32,97500,100000
1,32,102500,105000
1,32,115000,117500
1,32,117500,120000
1,32,122500,125000
1,32,132500,135000
1,32,137500,140000
1,32,155000,157500
1,32,157500,160000
1,32,160000,162500
1,32,190000,192500
1,32,192500,195000
1,32,195000,197500
1,32,215000,217500
1,32,222500,225000
1,32,225000,227500
1,32,227500,230000
1,32,250000,252500
1,32,267500,270000
1,32,270000,272500
1,32,272500,275000
1,32,290000,292500
1,32,292500,295000
1,32,295000,297500
1,32,297500,300000
1,32,300000,302500
1,32,302500,305000
1,32,305000,307500
1,32,307500,310000
1,32,320000,322500
1,32,345000,347500
1,32,347500,350000
1,32,350000,352500
1,32,370000,372500
1,32,372500,375000
1,32,375000,377500
1,32,377500,380000
1,32,380000,382500
1,32,382500,385000
1,32,385000,387500
1,32,387500,390000
1,32,390000,392500
1,32,392500,395000
1,32,395000,397500
1,32,397500,400000
1,32,400000,402500
1,32,420000,422500
1,32,422500,425000
1,32,427500,430000
1,32,432500,435000
1,32,435000,437500
1,32,437500,440000
1,32,440000,442500
1,32,442500,445000
1,32,445000,447500
1,32,447500,450000
1,32,450000,452500
1,32,532500,535000
1,32,542500,545000
1,32,552500,555000
1,32,565000,567500
1,32,572500,575000
1,32,600000,602500
1,32,602500,605000
1,32,605000,607500
1,32,607500,610000
1,32,610000,612500
1,32,612500,615000
1,32,615000,617500
1,32,617500,620000
1,32,620000,622500
1,32,622500,625000
1,32,625000,627500
1,32,627500,630000
1,32,630000,632500
1,32,632500,635000
1,32,635000,637500
1,32,657500,660000
1,32,660000,662500
1,32,675000,677500
1,32,677500,680000
1,32,680000,682500
1,32,682500,685000
1,32,702500,705000
1,32,722500,725000
1,32,745000,747500
1,32,752500,755000
1,32,755000,757500
1,32,777500,780000
1,32,780000,782500
1,32,785000,787500
1,32,795000,797500
1,32,872500,875000
1,32,875000,877500
1,32,922500,925000
1,32,925000,927500
1,32,927500,930000
1,32,930000,932500
1,32,932500,935000
1,32,937500,940000
1,32,960000,962500
1,32,977500,980000
1,32,987500,990000
1,32,990000,992500
1,32,995000,997500
1,32,1005000,1007500
1,32,1010000,1012500
1,32,1012500,1015000
1,32,1015000,1017500
1,32,1017500,1020000
1,32,1020000,1022500
1,32,1022500,1025000
1,32,1025000,1027500
1,32,1027500,1030000
1,32,1030000,1032500
1,32,1032500,1035000
1,32,1035000,1037500
1,32,1037500,1040000
1,32,1040000,1042500
1,32,1042500,1045000
1,32,1045000,1047500
1,32,1047500,1050000
1,32,1090000,1092500
1,32,1092500,1095000
1,32,1095000,1097500
1,32,1097500,1100000
1,32,1100000,1102500
1,32,1102500,1105000
1,32,1105000,1107500
1,32,1107500,1110000
1,32,1110000,1112500
1,32,1112500,1115000
1,32,1115000,1117500
1,32,1117500,1120000
1,32,1120000,1122500
1,32,1122500,1125000
1,32,1125000,1127500
1,32,1127500,1130000
1,32,1130000,1132500
1,32,1132500,1135000
1,32,1137500,1140000
1,32,1145000,1147500
1,32,1147500,1150000
1,32,1150000,1152500
1,32,1152500,1155000
1,32,1155000,1157500
1,32,1157500,1160000
1,32,1160000,1162500
1,32,1162500,1165000
1,32,1165000,1167500
1,32,1167500,1170000
1,32,1170000,1172500
1,32,1172500,1175000
1,32,1175000,1177500
1,32,1177500,1180000
1,32,1185000,1187500
1,32,1187500,1190000
1,32,1192500,1195000
1,32,1195000,1197500
1,32,1197500,1200000
1,32,1200000,1202500
1,32,1202500,1205000
1,32,1205000,1207500
1,32,1207500,1210000
1,32,1210000,1212500
1,32,1212500,1215000
1,32,1215000,1217500
1,32,1217500,1220000
1,32,1220000,1222500
1,32,1222500,1225000
1,32,1225000,1227500
1,32,1227500,1230000
1,32,1230000,1232500
1,32,1232500,1235000
1,32,1235000,1237500
1,32,1237500,1240000
1,32,1240000,1242500
1,32,1242500,1245000
1,32,1245000,1247500
2,32,10000,12500
2,32,12500,15000
2,32,70000,72500
2,32,77500,80000
2,32,82500,85000
2,32,87500,90000
2,32,90000,92500
2,32,100000,102500
3,32,7500,10000
3,32,10000,12500
3,32,67500,70000
3,32,75000,77500
3,32,80000,82500
3,32,85000,87500
3,32,87500,90000
3,32,97500,100000
4,32,1247500,1250000
5,32,1245000,1247500
2,33,47500,50000
2,33,70000,72500
2,33,75000,77500
2,33,77500,80000
2,33,80000,82500
2,33,82500,85000
2,33,85000,87500
2,33,197500,200000
2,33,1247500,1250000
2,33,1250000,1252500
3,33,67500,70000
3,33,72500,75000
3,33,75000,77500
3,33,77500,80000
3,33,80000,82500
3,33,82500,85000
3,33,195000,197500
3,33,1245000,1247500
3,33,1247500,1250000
4,33,87500,90000
5,33,85000,87500
0,34,0,2500
0,34,2500,5000
0,34,5000,7500
0,34,7500,10000
0,34,15000,17500
0,34,25000,27500
0,34,27500,30000
0,34,47500,50000
0,34,50000,52500
0,34,52500,55000
0,34,55000,57500
0,34,57500,60000
0,34,60000,62500
0,34,62500,65000
0,34,65000,67500
0,34,67500,70000
0,34,95000,97500
0,34,97500,100000
0,34,122500,125000
0,34,132500,135000
0,34,135000,137500
0,34,137500,140000
0,34,140000,142500
0,34,142500,145000
0,34,145000,147500
0,34,147500,150000
0,34,150000,152500
0,34,152500,155000
0,34,155000,157500
0,34,160000,162500
0,34,162500,165000
0,34,165000,167500
0,34,167500,170000
0,34,170000,172500
0,34,172500,175000
0,34,175000,177500
0,34,182500,185000
0,34,185000,187500
0,34,187500,190000
0,34,190000,192500
0,34,192500,195000
0,34,195000,197500
0,34,197500,200000
0,34,200000,202500
0,34,202500,205000
0,34,205000,207500
0,34,207500,210000
0,34,210000,212500
0,34,212500,215000
0,34,215000,217500
0,34,217500,220000
0,34,220000,222500
0,34,222500,225000
0,34,225000,227500
0,34,227500,230000
0,34,252500,255000
0,34,255000,257500
0,34,257500,260000
0,34,260000,262500
0,34,262500,265000
0,34,267500,270000
0,34,272500,275000
0,34,277500,280000
0,34,280000,282500
0,34,282500,285000
0,34,285000,287500
0,34,287500,290000
0,34,290000,292500
0,34,292500,295000
0,34,295000,297500
0,34,297500,300000
0,34,300000,302500
0,34,302500,305000
0,34,305000,307500
0,34,307500,310000
0,34,310000,312500
0,34,312500,315000
0,34,315000,317500
0,34,317500,320000
0,34,320000,322500
0,34,322500,325000
0,34,325000,327500
0,34,327500,330000
0,34,330000,332500
0,34,332500,335000
0,34,335000,337500
0,34,337500,340000
0,34,340000,342500
0,34,345000,347500
0,34,347500,350000
0,34,350000,352500
0,34,352500,355000
0,34,362500,365000
0,34,372500,375000
0,34,375000,377500
0,34,377500,380000
0,34,380000,382500
0,34,382500,385000
0,34,385000,387500
0,34,387500,390000
0,34,390000,392500
0,34,392500,395000
0,34,395000,397500
0,34,397500,400000
0,34,405000,407500
0,34,407500,410000
0,34,410000,412500
0,34,412500,415000
0,34,415000,417500
0,34,417500,420000
0,34,420000,422500
0,34,422500,425000
0,34,425000,427500
0,34,427500,430000
0,34,430000,432500
0,34,432500,435000
0,34,445000,447500
0,34,447500,450000
0,34,450000,452500
0,34,452500,455000
0,34,455000,457500
0,34,457500,460000
0,34,460000,462500
0,34,462500,465000
0,34,465000,467500
0,34,467500,470000
0,34,470000,472500
0,34,555000,557500
0,34,557500,560000
0,34,560000,562500
0,34,562500,565000
0,34,567500,570000
0,34,570000,572500
0,34,572500,575000
0,34,575000,577500
0,34,577500,580000
0,34,580000,582500
0,34,582500,585000
0,34,585000,587500
0,34,587500,590000
0,34,590000,592500
0,34,592500,595000
0,34,595000,597500
0,34,597500,600000
0,34,600000,602500
0,34,602500,605000
0,34,605000,607500
0,34,607500,610000
0,34,610000,612500
0,34,612500,615000
0,34,615000,617500
0,34,617500,620000
0,34,620000,622500
0,34,622500,625000
0,34,625000,627500
0,34,627500,630000
0,34,630000,632500
0,34,632500,635000
0,34,635000,637500
0,34,637500,640000
0,34,640000,642500
0,34,642500,645000
0,34,677500,680000
0,34,680000,682500
0,34,682500,685000
0,34,685000,687500
0,34,687500,690000
0,34,690000,692500
0,34,692500,695000
0,34,695000,697500
0,34,697500,700000
0,34,722500,725000
0,34,725000,727500
0,34,727500,730000
0,34,730000,732500
0,34,732500,735000
0,34,735000,737500
0,34,737500,740000
0,34,740000,742500
0,34,742500,745000
0,34,745000,747500
0,34,747500,750000
0,34,750000,752500
0,34,752500,755000
0,34,755000,757500
0,34,757500,760000
0,34,800000,802500
0,34,802500,805000
0,34,805000,807500
0,34,807500,810000
0,34,810000,812500
0,34,812500,815000
0,34,815000,817500
0,34,817500,820000
0,34,820000,822500
0,34,822500,825000
0,34,825000,827500
0,34,827500,830000
0,34,830000,832500
0,34,832500,835000
0,34,835000,837500
0,34,837500,840000
0,34,840000,842500
0,34,842500,845000
0,34,845000,847500
0,34,847500,850000
0,34,850000,852500
0,34,852500,855000
0,34,855000,857500
0,34,857500,860000
0,34,860000,862500
0,34,862500,865000
0,34,865000,867500
0,34,867500,870000
0,34,870000,872500
0,34,872500,875000
0,34,875000,877500
0,34,877500,880000
0,34,915000,917500
0,34,917500,920000
0,34,920000,922500
0,34,922500,925000
0,34,925000,927500
0,34,927500,930000
0,34,930000,932500
0,34,932500,935000
0,34,935000,937500
0,34,937500,940000
0,34,940000,942500
0,34,942500,945000
0,34,945000,947500
0,34,947500,950000
0,34,950000,952500
0,34,952500,955000
0,34,955000,957500
0,34,965000,967500
0,34,967500,970000
0,34,970000,972500
0,34,972500,975000
0,34,975000,977500
0,34,977500,980000
0,34,980000,982500
0,34,982500,985000
0,34,985000,987500
0,34,987500,990000
0,34,990000,992500
0,34,992500,995000
0,34,995000,997500
0,34,997500,1000000
0,34,1000000,1002500
0,34,1002500,1005000
0,34,1005000,1007500
0,34,1007500,1010000
0,34,1010000,1012500
0,34,1012500,1015000
0,34,1015000,1017500
0,34,1017500,1020000
0,34,1020000,1022500
0,34,1022500,1025000
0,34,1025000,1027500
0,34,1027500,1030000
0,34,1030000,1032500
0,34,1032500,1035000
0,34,1035000,1037500
0,34,1037500,1040000
0,34,1040000,1042500
0,34,1042500,1045000
0,34,1045000,1047500
0,34,1047500,1050000
0,34,1050000,1052500
0,34,1052500,1055000
0,34,1055000,1057500
0,34,1057500,1060000
0,34,1060000,1062500
0,34,1062500,1065000
0,34,1065000,1067500
0,34,1067500,1070000
0,34,1080000,1082500
0,34,1082500,1085000
0,34,1085000,1087500
0,34,1087500,1090000
0,34,1090000,1092500
0,34,1092500,1095000
0,34,1095000,1097500
0,34,1097500,1100000
0,34,1105000,1107500
0,34,1107500,1110000
0,34,1117500,1120000
0,34,1127500,1130000
0,34,1130000,1132500
0,34,1142500,1145000
0,34,1145000,1147500
0,34,1147500,1150000
0,34,1150000,1152500
0,34,1152500,1155000
0,34,1160000,1162500
0,34,1162500,1165000
0,34,1165000,1167500
0,34,1167500,1170000
0,34,1170000,1172500
0,34,1172500,1175000
0,34,1175000,1177500
0,34,1177500,1180000
0,34,1180000,1182500
0,34,1182500,1185000
0,34,1185000,1187500
0,34,1227500,1230000
0,34,1230000,1232500
0,34,1232500,1235000
0,34,1235000,1237500
0,34,1237500,1240000
0,34,1240000,1242500
0,34,1247500,1250000
1,34,0,2500
1,34,2500,5000
1,34,5000,7500
1,34,12500,15000
1,34,22500,25000
1,34,25000,27500
1,34,45000,47500
1,34,47500,50000
1,34,50000,52500
1,34,52500,55000
1,34,55000,57500
1,34,57500,60000
1,34,60000,62500
1,34,62500,65000
1,34,65000,67500
1,34,92500,95000
1,34,95000,97500
1,34,120000,122500
1,34,130000,132500
1,34,132500,135000
1,34,135000,137500
1,34,137500,140000
1,34,140000,142500
1,34,142500,145000
1,34,145000,147500
1,34,147500,150000
1,34,150000,152500
1,34,152500,155000
1,34,157500,160000
1,34,160000,162500
1,34,162500,165000
1,34,165000,167500
1,34,167500,170000
1,34,170000,172500
1,34,172500,175000
1,34,180000,182500
1,34,182500,185000
1,34,185000,187500
1,34,187500,190000
1,34,190000,192500
1,34,192500,195000
1,34,195000,197500
1,34,197500,200000
1,34,200000,202500
1,34,202500,205000
1,34,205000,207500
1,34,207500,210000
1,34,210000,212500
1,34,212500,215000
1,34,215000,217500
1,34,217500,220000
1,34,220000,222500
1,34,222500,225000
1,34,225000,227500
1,34,250000,252500
1,34,252500,255000
1,34,255000,257500
1,34,257500,260000
1,34,260000,262500
1,34,262500,265000
1,34,265000,267500
1,34,270000,272500
1,34,275000,277500
1,34,277500,280000
1,34,280000,282500
1,34,282500,285000
1,34,285000,287500
1,34,287500,290000
1,34,290000,292500
1,34,292500,295000
1,34,295000,297500
1,34,297500,300000
1,34,300000,302500
1,34,302500,305000
1,34,305000,307500
1,34,307500,310000
1,34,310000,312500
1,34,312500,315000
1,34,315000,317500
1,34,317500,320000
1,34,320000,322500
1,34,322500,325000
1,34,325000,327500
1,34,327500,330000
1,34,330000,332500
1,34,332500,335000
1,34,335000,337500
1,34,337500,340000
1,34,340000,342500
1,34,342500,345000
1,34,347500,350000
1,34,350000,352500
1,34,360000,362500
1,34,370000,372500
1,34,372500,375000
1,34,375000,377500
1,34,377500,380000
1,34,380000,382500
1,34,382500,385000
1,34,385000,387500
1,34,387500,390000
1,34,390000,392500
1,34,392500,395000
1,34,395000,397500
1,34,402500,405000
1,34,405000,407500
1,34,407500,410000
1,34,410000,412500
1,34,412500,415000
1,34,415000,417500
1,34,417500,420000
1,34,420000,422500
1,34,422500,425000
1,34,425000,427500
1,34,427500,430000
1,34,430000,432500
1,34,442500,445000
1,34,445000,447500
1,34,447500,450000
1,34,450000,452500
1,34,452500,455000
1,34,455000,457500
1,34,457500,460000
1,34,460000,462500
1,34,462500,465000
1,34,465000,467500
1,34,467500,470000
1,34,552500,555000
1,34,555000,557500
1,34,557500,560000
1,34,560000,562500
1,34,565000,567500
1,34,567500,570000
1,34,570000,572500
1,34,572500,575000
1,34,575000,577500
1,34,577500,580000
1,34,580000,582500
1,34,582500,585000
1,34,585000,587500
1,34,587500,590000
1,34,590000,592500
1,34,592500,595000
1,34,595000,597500
1,34,597500,600000
1,34,600000,602500
1,34,602500,605000
1,34,605000,607500
1,34,607500,610000
1,34,610000,612500
1,34,612500,615000
1,34,615000,617500
1,34,617500,620000
1,34,620000,622500
1,34,622500,625000
1,34,625000,627500
1,34,627500,630000
1,34,630000,632500
1,34,632500,635000
1,34,635000,637500
1,34,637500,640000
1,34,640000,642500
1,34,675000,677500
1,34,677500,680000
1,34,680000,682500
1,34,682500,685000
1,34,685000,687500
1,34,687500,690000
1,34,690000,692500
1,34,692500,695000
1,34,695000,697500
1,34,697500,700000
1,34,700000,702500
1,34,725000,727500
1,34,727500,730000
1,34,730000,732500
1,34,732500,735000
1,34,735000,737500
1,34,737500,740000
1,34,740000,742500
1,34,742500,745000
1,34,745000,747500
1,34,747500,750000
1,34,750000,752500
1,34,752500,755000
1,34,755000,757500
1,34,797500,800000
1,34,800000,802500
1,34,802500,805000
1,34,805000,807500
1,34,807500,810000
1,34,810000,812500
1,34,812500,815000
1,34,815000,817500
1,34,817500,820000
1,34,820000,822500
1,34,822500,825000
1,34,825000,827500
1,34,827500,830000
1,34,830000,832500
1,34,832500,835000
1,34,835000,837500
1,34,837500,840000
1,34,840000,842500
1,34,842500,845000
1,34,845000,847500
1,34,847500,850000
1,34,850000,852500
1,34,852500,855000
1,34,855000,857500
1,34,857500,860000
1,34,860000,862500
1,34,862500,865000
1,34,865000,867500
1,34,867500,870000
1,34,870000,872500
1,34,872500,875000
1,34,875000,877500
1,34,912500,915000
1,34,915000,917500
1,34,917500,920000
1,34,920000,922500
1,34,922500,925000
1,34,925000,927500
1,34,927500,930000
1,34,930000,932500
1,34,932500,935000
1,34,935000,937500
1,34,937500,940000
1,34,940000,942500
1,34,942500,945000
1,34,945000,947500
1,34,947500,950000
1,34,950000,952500
1,34,952500,955000
1,34,962500,965000
1,34,965000,967500
1,34,967500,970000
1,34,970000,972500
1,34,972500,975000
1,34,975000,977500
1,34,977500,980000
1,34,980000,982500
1,34,982500,985000
1,34,985000,987500
1,34,987500,990000
1,34,990000,992500
1,34,992500,995000
1,34,995000,997500
1,34,997500,1000000
1,34,1000000,1002500
1,34,1002500,1005000
1,34,1005000,1007500
1,34,1007500,1010000
1,34,1010000,1012500
1,34,1012500,1015000
1,34,1015000,1017500
1,34,1017500,1020000
1,34,1020000,1022500
1,34,1022500,1025000
1,34,1025000,1027500
1,34,1027500,1030000
1,34,1030000,1032500
1,34,1032500,1035000
1,34,1035000,1037500
1,34,1037500,1040000
1,34,1040000,1042500
1,34,1042500,1045000
1,34,1045000,1047500
1,34,1047500,1050000
1,34,1050000,1052500
1,34,1052500,1055000
1,34,1055000,1057500
1,34,1057500,1060000
1,34,1060000,1062500
1,34,1062500,1065000
1,34,1065000,1067500
1,34,1077500,1080000
1,34,1080000,1082500
1,34,1082500,1085000
1,34,1085000,1087500
1,34,1087500,1090000
1,34,1090000,1092500
1,34,1092500,1095000
1,34,1095000,1097500
1,34,1102500,1105000
1,34,1105000,1107500
1,34,1115000,1117500
1,34,1122500,1125000
1,34,1125000,1127500
1,34,1140000,1142500
1,34,1142500,1145000
1,34,1145000,1147500
1,34,1147500,1150000
1,34,1150000,1152500
1,34,1157500,1160000
1,34,1160000,1162500
1,34,1162500,1165000
1,34,1165000,1167500
1,34,1167500,1170000
1,34,1170000,1172500
1,34,1172500,1175000
1,34,1175000,1177500
1,34,1177500,1180000
1,34,1180000,1182500
1,34,1182500,1185000
1,34,1225000,1227500
1,34,1227500,1230000
1,34,1230000,1232500
1,34,1232500,1235000
1,34,1235000,1237500
1,34,1237500,1240000
1,34,1245000,1247500
2,34,70000,72500
2,34,87500,90000
2,34,962500,965000
2,34,1122500,1125000
2,34,1132500,1135000
2,34,1242500,1245000
3,34,67500,70000
3,34,85000,87500
3,34,960000,962500
3,34,1120000,1122500
3,34,1122500,1125000
3,34,1130000,1132500
3,34,1240000,1242500
4,34,7500,10000
4,34,10000,12500
4,34,12500,15000
4,34,80000,82500
4,34,272500,275000
4,34,1110000,1112500
4,34,1127500,1130000
4,34,1140000,1142500
4,34,1247500,1250000
5,34,5000,7500
5,34,7500,10000
5,34,10000,12500
5,34,77500,80000
5,34,270000,272500
5,34,1107500,1110000
5,34,1125000,1127500
5,34,1137500,1140000
5,34,1245000,1247500
0,35,62500,65000
0,35,85000,87500
0,35,87500,90000
0,35,92500,95000
0,35,95000,97500
0,35,97500,100000
0,35,190000,192500
0,35,217500,220000
0,35,267500,270000
0,35,287500,290000
0,35,290000,292500
0,35,370000,372500
0,35,397500,400000
0,35,400000,402500
0,35,402500,405000
0,35,405000,407500
0,35,407500,410000
0,35,427500,430000
0,35,430000,432500
0,35,432500,435000
0,35,450000,452500
0,35,452500,455000
0,35,455000,457500
0,35,460000,462500
0,35,462500,465000
0,35,465000,467500
0,35,467500,470000
0,35,487500,490000
0,35,490000,492500
0,35,492500,495000
0,35,495000,497500
0,35,497500,500000
0,35,500000,502500
0,35,502500,505000
0,35,505000,507500
0,35,507500,510000
0,35,510000,512500
0,35,512500,515000
0,35,515000,517500
0,35,517500,520000
0,35,522500,525000
0,35,525000,527500
0,35,527500,530000
0,35,530000,532500
0,35,532500,535000
0,35,535000,537500
0,35,537500,540000
0,35,540000,542500
0,35,542500,545000
0,35,545000,547500
0,35,547500,550000
0,35,550000,552500
0,35,552500,555000
0,35,555000,557500
0,35,557500,560000
0,35,560000,562500
0,35,562500,565000
0,35,565000,567500
0,35,567500,570000
0,35,570000,572500
0,35,572500,575000
0,35,575000,577500
0,35,577500,580000
0,35,585000,587500
0,35,595000,597500
0,35,600000,602500
0,35,602500,605000
0,35,605000,607500
0,35,607500,610000
0,35,610000,612500
0,35,612500,615000
0,35,615000,617500
0,35,617500,620000
0,35,620000,622500
0,35,622500,625000
0,35,625000,627500
0,35,627500,630000
0,35,630000,632500
0,35,632500,635000
0,35,635000,637500
0,35,642500,645000
0,35,675000,677500
0,35,677500,680000
0,35,697500,700000
0,35,707500,710000
0,35,715000,717500
0,35,717500,720000
0,35,720000,722500
0,35,722500,725000
0,35,725000,727500
0,35,727500,730000
0,35,730000,732500
0,35,732500,735000
0,35,735000,737500
0,35,737500,740000
0,35,740000,742500
0,35,742500,745000
0,35,745000,747500
0,35,747500,750000
0,35,750000,752500
0,35,752500,755000
0,35,755000,757500
0,35,757500,760000
0,35,760000,762500
0,35,762500,765000
0,35,765000,767500
0,35,767500,770000
0,35,770000,772500
0,35,772500,775000
0,35,775000,777500
0,35,777500,780000
0,35,780000,782500
0,35,782500,785000
0,35,785000,787500
0,35,787500,790000
0,35,790000,792500
0,35,792500,795000
0,35,795000,797500
0,35,797500,800000
0,35,800000,802500
0,35,802500,805000
0,35,805000,807500
0,35,810000,812500
0,35,825000,827500
0,35,827500,830000
0,35,830000,832500
0,35,832500,835000
0,35,835000,837500
0,35,837500,840000
0,35,840000,842500
0,35,842500,845000
0,35,845000,847500
0,35,847500,850000
0,35,850000,852500
0,35,852500,855000
0,35,855000,857500
0,35,857500,860000
0,35,860000,862500
0,35,862500,865000
0,35,865000,867500
0,35,867500,870000
0,35,870000,872500
0,35,872500,875000
0,35,875000,877500
0,35,877500,880000
0,35,915000,917500
0,35,917500,920000
0,35,920000,922500
0,35,927500,930000
0,35,930000,932500
0,35,932500,935000
0,35,935000,937500
0,35,937500,940000
0,35,940000,942500
0,35,945000,947500
0,35,947500,950000
0,35,955000,957500
0,35,957500,960000
0,35,960000,962500
0,35,962500,965000
0,35,965000,967500
0,35,967500,970000
0,35,970000,972500
0,35,972500,975000
0,35,975000,977500
0,35,977500,980000
0,35,980000,982500
0,35,982500,985000
0,35,985000,987500
0,35,987500,990000
0,35,990000,992500
0,35,992500,995000
0,35,995000,997500
0,35,997500,1000000
0,35,1000000,1002500
0,35,1002500,1005000
0,35,1005000,1007500
0,35,1007500,1010000
0,35,1010000,1012500
0,35,1012500,1015000
0,35,1015000,1017500
0,35,1017500,1020000
0,35,1020000,1022500
0,35,1022500,1025000
0,35,1025000,1027500
0,35,1027500,1030000
0,35,1030000,1032500
0,35,1032500,1035000
0,35,1035000,1037500
0,35,1037500,1040000
0,35,1040000,1042500
0,35,1045000,1047500
0,35,1047500,1050000
0,35,1052500,1055000
0,35,1057500,1060000
0,35,1060000,1062500
0,35,1065000,1067500
0,35,1067500,1070000
0,35,1070000,1072500
0,35,1072500,1075000
0,35,1077500,1080000
0,35,1080000,1082500
0,35,1082500,1085000
0,35,1085000,1087500
0,35,1090000,1092500
0,35,1092500,1095000
0,35,1115000,1117500
0,35,1117500,1120000
0,35,1120000,1122500
0,35,1140000,1142500
0,35,1145000,1147500
0,35,1182500,1185000
0,35,1237500,1240000
0,35,1240000,1242500
1,35,60000,62500
1,35,82500,85000
1,35,85000,87500
1,35,90000,92500
1,35,92500,95000
1,35,95000,97500
1,35,187500,190000
1,35,215000,217500
1,35,265000,267500
1,35,285000,287500
1,35,287500,290000
1,35,367500,370000
1,35,395000,397500
1,35,397500,400000
1,35,400000,402500
1,35,402500,405000
1,35,405000,407500
1,35,425000,427500
1,35,427500,430000
1,35,430000,432500
1,35,447500,450000
1,35,450000,452500
1,35,452500,455000
1,35,457500,460000
1,35,460000,462500
1,35,462500,465000
1,35,465000,467500
1,35,485000,487500
1,35,487500,490000
1,35,490000,492500
1,35,492500,495000
1,35,495000,497500
1,35,497500,500000
1,35,500000,502500
1,35,502500,505000
1,35,505000,507500
1,35,507500,510000
1,35,510000,512500
1,35,512500,515000
1,35,515000,517500
1,35,520000,522500
1,35,522500,525000
1,35,525000,527500
1,35,527500,530000
1,35,530000,532500
1,35,532500,535000
1,35,535000,537500
1,35,537500,540000
1,35,540000,542500
1,35,542500,545000
1,35,545000,547500
1,35,547500,550000
1,35,550000,552500
1,35,552500,555000
1,35,555000,557500
1,35,557500,560000
1,35,560000,562500
1,35,562500,565000
1,35,565000,567500
1,35,567500,570000
1,35,570000,572500
1,35,572500,575000
1,35,575000,577500
1,35,582500,585000
1,35,592500,595000
1,35,597500,600000
1,35,600000,602500
1,35,602500,605000
1,35,605000,607500
1,35,607500,610000
1,35,610000,612500
1,35,612500,615000
1,35,615000,617500
1,35,617500,620000
1,35,620000,622500
1,35,622500,625000
1,35,625000,627500
1,35,627500,630000
1,35,630000,632500
1,35,632500,635000
1,35,640000,642500
1,35,672500,675000
1,35,675000,677500
1,35,695000,697500
1,35,705000,707500
1,35,712500,715000
1,35,715000,717500
1,35,717500,720000
1,35,720000,722500
1,35,722500,725000
1,35,725000,727500
1,35,727500,730000
1,35,730000,732500
1,35,732500,735000
1,35,735000,737500
1,35,737500,740000
1,35,740000,742500
1,35,742500,745000
1,35,745000,747500
1,35,747500,750000
1,35,750000,752500
1,35,752500,755000
1,35,755000,757500
1,35,757500,760000
1,35,760000,762500
1,35,762500,765000
1,35,765000,767500
1,35,767500,770000
1,35,770000,772500
1,35,772500,775000
1,35,775000,777500
1,35,777500,780000
1,35,780000,782500
1,35,782500,785000
1,35,785000,787500
1,35,787500,790000
1,35,790000,792500
1,35,792500,795000
1,35,795000,797500
1,35,797500,800000
1,35,800000,802500
1,35,802500,805000
1,35,807500,810000
1,35,822500,825000
1,35,825000,827500
1,35,827500,830000
1,35,830000,832500
1,35,832500,835000
1,35,835000,837500
1,35,837500,840000
1,35,840000,842500
1,35,842500,845000
1,35,845000,847500
1,35,847500,850000
1,35,850000,852500
1,35,852500,855000
1,35,855000,857500
1,35,857500,860000
1,35,860000,862500
1,35,862500,865000
1,35,865000,867500
1,35,867500,870000
1,35,870000,872500
1,35,872500,875000
1,35,875000,877500
1,35,912500,915000
1,35,915000,917500
1,35,917500,920000
1,35,925000,927500
1,35,927500,930000
1,35,930000,932500
1,35,932500,935000
1,35,935000,937500
1,35,937500,940000
1,35,942500,945000
1,35,945000,947500
1,35,952500,955000
1,35,955000,957500
1,35,957500,960000
1,35,960000,962500
1,35,962500,965000
1,35,965000,967500
1,35,967500,970000
1,35,970000,972500
1,35,972500,975000
1,35,975000,977500
1,35,977500,980000
1,35,980000,982500
1,35,982500,985000
1,35,985000,987500
1,35,987500,990000
1,35,990000,992500
1,35,992500,995000
1,35,995000,997500
1,35,997500,1000000
1,35,1000000,1002500
1,35,1002500,1005000
1,35,1005000,1007500
1,35,1007500,1010000
1,35,1010000,1012500
1,35,1012500,1015000
1,35,1015000,1017500
1,35,1017500,1020000
1,35,1020000,1022500
1,35,1022500,1025000
1,35,1025000,1027500
1,35,1027500,1030000
1,35,1030000,1032500
1,35,1032500,1035000
1,35,1035000,1037500
1,35,1037500,1040000
1,35,1042500,1045000
1,35,1045000,1047500
1,35,1050000,1052500
1,35,1055000,1057500
1,35,1057500,1060000
1,35,1062500,1065000
1,35,1065000,1067500
1,35,1067500,1070000
1,35,1070000,1072500
1,35,1075000,1077500
1,35,1077500,1080000
1,35,1080000,1082500
1,35,1082500,1085000
1,35,1087500,1090000
1,35,1090000,1092500
1,35,1112500,1115000
1,35,1115000,1117500
1,35,1117500,1120000
1,35,1137500,1140000
1,35,1142500,1145000
1,35,1180000,1182500
1,35,1235000,1237500
1,35,1237500,1240000
2,35,7500,10000
2,35,10000,12500
2,35,12500,15000
2,35,42500,45000
2,35,70000,72500
2,35,72500,75000
2,35,75000,77500
2,35,77500,80000
2,35,80000,82500
2,35,82500,85000
2,35,87500,90000
2,35,90000,92500
2,35,100000,102500
2,35,102500,105000
2,35,1122500,1125000
2,35,1125000,1127500
2,35,1130000,1132500
2,35,1132500,1135000
2,35,1245000,1247500
2,35,1247500,1250000
2,35,1250000,1252500
3,35,5000,7500
3,35,7500,10000
3,35,10000,12500
3,35,40000,42500
3,35,67500,70000
3,35,72500,75000
3,35,75000,77500
3,35,77500,80000
3,35,80000,82500
3,35,85000,87500
3,35,87500,90000
3,35,97500,100000
3,35,100000,102500
3,35,1120000,1122500
3,35,1122500,1125000
3,35,1127500,1130000
3,35,1130000,1132500
3,35,1242500,1245000
3,35,1245000,1247500
3,35,1247500,1250000
0,36,32500,35000
0,36,47500,50000
0,36,65000,67500
0,36,67500,70000
0,36,70000,72500
0,36,97500,100000
0,36,100000,102500
0,36,102500,105000
0,36,117500,120000
0,36,130000,132500
0,36,135000,137500
0,36,172500,175000
0,36,235000,237500
0,36,305000,307500
0,36,347500,350000
0,36,1100000,1102500
0,36,1215000,1217500
1,36,30000,32500
1,36,45000,47500
1,36,62500,65000
1,36,65000,67500
1,36,67500,70000
1,36,95000,97500
1,36,97500,100000
1,36,100000,102500
1,36,115000,117500
1,36,127500,130000
1,36,132500,135000
1,36,170000,172500
1,36,232500,235000
1,36,302500,305000
1,36,345000,347500
1,36,1097500,1100000
1,36,1212500,1215000
2,36,0,2500
2,36,2500,5000
2,36,25000,27500
2,36,27500,30000
2,36,137500,140000
2,36,140000,142500
2,36,142500,145000
2,36,145000,147500
2,36,147500,150000
2,36,192500,195000
2,36,195000,197500
2,36,197500,200000
2,36,200000,202500
2,36,202500,205000
2,36,205000,207500
2,36,207500,210000
2,36,210000,212500
2,36,370000,372500
2,36,460000,462500
2,36,462500,465000
2,36,465000,467500
2,36,467500,470000
2,36,470000,472500
2,36,472500,475000
2,36,475000,477500
2,36,547500,550000
2,36,682500,685000
2,36,685000,687500
2,36,690000,692500
2,36,705000,707500
2,36,707500,710000
2,36,710000,712500
2,36,712500,715000
3,36,0,2500
3,36,22500,25000
3,36,25000,27500
3,36,135000,137500
3,36,137500,140000
3,36,140000,142500
3,36,142500,145000
3,36,145000,147500
3,36,190000,192500
3,36,192500,195000
3,36,195000,197500
3,36,197500,200000
3,36,200000,202500
3,36,202500,205000
3,36,205000,207500
3,36,207500,210000
3,36,367500,370000
3,36,457500,460000
3,36,460000,462500
3,36,462500,465000
3,36,465000,467500
3,36,467500,470000
3,36,470000,472500
3,36,472500,475000
3,36,545000,547500
3,36,680000,682500
3,36,682500,685000
3,36,687500,690000
3,36,702500,705000
3,36,705000,707500
3,36,707500,710000
3,36,710000,712500
0,37,370000,372500
0,37,460000,462500
0,37,462500,465000
0,37,465000,467500
0,37,467500,470000
0,37,470000,472500
0,37,747500,750000
1,37,7500,10000
1,37,45000,47500
1,37,62500,65000
1,37,300000,302500
1,37,460000,462500
1,37,462500,465000
1,37,465000,467500
1,37,467500,470000
1,37,677500,680000
1,37,680000,682500
2,37,0,2500
2,37,2500,5000
2,37,25000,27500
2,37,192500,195000
2,37,195000,197500
2,37,197500,200000
2,37,200000,202500
2,37,202500,205000
2,37,205000,207500
2,37,207500,210000
2,37,210000,212500
2,37,220000,222500
2,37,270000,272500
2,37,272500,275000
2,37,275000,277500
2,37,277500,280000
2,37,547500,550000
2,37,670000,672500
2,37,672500,675000
2,37,695000,697500
2,37,747500,750000
3,37,0,2500
3,37,192500,195000
3,37,195000,197500
3,37,197500,200000
3,37,200000,202500
3,37,202500,205000
3,37,205000,207500
3,37,207500,210000
3,37,217500,220000
3,37,267500,270000
3,37,270000,272500
3,37,272500,275000
3,37,275000,277500
3,37,300000,302500
3,37,545000,547500
3,37,667500,670000
3,37,670000,672500
3,37,680000,682500
3,37,692500,695000
4,37,0,2500
4,37,2500,5000
4,37,25000,27500
4,37,40000,42500
4,37,42500,45000
4,37,60000,62500
4,37,217500,220000
4,37,220000,222500
4,37,225000,227500
4,37,677500,680000
4,37,747500,750000
5,37,0,2500
5,37,5000,7500
5,37,45000,47500
5,37,62500,65000
5,37,215000,217500
5,37,217500,220000
5,37,222500,225000
5,37,300000,302500
5,37,675000,677500
5,37,677500,680000
5,37,680000,682500
2,38,25000,27500
2,38,140000,142500
2,38,685000,687500
3,38,22500,25000
3,38,135000,137500
3,38,137500,140000
3,38,682500,685000
4,38,0,2500
4,38,2500,5000
4,38,5000,7500
4,38,25000,27500
4,38,35000,37500
4,38,107500,110000
4,38,112500,115000
4,38,140000,142500
4,38,142500,145000
4,38,145000,147500
4,38,147500,150000
4,38,150000,152500
4,38,160000,162500
4,38,162500,165000
4,38,165000,167500
4,38,167500,170000
4,38,170000,172500
4,38,180000,182500
4,38,187500,190000
4,38,682500,685000
4,38,685000,687500
5,38,2500,5000
5,38,22500,25000
5,38,32500,35000
5,38,35000,37500
5,38,105000,107500
5,38,110000,112500
5,38,135000,137500
5,38,137500,140000
5,38,142500,145000
5,38,145000,147500
5,38,147500,150000
5,38,150000,152500
5,38,152500,155000
5,38,162500,165000
5,38,165000,167500
5,38,167500,170000
5,38,177500,180000
5,38,185000,187500
5,38,680000,682500
5,38,682500,685000
0,39,32500,35000
0,39,35000,37500
0,39,65000,67500
0,39,67500,70000
0,39,95000,97500
0,39,97500,100000
0,39,100000,102500
0,39,102500,105000
0,39,130000,132500
0,39,132500,135000
0,39,135000,137500
0,39,260000,262500
0,39,682500,685000
0,39,685000,687500
0,39,1097500,1100000
1,39,30000,32500
1,39,32500,35000
1,39,62500,65000
1,39,65000,67500
1,39,92500,95000
1,39,95000,97500
1,39,97500,100000
1,39,100000,102500
1,39,127500,130000
1,39,130000,132500
1,39,132500,135000
1,39,257500,260000
1,39,680000,682500
1,39,682500,685000
1,39,1095000,1097500
2,39,0,2500
2,39,2500,5000
2,39,20000,22500
2,39,25000,27500
2,39,27500,30000
2,39,140000,142500
2,39,142500,145000
2,39,145000,147500
2,39,147500,150000
2,39,150000,152500
2,39,155000,157500
2,39,157500,160000
2,39,160000,162500
2,39,167500,170000
2,39,170000,172500
2,39,172500,175000
2,39,175000,177500
2,39,177500,180000
2,39,180000,182500
2,39,182500,185000
2,39,185000,187500
2,39,187500,190000
2,39,192500,195000
2,39,195000,197500
2,39,197500,200000
2,39,200000,202500
2,39,207500,210000
2,39,210000,212500
2,39,212500,215000
2,39,215000,217500
2,39,217500,220000
2,39,220000,222500
2,39,222500,225000
2,39,225000,227500
2,39,237500,240000
2,39,267500,270000
2,39,270000,272500
2,39,302500,305000
2,39,370000,372500
2,39,372500,375000
2,39,375000,377500
2,39,377500,380000
2,39,380000,382500
2,39,382500,385000
2,39,385000,387500
2,39,387500,390000
2,39,390000,392500
2,39,392500,395000
2,39,395000,397500
2,39,397500,400000
2,39,400000,402500
2,39,405000,407500
2,39,407500,410000
2,39,460000,462500
2,39,462500,465000
2,39,465000,467500
2,39,467500,470000
2,39,470000,472500
2,39,472500,475000
2,39,475000,477500
2,39,547500,550000
2,39,550000,552500
2,39,575000,577500
2,39,577500,580000
2,39,580000,582500
2,39,670000,672500
2,39,685000,687500
2,39,690000,692500
2,39,692500,695000
2,39,697500,700000
2,39,705000,707500
2,39,707500,710000
2,39,710000,712500
2,39,712500,715000
2,39,715000,717500
2,39,717500,720000
2,39,725000,727500
2,39,727500,730000
2,39,730000,732500
2,39,732500,735000
2,39,737500,740000
2,39,935000,937500
2,39,970000,972500
2,39,985000,987500
2,39,987500,990000
2,39,990000,992500
2,39,995000,997500
2,39,1055000,1057500
3,39,0,2500
3,39,17500,20000
3,39,22500,25000
3,39,25000,27500
3,39,135000,137500
3,39,137500,140000
3,39,142500,145000
3,39,145000,147500
3,39,147500,150000
3,39,152500,155000
3,39,155000,157500
3,39,157500,160000
3,39,165000,167500
3,39,167500,170000
3,39,170000,172500
3,39,172500,175000
3,39,175000,177500
3,39,177500,180000
3,39,180000,182500
3,39,182500,185000
3,39,185000,187500
3,39,190000,192500
3,39,192500,195000
3,39,195000,197500
3,39,197500,200000
3,39,200000,202500
3,39,202500,205000
3,39,210000,212500
3,39,212500,215000
3,39,215000,217500
3,39,217500,220000
3,39,220000,222500
3,39,222500,225000
3,39,235000,237500
3,39,265000,267500
3,39,267500,270000
3,39,300000,302500
3,39,367500,370000
3,39,370000,372500
3,39,372500,375000
3,39,375000,377500
3,39,377500,380000
3,39,380000,382500
3,39,382500,385000
3,39,385000,387500
3,39,387500,390000
3,39,390000,392500
3,39,392500,395000
3,39,395000,397500
3,39,397500,400000
3,39,402500,405000
3,39,405000,407500
3,39,457500,460000
3,39,460000,462500
3,39,462500,465000
3,39,465000,467500
3,39,467500,470000
3,39,470000,472500
3,39,472500,475000
3,39,545000,547500
3,39,547500,550000
3,39,572500,575000
3,39,575000,577500
3,39,577500,580000
3,39,667500,670000
3,39,682500,685000
3,39,687500,690000
3,39,690000,692500
3,39,695000,697500
3,39,702500,705000
3,39,705000,707500
3,39,707500,710000
3,39,710000,712500
3,39,712500,715000
3,39,715000,717500
3,39,722500,725000
3,39,725000,727500
3,39,727500,730000
3,39,730000,732500
3,39,735000,737500
3,39,932500,935000
3,39,967500,970000
3,39,982500,985000
3,39,985000,987500
3,39,987500,990000
3,39,992500,995000
3,39,1052500,1055000
4,39,767500,770000
5,39,765000,767500
0,40,45000,47500
0,40,65000,67500
0,40,135000,137500
0,40,205000,207500
0,40,207500,210000
0,40,210000,212500
0,40,267500,270000
0,40,315000,317500
0,40,370000,372500
0,40,372500,375000
0,40,375000,377500
0,40,377500,380000
0,40,380000,382500
0,40,382500,385000
0,40,385000,387500
0,40,387500,390000
0,40,390000,392500
0,40,392500,395000
0,40,395000,397500
0,40,397500,400000
0,40,400000,402500
0,40,405000,407500
0,40,440000,442500
0,40,460000,462500
0,40,462500,465000
0,40,465000,467500
0,40,467500,470000
0,40,470000,472500
0,40,472500,475000
0,40,475000,477500
0,40,477500,480000
0,40,480000,482500
0,40,482500,485000
0,40,485000,487500
0,40,487500,490000
0,40,497500,500000
0,40,500000,502500
0,40,547500,550000
0,40,580000,582500
0,40,602500,605000
0,40,690000,692500
0,40,692500,695000
0,40,695000,697500
0,40,697500,700000
0,40,700000,702500
0,40,702500,705000
0,40,705000,707500
0,40,707500,710000
0,40,710000,712500
0,40,712500,715000
0,40,715000,717500
0,40,717500,720000
0,40,720000,722500
0,40,722500,725000
0,40,725000,727500
0,40,727500,730000
0,40,730000,732500
0,40,732500,735000
0,40,735000,737500
0,40,737500,740000
0,40,740000,742500
0,40,747500,750000
0,40,825000,827500
0,40,827500,830000
0,40,830000,832500
0,40,832500,835000
0,40,835000,837500
0,40,837500,840000
0,40,840000,842500
0,40,847500,850000
0,40,880000,882500
0,40,922500,925000
0,40,997500,1000000
0,40,1000000,1002500
1,40,42500,45000
1,40,62500,65000
1,40,132500,135000
1,40,202500,205000
1,40,205000,207500
1,40,207500,210000
1,40,265000,267500
1,40,312500,315000
1,40,367500,370000
1,40,370000,372500
1,40,372500,375000
1,40,375000,377500
1,40,377500,380000
1,40,380000,382500
1,40,382500,385000
1,40,385000,387500
1,40,387500,390000
1,40,390000,392500
1,40,392500,395000
1,40,395000,397500
1,40,397500,400000
1,40,402500,405000
1,40,437500,440000
1,40,457500,460000
1,40,460000,462500
1,40,462500,465000
1,40,465000,467500
1,40,467500,470000
1,40,470000,472500
1,40,472500,475000
1,40,475000,477500
1,40,477500,480000
1,40,480000,482500
1,40,482500,485000
1,40,485000,487500
1,40,495000,497500
1,40,497500,500000
1,40,545000,547500
1,40,577500,580000
1,40,600000,602500
1,40,687500,690000
1,40,690000,692500
1,40,692500,695000
1,40,695000,697500
1,40,697500,700000
1,40,700000,702500
1,40,702500,705000
1,40,705000,707500
1,40,707500,710000
1,40,710000,712500
1,40,712500,715000
1,40,715000,717500
1,40,717500,720000
1,40,720000,722500
1,40,722500,725000
1,40,725000,727500
1,40,727500,730000
1,40,730000,732500
1,40,732500,735000
1,40,735000,737500
1,40,737500,740000
1,40,745000,747500
1,40,822500,825000
1,40,825000,827500
1,40,827500,830000
1,40,830000,832500
1,40,832500,835000
1,40,835000,837500
1,40,837500,840000
1,40,845000,847500
1,40,877500,880000
1,40,920000,922500
1,40,995000,997500
1,40,997500,1000000
2,40,0,2500
2,40,2500,5000
2,40,5000,7500
2,40,20000,22500
2,40,22500,25000
2,40,25000,27500
2,40,27500,30000
2,40,30000,32500
2,40,32500,35000
2,40,35000,37500
2,40,135000,137500
2,40,142500,145000
2,40,145000,147500
2,40,147500,150000
2,40,150000,152500
2,40,152500,155000
2,40,155000,157500
2,40,157500,160000
2,40,160000,162500
2,40,162500,165000
2,40,165000,167500
2,40,167500,170000
2,40,170000,172500
2,40,177500,180000
2,40,212500,215000
2,40,217500,220000
2,40,220000,222500
2,40,222500,225000
2,40,225000,227500
2,40,227500,230000
2,40,237500,240000
2,40,292500,295000
2,40,295000,297500
2,40,297500,300000
2,40,670000,672500
2,40,672500,675000
2,40,675000,677500
2,40,682500,685000
2,40,685000,687500
2,40,747500,750000
2,40,750000,752500
2,40,767500,770000
2,40,935000,937500
2,40,970000,972500
2,40,985000,987500
2,40,990000,992500
2,40,1055000,1057500
2,40,1057500,1060000
3,40,0,2500
3,40,2500,5000
3,40,17500,20000
3,40,20000,22500
3,40,22500,25000
3,40,25000,27500
3,40,27500,30000
3,40,30000,32500
3,40,32500,35000
3,40,132500,135000
3,40,135000,137500
3,40,137500,140000
3,40,145000,147500
3,40,147500,150000
3,40,150000,152500
3,40,152500,155000
3,40,155000,157500
3,40,157500,160000
3,40,160000,162500
3,40,162500,165000
3,40,165000,167500
3,40,167500,170000
3,40,175000,177500
3,40,210000,212500
3,40,215000,217500
3,40,217500,220000
3,40,220000,222500
3,40,222500,225000
3,40,225000,227500
3,40,235000,237500
3,40,290000,292500
3,40,292500,295000
3,40,295000,297500
3,40,667500,670000
3,40,670000,672500
3,40,672500,675000
3,40,680000,682500
3,40,682500,685000
3,40,745000,747500
3,40,747500,750000
3,40,765000,767500
3,40,932500,935000
3,40,967500,970000
3,40,982500,985000
3,40,987500,990000
3,40,1052500,1055000
3,40,1055000,1057500
4,40,32500,35000
4,40,142500,145000
4,40,155000,157500
4,40,370000,372500
4,40,440000,442500
4,40,497500,500000
4,40,500000,502500
4,40,602500,605000
4,40,682500,685000
4,40,685000,687500
4,40,905000,907500
5,40,30000,32500
5,40,135000,137500
5,40,137500,140000
5,40,152500,155000
5,40,367500,370000
5,40,437500,440000
5,40,495000,497500
5,40,497500,500000
5,40,600000,602500
5,40,680000,682500
5,40,682500,685000
5,40,902500,905000
0,41,237500,240000
0,41,315000,317500
0,41,347500,350000
0,41,357500,360000
0,41,490000,492500
0,41,595000,597500
0,41,597500,600000
0,41,612500,615000
0,41,615000,617500
0,41,617500,620000
0,41,620000,622500
0,41,622500,625000
0,41,680000,682500
0,41,810000,812500
0,41,812500,815000
0,41,842500,845000
0,41,865000,867500
0,41,872500,875000
0,41,877500,880000
0,41,887500,890000
0,41,892500,895000
0,41,895000,897500
0,41,897500,900000
0,41,900000,902500
0,41,905000,907500
0,41,1207500,1210000
0,41,1210000,1212500
0,41,1215000,1217500
0,41,1217500,1220000
0,41,1222500,1225000
0,41,1225000,1227500
1,41,235000,237500
1,41,312500,315000
1,41,345000,347500
1,41,355000,357500
1,41,487500,490000
1,41,592500,595000
1,41,595000,597500
1,41,610000,612500
1,41,612500,615000
1,41,615000,617500
1,41,617500,620000
1,41,620000,622500
1,41,677500,680000
1,41,807500,810000
1,41,810000,812500
1,41,840000,842500
1,41,862500,865000
1,41,870000,872500
1,41,875000,877500
1,41,885000,887500
1,41,890000,892500
1,41,892500,895000
1,41,895000,897500
1,41,897500,900000
1,41,902500,905000
1,41,1205000,1207500
1,41,1212500,1215000
1,41,1215000,1217500
1,41,1220000,1222500
1,41,1222500,1225000
2,41,0,2500
2,41,25000,27500
2,41,137500,140000
2,41,140000,142500
2,41,142500,145000
2,41,145000,147500
2,41,147500,150000
2,41,150000,152500
2,41,180000,182500
2,41,682500,685000
3,41,22500,25000
3,41,135000,137500
3,41,137500,140000
3,41,140000,142500
3,41,142500,145000
3,41,145000,147500
3,41,147500,150000
3,41,177500,180000
3,41,680000,682500
4,41,0,2500
4,41,140000,142500
4,41,145000,147500
4,41,147500,150000
4,41,150000,152500
4,41,152500,155000
5,41,137500,140000
5,41,142500,145000
5,41,145000,147500
5,41,147500,150000
5,41,150000,152500
0,42,0,2500
0,42,12500,15000
0,42,27500,30000
0,42,235000,237500
0,42,305000,307500
1,42,10000,12500
1,42,25000,27500
1,42,232500,235000
1,42,302500,305000
2,42,0,2500
2,42,2500,5000
2,42,5000,7500
2,42,25000,27500
2,42,142500,145000
2,42,150000,152500
2,42,152500,155000
2,42,155000,157500
2,42,157500,160000
2,42,160000,162500
2,42,162500,165000
2,42,165000,167500
2,42,167500,170000
2,42,170000,172500
2,42,172500,175000
2,42,175000,177500
2,42,177500,180000
2,42,180000,182500
2,42,182500,185000
2,42,185000,187500
2,42,192500,195000
2,42,200000,202500
2,42,202500,205000
2,42,205000,207500
2,42,207500,210000
2,42,210000,212500
2,42,220000,222500
2,42,362500,365000
2,42,370000,372500
2,42,470000,472500
2,42,472500,475000
2,42,705000,707500
3,42,0,2500
3,42,2500,5000
3,42,22500,25000
3,42,135000,137500
3,42,137500,140000
3,42,145000,147500
3,42,152500,155000
3,42,155000,157500
3,42,157500,160000
3,42,160000,162500
3,42,162500,165000
3,42,165000,167500
3,42,167500,170000
3,42,170000,172500
3,42,172500,175000
3,42,175000,177500
3,42,177500,180000
3,42,180000,182500
3,42,182500,185000
3,42,190000,192500
3,42,197500,200000
3,42,200000,202500
3,42,202500,205000
3,42,205000,207500
3,42,207500,210000
3,42,217500,220000
3,42,360000,362500
3,42,367500,370000
3,42,467500,470000
3,42,470000,472500
3,42,702500,705000
4,42,0,2500
4,42,25000,27500
4,42,30000,32500
4,42,32500,35000
4,42,142500,145000
4,42,500000,502500
4,42,602500,605000
4,42,682500,685000
4,42,685000,687500
4,42,985000,987500
5,42,22500,25000
5,42,27500,30000
5,42,30000,32500
5,42,135000,137500
5,42,137500,140000
5,42,145000,147500
5,42,497500,500000
5,42,600000,602500
5,42,680000,682500
5,42,682500,685000
5,42,982500,985000
0,43,267500,270000
0,43,335000,337500
0,43,337500,340000
0,43,342500,345000
0,43,345000,347500
0,43,347500,350000
0,43,357500,360000
0,43,360000,362500
0,43,362500,365000
0,43,365000,367500
0,43,367500,370000
0,43,370000,372500
0,43,385000,387500
0,43,387500,390000
0,43,390000,392500
0,43,412500,415000
0,43,460000,462500
0,43,462500,465000
0,43,465000,467500
0,43,467500,470000
0,43,470000,472500
0,43,472500,475000
0,43,475000,477500
0,43,480000,482500
0,43,485000,487500
0,43,487500,490000
0,43,580000,582500
0,43,627500,630000
0,43,632500,635000
0,43,635000,637500
0,43,637500,640000
0,43,690000,692500
0,43,710000,712500
0,43,715000,717500
0,43,717500,720000
0,43,720000,722500
0,43,740000,742500
0,43,747500,750000
0,43,825000,827500
0,43,827500,830000
0,43,830000,832500
0,43,832500,835000
0,43,837500,840000
1,43,265000,267500
1,43,332500,335000
1,43,335000,337500
1,43,340000,342500
1,43,342500,345000
1,43,345000,347500
1,43,355000,357500
1,43,357500,360000
1,43,360000,362500
1,43,362500,365000
1,43,365000,367500
1,43,367500,370000
1,43,382500,385000
1,43,385000,387500
1,43,387500,390000
1,43,410000,412500
1,43,457500,460000
1,43,460000,462500
1,43,462500,465000
1,43,465000,467500
1,43,467500,470000
1,43,470000,472500
1,43,472500,475000
1,43,477500,480000
1,43,482500,485000
1,43,485000,487500
1,43,577500,580000
1,43,625000,627500
1,43,630000,632500
1,43,632500,635000
1,43,635000,637500
1,43,687500,690000
1,43,707500,710000
1,43,712500,715000
1,43,715000,717500
1,43,717500,720000
1,43,737500,740000
1,43,745000,747500
1,43,822500,825000
1,43,825000,827500
1,43,827500,830000
1,43,830000,832500
1,43,835000,837500
2,43,7500,10000
2,43,10000,12500
2,43,20000,22500
2,43,25000,27500
2,43,27500,30000
2,43,30000,32500
2,43,32500,35000
2,43,137500,140000
2,43,140000,142500
2,43,142500,145000
2,43,145000,147500
2,43,147500,150000
2,43,150000,152500
2,43,152500,155000
2,43,155000,157500
2,43,157500,160000
2,43,167500,170000
2,43,180000,182500
2,43,182500,185000
2,43,210000,212500
2,43,217500,220000
2,43,220000,222500
2,43,315000,317500
2,43,682500,685000
2,43,685000,687500
2,43,905000,907500
3,43,5000,7500
3,43,7500,10000
3,43,17500,20000
3,43,22500,25000
3,43,25000,27500
3,43,27500,30000
3,43,30000,32500
3,43,135000,137500
3,43,137500,140000
3,43,140000,142500
3,43,142500,145000
3,43,145000,147500
3,43,147500,150000
3,43,150000,152500
3,43,152500,155000
3,43,155000,157500
3,43,165000,167500
3,43,177500,180000
3,43,180000,182500
3,43,207500,210000
3,43,215000,217500
3,43,217500,220000
3,43,312500,315000
3,43,680000,682500
3,43,682500,685000
3,43,902500,905000
4,43,25000,27500
4,43,137500,140000
4,43,220000,222500
4,43,682500,685000
5,43,22500,25000
5,43,135000,137500
5,43,217500,220000
5,43,680000,682500
0,44,5000,7500
0,44,12500,15000
0,44,17500,20000
0,44,20000,22500
0,44,22500,25000
0,44,25000,27500
0,44,27500,30000
0,44,30000,32500
0,44,32500,35000
0,44,47500,50000
0,44,100000,102500
0,44,135000,137500
0,44,142500,145000
0,44,147500,150000
0,44,150000,152500
0,44,152500,155000
0,44,155000,157500
0,44,157500,160000
0,44,160000,162500
0,44,162500,165000
0,44,165000,167500
0,44,167500,170000
0,44,172500,175000
0,44,175000,177500
0,44,177500,180000
0,44,182500,185000
0,44,185000,187500
0,44,190000,192500
0,44,192500,195000
0,44,195000,197500
0,44,197500,200000
0,44,212500,215000
0,44,215000,217500
0,44,217500,220000
0,44,220000,222500
0,44,222500,225000
0,44,225000,227500
0,44,227500,230000
0,44,230000,232500
0,44,305000,307500
0,44,347500,350000
0,44,440000,442500
0,44,490000,492500
0,44,497500,500000
0,44,580000,582500
0,44,585000,587500
0,44,615000,617500
0,44,670000,672500
0,44,672500,675000
0,44,682500,685000
0,44,685000,687500
0,44,745000,747500
0,44,747500,750000
0,44,750000,752500
0,44,987500,990000
0,44,990000,992500
0,44,992500,995000
0,44,1055000,1057500
0,44,1057500,1060000
0,44,1092500,1095000
0,44,1097500,1100000
0,44,1100000,1102500
0,44,1105000,1107500
1,44,2500,5000
1,44,10000,12500
1,44,15000,17500
1,44,17500,20000
1,44,20000,22500
1,44,22500,25000
1,44,25000,27500
1,44,27500,30000
1,44,30000,32500
1,44,45000,47500
1,44,97500,100000
1,44,132500,135000
1,44,145000,147500
1,44,150000,152500
1,44,152500,155000
1,44,155000,157500
1,44,157500,160000
1,44,160000,162500
1,44,162500,165000
1,44,165000,167500
1,44,170000,172500
1,44,172500,175000
1,44,175000,177500
1,44,180000,182500
1,44,182500,185000
1,44,187500,190000
1,44,190000,192500
1,44,192500,195000
1,44,195000,197500
1,44,210000,212500
1,44,212500,215000
1,44,215000,217500
1,44,217500,220000
1,44,220000,222500
1,44,222500,225000
1,44,225000,227500
1,44,227500,230000
1,44,302500,305000
1,44,345000,347500
1,44,437500,440000
1,44,487500,490000
1,44,495000,497500
1,44,577500,580000
1,44,582500,585000
1,44,612500,615000
1,44,667500,670000
1,44,670000,672500
1,44,680000,682500
1,44,682500,685000
1,44,742500,745000
1,44,745000,747500
1,44,747500,750000
1,44,985000,987500
1,44,987500,990000
1,44,990000,992500
1,44,1052500,1055000
1,44,1055000,1057500
1,44,1090000,1092500
1,44,1095000,1097500
1,44,1097500,1100000
1,44,1102500,1105000
2,44,0,2500
2,44,2500,5000
2,44,5000,7500
2,44,25000,27500
2,44,27500,30000
2,44,30000,32500
2,44,142500,145000
2,44,147500,150000
2,44,150000,152500
2,44,152500,155000
2,44,155000,157500
2,44,157500,160000
2,44,160000,162500
2,44,162500,165000
2,44,165000,167500
2,44,167500,170000
2,44,170000,172500
2,44,172500,175000
2,44,175000,177500
2,44,177500,180000
2,44,180000,182500
2,44,182500,185000
2,44,185000,187500
2,44,187500,190000
2,44,190000,192500
2,44,192500,195000
2,44,195000,197500
2,44,202500,205000
2,44,205000,207500
2,44,207500,210000
2,44,210000,212500
2,44,217500,220000
2,44,220000,222500
2,44,222500,225000
2,44,225000,227500
2,44,235000,237500
2,44,315000,317500
2,44,360000,362500
2,44,497500,500000
2,44,670000,672500
2,44,682500,685000
2,44,685000,687500
2,44,705000,707500
2,44,707500,710000
2,44,720000,722500
2,44,730000,732500
2,44,732500,735000
2,44,747500,750000
3,44,0,2500
3,44,2500,5000
3,44,22500,25000
3,44,25000,27500
3,44,27500,30000
3,44,135000,137500
3,44,137500,140000
3,44,145000,147500
3,44,150000,152500
3,44,152500,155000
3,44,155000,157500
3,44,157500,160000
3,44,160000,162500
3,44,162500,165000
3,44,165000,167500
3,44,167500,170000
3,44,170000,172500
3,44,172500,175000
3,44,175000,177500
3,44,177500,180000
3,44,180000,182500
3,44,182500,185000
3,44,185000,187500
3,44,187500,190000
3,44,190000,192500
3,44,192500,195000
3,44,200000,202500
3,44,202500,205000
3,44,205000,207500
3,44,207500,210000
3,44,215000,217500
3,44,217500,220000
3,44,220000,222500
3,44,222500,225000
3,44,232500,235000
3,44,312500,315000
3,44,357500,360000
3,44,495000,497500
3,44,667500,670000
3,44,680000,682500
3,44,682500,685000
3,44,702500,705000
3,44,705000,707500
3,44,717500,720000
3,44,727500,730000
3,44,730000,732500
3,44,745000,747500
0,45,50000,52500
0,45,942500,945000
0,45,1107500,1110000
1,45,47500,50000
1,45,940000,942500
1,45,1105000,1107500
2,45,2500,5000
2,45,5000,7500
2,45,20000,22500
2,45,45000,47500
2,45,155000,157500
2,45,160000,162500
2,45,162500,165000
2,45,165000,167500
2,45,167500,170000
2,45,170000,172500
2,45,172500,175000
2,45,175000,177500
2,45,177500,180000
2,45,180000,182500
2,45,182500,185000
2,45,185000,187500
2,45,187500,190000
2,45,190000,192500
2,45,192500,195000
2,45,195000,197500
2,45,197500,200000
2,45,200000,202500
2,45,207500,210000
2,45,210000,212500
2,45,212500,215000
2,45,215000,217500
2,45,217500,220000
2,45,220000,222500
2,45,222500,225000
2,45,225000,227500
2,45,267500,270000
2,45,315000,317500
2,45,405000,407500
2,45,407500,410000
2,45,677500,680000
2,45,690000,692500
2,45,705000,707500
2,45,707500,710000
2,45,710000,712500
2,45,712500,715000
2,45,905000,907500
3,45,0,2500
3,45,17500,20000
3,45,42500,45000
3,45,145000,147500
3,45,157500,160000
3,45,162500,165000
3,45,165000,167500
3,45,167500,170000
3,45,170000,172500
3,45,172500,175000
3,45,175000,177500
3,45,177500,180000
3,45,180000,182500
3,45,182500,185000
3,45,185000,187500
3,45,187500,190000
3,45,190000,192500
3,45,192500,195000
3,45,195000,197500
3,45,197500,200000
3,45,200000,202500
3,45,202500,205000
3,45,210000,212500
3,45,212500,215000
3,45,215000,217500
3,45,217500,220000
3,45,220000,222500
3,45,222500,225000
3,45,265000,267500
3,45,312500,315000
3,45,402500,405000
3,45,405000,407500
3,45,675000,677500
3,45,687500,690000
3,45,702500,705000
3,45,705000,707500
3,45,707500,710000
3,45,710000,712500
3,45,902500,905000
4,45,7500,10000
4,45,25000,27500
4,45,142500,145000
4,45,172500,175000
4,45,175000,177500
4,45,210000,212500
4,45,680000,682500
4,45,682500,685000
4,45,990000,992500
5,45,5000,7500
5,45,22500,25000
5,45,135000,137500
5,45,137500,140000
5,45,145000,147500
5,45,170000,172500
5,45,172500,175000
5,45,677500,680000
5,45,680000,682500
5,45,987500,990000
0,46,335000,337500
0,46,337500,340000
0,46,340000,342500
0,46,342500,345000
0,46,345000,347500
0,46,347500,350000
0,46,350000,352500
0,46,367500,370000
0,46,370000,372500
0,46,407500,410000
0,46,460000,462500
0,46,462500,465000
0,46,465000,467500
0,46,467500,470000
0,46,470000,472500
0,46,472500,475000
0,46,475000,477500
0,46,580000,582500
0,46,615000,617500
0,46,617500,620000
0,46,630000,632500
0,46,632500,635000
0,46,635000,637500
0,46,637500,640000
0,46,690000,692500
0,46,747500,750000
0,46,825000,827500
0,46,827500,830000
0,46,830000,832500
0,46,832500,835000
1,46,332500,335000
1,46,335000,337500
1,46,337500,340000
1,46,340000,342500
1,46,342500,345000
1,46,345000,347500
1,46,347500,350000
1,46,365000,367500
1,46,367500,370000
1,46,405000,407500
1,46,457500,460000
1,46,460000,462500
1,46,462500,465000
1,46,465000,467500
1,46,467500,470000
1,46,470000,472500
1,46,472500,475000
1,46,577500,580000
1,46,612500,615000
1,46,615000,617500
1,46,627500,630000
1,46,630000,632500
1,46,632500,635000
1,46,635000,637500
1,46,687500,690000
1,46,745000,747500
1,46,822500,825000
1,46,825000,827500
1,46,827500,830000
1,46,830000,832500
2,46,7500,10000
2,46,10000,12500
2,46,25000,27500
2,46,27500,30000
2,46,30000,32500
2,46,32500,35000
2,46,137500,140000
2,46,140000,142500
2,46,142500,145000
2,46,145000,147500
2,46,147500,150000
2,46,167500,170000
2,46,315000,317500
2,46,682500,685000
2,46,685000,687500
2,46,987500,990000
3,46,5000,7500
3,46,7500,10000
3,46,22500,25000
3,46,25000,27500
3,46,27500,30000
3,46,30000,32500
3,46,135000,137500
3,46,137500,140000
3,46,140000,142500
3,46,142500,145000
3,46,145000,147500
3,46,165000,167500
3,46,312500,315000
3,46,680000,682500
3,46,682500,685000
3,46,985000,987500
4,46,720000,722500
5,46,717500,720000
0,47,37500,40000
0,47,40000,42500
0,47,42500,45000
0,47,60000,62500
0,47,65000,67500
0,47,72500,75000
0,47,80000,82500
0,47,115000,117500
0,47,232500,235000
0,47,235000,237500
0,47,347500,350000
0,47,440000,442500
0,47,497500,500000
0,47,500000,502500
0,47,825000,827500
0,47,827500,830000
0,47,830000,832500
0,47,832500,835000
0,47,977500,980000
0,47,980000,982500
0,47,1095000,1097500
1,47,35000,37500
1,47,37500,40000
1,47,40000,42500
1,47,57500,60000
1,47,62500,65000
1,47,70000,72500
1,47,77500,80000
1,47,112500,115000
1,47,230000,232500
1,47,232500,235000
1,47,345000,347500
1,47,437500,440000
1,47,495000,497500
1,47,497500,500000
1,47,822500,825000
1,47,825000,827500
1,47,827500,830000
1,47,830000,832500
1,47,975000,977500
1,47,977500,980000
1,47,1092500,1095000
2,47,0,2500
2,47,2500,5000
2,47,5000,7500
2,47,7500,10000
2,47,10000,12500
2,47,12500,15000
2,47,20000,22500
2,47,22500,25000
2,47,25000,27500
2,47,27500,30000
2,47,30000,32500
2,47,32500,35000
2,47,35000,37500
2,47,45000,47500
2,47,47500,50000
2,47,142500,145000
2,47,155000,157500
2,47,160000,162500
2,47,162500,165000
2,47,165000,167500
2,47,167500,170000
2,47,170000,172500
2,47,172500,175000
2,47,175000,177500
2,47,177500,180000
2,47,180000,182500
2,47,182500,185000
2,47,185000,187500
2,47,187500,190000
2,47,190000,192500
2,47,192500,195000
2,47,195000,197500
2,47,202500,205000
2,47,205000,207500
2,47,207500,210000
2,47,210000,212500
2,47,212500,215000
2,47,215000,217500
2,47,217500,220000
2,47,220000,222500
2,47,222500,225000
2,47,225000,227500
2,47,235000,237500
2,47,302500,305000
2,47,315000,317500
2,47,670000,672500
2,47,682500,685000
2,47,685000,687500
2,47,705000,707500
2,47,707500,710000
2,47,710000,712500
2,47,712500,715000
2,47,720000,722500
2,47,730000,732500
2,47,732500,735000
2,47,747500,750000
2,47,987500,990000
2,47,990000,992500
3,47,0,2500
3,47,2500,5000
3,47,5000,7500
3,47,7500,10000
3,47,10000,12500
3,47,17500,20000
3,47,20000,22500
3,47,22500,25000
3,47,25000,27500
3,47,27500,30000
3,47,30000,32500
3,47,32500,35000
3,47,42500,45000
3,47,45000,47500
3,47,135000,137500
3,47,137500,140000
3,47,145000,147500
3,47,157500,160000
3,47,162500,165000
3,47,165000,167500
3,47,167500,170000
3,47,170000,172500
3,47,172500,175000
3,47,175000,177500
3,47,177500,180000
3,47,180000,182500
3,47,182500,185000
3,47,185000,187500
3,47,187500,190000
3,47,190000,192500
3,47,192500,195000
3,47,200000,202500
3,47,202500,205000
3,47,205000,207500
3,47,207500,210000
3,47,210000,212500
3,47,212500,215000
3,47,215000,217500
3,47,217500,220000
3,47,220000,222500
3,47,222500,225000
3,47,232500,235000
3,47,300000,302500
3,47,312500,315000
3,47,667500,670000
3,47,680000,682500
3,47,682500,685000
3,47,702500,705000
3,47,705000,707500
3,47,707500,710000
3,47,710000,712500
3,47,717500,720000
3,47,727500,730000
3,47,730000,732500
3,47,745000,747500
3,47,985000,987500
3,47,987500,990000
4,47,942500,945000
5,47,940000,942500
0,48,35000,37500
0,48,100000,102500
0,48,102500,105000
0,48,135000,137500
0,48,137500,140000
0,48,160000,162500
0,48,162500,165000
0,48,170000,172500
0,48,187500,190000
0,48,275000,277500
0,48,280000,282500
0,48,285000,287500
0,48,317500,320000
0,48,320000,322500
0,48,340000,342500
0,48,342500,345000
0,48,352500,355000
0,48,355000,357500
0,48,392500,395000
0,48,397500,400000
0,48,402500,405000
0,48,405000,407500
0,48,407500,410000
0,48,410000,412500
0,48,412500,415000
0,48,415000,417500
0,48,417500,420000
0,48,430000,432500
0,48,435000,437500
0,48,437500,440000
0,48,440000,442500
0,48,442500,445000
0,48,450000,452500
0,48,452500,455000
0,48,457500,460000
0,48,462500,465000
0,48,542500,545000
0,48,547500,550000
0,48,597500,600000
0,48,630000,632500
0,48,635000,637500
0,48,652500,655000
0,48,697500,700000
0,48,720000,722500
0,48,722500,725000
0,48,725000,727500
0,48,762500,765000
0,48,777500,780000
0,48,780000,782500
0,48,782500,785000
0,48,787500,790000
0,48,790000,792500
0,48,792500,795000
0,48,795000,797500
0,48,797500,800000
0,48,800000,802500
0,48,802500,805000
0,48,805000,807500
0,48,857500,860000
0,48,877500,880000
0,48,880000,882500
0,48,885000,887500
0,48,887500,890000
0,48,897500,900000
0,48,950000,952500
0,48,952500,955000
0,48,955000,957500
0,48,957500,960000
0,48,960000,962500
0,48,962500,965000
0,48,980000,982500
0,48,982500,985000
0,48,985000,987500
0,48,990000,992500
0,48,992500,995000
0,48,995000,997500
0,48,997500,1000000
0,48,1000000,1002500
0,48,1002500,1005000
0,48,1005000,1007500
0,48,1007500,1010000
0,48,1010000,1012500
0,48,1012500,1015000
0,48,1015000,1017500
0,48,1017500,1020000
0,48,1020000,1022500
0,48,1022500,1025000
0,48,1030000,1032500
0,48,1032500,1035000
0,48,1037500,1040000
0,48,1075000,1077500
0,48,1077500,1080000
0,48,1080000,1082500
0,48,1082500,1085000
0,48,1085000,1087500
0,48,1092500,1095000
0,48,1095000,1097500
0,48,1097500,1100000
0,48,1100000,1102500
0,48,1102500,1105000
0,48,1105000,1107500
0,48,1110000,1112500
1,48,32500,35000
1,48,97500,100000
1,48,100000,102500
1,48,132500,135000
1,48,135000,137500
1,48,157500,160000
1,48,160000,162500
1,48,167500,170000
1,48,185000,187500
1,48,272500,275000
1,48,277500,280000
1,48,282500,285000
1,48,315000,317500
1,48,317500,320000
1,48,337500,340000
1,48,340000,342500
1,48,350000,352500
1,48,352500,355000
1,48,390000,392500
1,48,395000,397500
1,48,400000,402500
1,48,402500,405000
1,48,405000,407500
1,48,407500,410000
1,48,410000,412500
1,48,412500,415000
1,48,415000,417500
1,48,427500,430000
1,48,432500,435000
1,48,435000,437500
1,48,437500,440000
1,48,440000,442500
1,48,447500,450000
1,48,450000,452500
1,48,455000,457500
1,48,460000,462500
1,48,540000,542500
1,48,545000,547500
1,48,595000,597500
1,48,627500,630000
1,48,632500,635000
1,48,650000,652500
1,48,695000,697500
1,48,715000,717500
1,48,722500,725000
1,48,760000,762500
1,48,775000,777500
1,48,777500,780000
1,48,780000,782500
1,48,785000,787500
1,48,787500,790000
1,48,790000,792500
1,48,792500,795000
1,48,795000,797500
1,48,797500,800000
1,48,800000,802500
1,48,802500,805000
1,48,855000,857500
1,48,875000,877500
1,48,877500,880000
1,48,880000,882500
1,48,882500,885000
1,48,895000,897500
1,48,952500,955000
1,48,955000,957500
1,48,957500,960000
1,48,960000,962500
1,48,977500,980000
1,48,980000,982500
1,48,982500,985000
1,48,985000,987500
1,48,987500,990000
1,48,992500,995000
1,48,995000,997500
1,48,997500,1000000
1,48,1000000,1002500
1,48,1002500,1005000
1,48,1005000,1007500
1,48,1007500,1010000
1,48,1010000,1012500
1,48,1012500,1015000
1,48,1015000,1017500
1,48,1017500,1020000
1,48,1020000,1022500
1,48,1027500,1030000
1,48,1030000,1032500
1,48,1035000,1037500
1,48,1070000,1072500
1,48,1077500,1080000
1,48,1080000,1082500
1,48,1082500,1085000
1,48,1085000,1087500
1,48,1087500,1090000
1,48,1095000,1097500
1,48,1097500,1100000
1,48,1100000,1102500
1,48,1102500,1105000
1,48,1105000,1107500
1,48,1107500,1110000
2,48,0,2500
2,48,2500,5000
2,48,5000,7500
2,48,722500,725000
2,48,725000,727500
2,48,727500,730000
2,48,730000,732500
2,48,752500,755000
2,48,782500,785000
3,48,0,2500
3,48,2500,5000
3,48,722500,725000
3,48,725000,727500
3,48,727500,730000
3,48,750000,752500
3,48,780000,782500
4,48,135000,137500
4,48,137500,140000
4,48,152500,155000
4,48,155000,157500
4,48,157500,160000
4,48,160000,162500
4,48,280000,282500
4,48,282500,285000
4,48,285000,287500
4,48,292500,295000
4,48,295000,297500
4,48,320000,322500
4,48,352500,355000
4,48,430000,432500
4,48,442500,445000
4,48,462500,465000
4,48,557500,560000
4,48,560000,562500
4,48,567500,570000
4,48,570000,572500
4,48,572500,575000
4,48,577500,580000
4,48,630000,632500
4,48,642500,645000
4,48,645000,647500
4,48,647500,650000
4,48,665000,667500
4,48,667500,670000
4,48,692500,695000
4,48,725000,727500
4,48,730000,732500
4,48,732500,735000
4,48,737500,740000
4,48,740000,742500
4,48,742500,745000
4,48,745000,747500
4,48,782500,785000
4,48,785000,787500
4,48,802500,805000
4,48,950000,952500
4,48,955000,957500
4,48,957500,960000
4,48,980000,982500
4,48,985000,987500
4,48,990000,992500
4,48,992500,995000
4,48,995000,997500
4,48,1000000,1002500
4,48,1007500,1010000
4,48,1022500,1025000
4,48,1055000,1057500
4,48,1082500,1085000
4,48,1085000,1087500
4,48,1092500,1095000
4,48,1095000,1097500
5,48,132500,135000
5,48,135000,137500
5,48,150000,152500
5,48,152500,155000
5,48,155000,157500
5,48,157500,160000
5,48,277500,280000
5,48,280000,282500
5,48,282500,285000
5,48,290000,292500
5,48,292500,295000
5,48,317500,320000
5,48,350000,352500
5,48,427500,430000
5,48,440000,442500
5,48,460000,462500
5,48,555000,557500
5,48,557500,560000
5,48,565000,567500
5,48,567500,570000
5,48,570000,572500
5,48,575000,577500
5,48,577500,580000
5,48,627500,630000
5,48,640000,642500
5,48,642500,645000
5,48,645000,647500
5,48,662500,665000
5,48,665000,667500
5,48,690000,692500
5,48,715000,717500
5,48,722500,725000
5,48,727500,730000
5,48,730000,732500
5,48,735000,737500
5,48,737500,740000
5,48,740000,742500
5,48,742500,745000
5,48,780000,782500
5,48,782500,785000
5,48,800000,802500
5,48,952500,955000
5,48,955000,957500
5,48,977500,980000
5,48,982500,985000
5,48,985000,987500
5,48,987500,990000
5,48,992500,995000
5,48,997500,1000000
5,48,1005000,1007500
5,48,1020000,1022500
5,48,1052500,1055000
5,48,1070000,1072500
5,48,1080000,1082500
5,48,1082500,1085000
5,48,1085000,1087500
5,48,1087500,1090000
0,49,135000,137500
0,49,240000,242500
0,49,270000,272500
0,49,372500,375000
0,49,470000,472500
0,49,562500,565000
0,49,595000,597500
0,49,632500,635000
0,49,635000,637500
0,49,720000,722500
0,49,755000,757500
0,49,760000,762500
0,49,780000,782500
0,49,990000,992500
1,49,132500,135000
1,49,237500,240000
1,49,267500,270000
1,49,370000,372500
1,49,467500,470000
1,49,560000,562500
1,49,592500,595000
1,49,630000,632500
1,49,632500,635000
1,49,715000,717500
1,49,752500,755000
1,49,757500,760000
1,49,777500,780000
2,49,5000,7500
2,49,7500,10000
2,49,10000,12500
2,49,12500,15000
2,49,80000,82500
2,49,82500,85000
2,49,137500,140000
2,49,292500,295000
2,49,295000,297500
2,49,515000,517500
2,49,517500,520000
2,49,527500,530000
2,49,692500,695000
2,49,695000,697500
2,49,697500,700000
2,49,700000,702500
2,49,702500,705000
2,49,705000,707500
2,49,707500,710000
2,49,710000,712500
2,49,712500,715000
2,49,725000,727500
2,49,727500,730000
2,49,752500,755000
2,49,775000,777500
2,49,800000,802500
2,49,940000,942500
2,49,942500,945000
2,49,945000,947500
2,49,947500,950000
2,49,952500,955000
2,49,955000,957500
2,49,1010000,1012500
3,49,7500,10000
3,49,10000,12500
3,49,77500,80000
3,49,80000,82500
3,49,135000,137500
3,49,140000,142500
3,49,142500,145000
3,49,290000,292500
3,49,292500,295000
3,49,525000,527500
3,49,690000,692500
3,49,692500,695000
3,49,695000,697500
3,49,697500,700000
3,49,700000,702500
3,49,702500,705000
3,49,705000,707500
3,49,707500,710000
3,49,710000,712500
3,49,722500,725000
3,49,750000,752500
3,49,780000,782500
3,49,802500,805000
3,49,940000,942500
3,49,942500,945000
3,49,945000,947500
3,49,950000,952500
3,49,952500,955000
3,49,955000,957500
3,49,1090000,1092500
4,49,5000,7500
4,49,12500,15000
4,49,15000,17500
4,49,17500,20000
4,49,35000,37500
4,49,37500,40000
4,49,40000,42500
4,49,42500,45000
4,49,45000,47500
4,49,47500,50000
4,49,57500,60000
4,49,62500,65000
4,49,65000,67500
4,49,67500,70000
4,49,77500,80000
4,49,80000,82500
4,49,82500,85000
4,49,137500,140000
4,49,172500,175000
4,49,175000,177500
4,49,187500,190000
4,49,207500,210000
4,49,210000,212500
4,49,212500,215000
4,49,215000,217500
4,49,217500,220000
4,49,222500,225000
4,49,225000,227500
4,49,230000,232500
4,49,235000,237500
4,49,237500,240000
4,49,242500,245000
4,49,292500,295000
4,49,295000,297500
4,49,325000,327500
4,49,462500,465000
4,49,475000,477500
4,49,477500,480000
4,49,480000,482500
4,49,482500,485000
4,49,485000,487500
4,49,540000,542500
4,49,542500,545000
4,49,547500,550000
4,49,550000,552500
4,49,552500,555000
4,49,580000,582500
4,49,582500,585000
4,49,677500,680000
4,49,725000,727500
4,49,727500,730000
4,49,730000,732500
4,49,752500,755000
4,49,755000,757500
4,49,775000,777500
4,49,777500,780000
4,49,800000,802500
4,49,807500,810000
4,49,822500,825000
4,49,845000,847500
4,49,847500,850000
4,49,850000,852500
4,49,902500,905000
4,49,905000,907500
4,49,907500,910000
4,49,910000,912500
4,49,917500,920000
4,49,922500,925000
4,49,925000,927500
4,49,927500,930000
4,49,930000,932500
4,49,990000,992500
4,49,1020000,1022500
4,49,1022500,1025000
4,49,1035000,1037500
4,49,1050000,1052500
4,49,1052500,1055000
4,49,1065000,1067500
4,49,1072500,1075000
4,49,1075000,1077500
4,49,1077500,1080000
4,49,1080000,1082500
4,49,1082500,1085000
4,49,1085000,1087500
5,49,10000,12500
5,49,12500,15000
5,49,15000,17500
5,49,32500,35000
5,49,35000,37500
5,49,37500,40000
5,49,40000,42500
5,49,42500,45000
5,49,45000,47500
5,49,60000,62500
5,49,62500,65000
5,49,65000,67500
5,49,77500,80000
5,49,80000,82500
5,49,135000,137500
5,49,140000,142500
5,49,142500,145000
5,49,170000,172500
5,49,172500,175000
5,49,185000,187500
5,49,187500,190000
5,49,205000,207500
5,49,207500,210000
5,49,210000,212500
5,49,212500,215000
5,49,215000,217500
5,49,220000,222500
5,49,222500,225000
5,49,227500,230000
5,49,232500,235000
5,49,235000,237500
5,49,240000,242500
5,49,242500,245000
5,49,290000,292500
5,49,292500,295000
5,49,460000,462500
5,49,472500,475000
5,49,475000,477500
5,49,477500,480000
5,49,480000,482500
5,49,482500,485000
5,49,510000,512500
5,49,537500,540000
5,49,540000,542500
5,49,545000,547500
5,49,547500,550000
5,49,550000,552500
5,49,577500,580000
5,49,580000,582500
5,49,675000,677500
5,49,712500,715000
5,49,722500,725000
5,49,727500,730000
5,49,750000,752500
5,49,752500,755000
5,49,780000,782500
5,49,782500,785000
5,49,802500,805000
5,49,810000,812500
5,49,825000,827500
5,49,847500,850000
5,49,850000,852500
5,49,852500,855000
5,49,897500,900000
5,49,905000,907500
5,49,907500,910000
5,49,910000,912500
5,49,912500,915000
5,49,920000,922500
5,49,925000,927500
5,49,927500,930000
5,49,1017500,1020000
5,49,1020000,1022500
5,49,1047500,1050000
5,49,1050000,1052500
5,49,1060000,1062500
5,49,1075000,1077500
5,49,1077500,1080000
5,49,1080000,1082500
5,49,1082500,1085000
5,49,1090000,1092500
0,50,207500,210000
0,50,210000,212500
0,50,212500,215000
0,50,237500,240000
0,50,480000,482500
0,50,482500,485000
0,50,485000,487500
0,50,487500,490000
0,50,490000,492500
0,50,492500,495000
0,50,495000,497500
0,50,497500,500000
0,50,500000,502500
0,50,502500,505000
0,50,505000,507500
0,50,507500,510000
0,50,510000,512500
0,50,512500,515000
0,50,515000,517500
0,50,517500,520000
0,50,520000,522500
0,50,522500,525000
0,50,525000,527500
0,50,527500,530000
0,50,530000,532500
0,50,532500,535000
0,50,535000,537500
0,50,537500,540000
0,50,540000,542500
0,50,542500,545000
0,50,582500,585000
0,50,667500,670000
0,50,945000,947500
0,50,952500,955000
0,50,955000,957500
0,50,1075000,1077500
0,50,1080000,1082500
0,50,1082500,1085000
0,50,1085000,1087500
0,50,1087500,1090000
1,50,205000,207500
1,50,207500,210000
1,50,210000,212500
1,50,235000,237500
1,50,477500,480000
1,50,480000,482500
1,50,482500,485000
1,50,485000,487500
1,50,487500,490000
1,50,490000,492500
1,50,492500,495000
1,50,495000,497500
1,50,497500,500000
1,50,500000,502500
1,50,502500,505000
1,50,505000,507500
1,50,507500,510000
1,50,510000,512500
1,50,512500,515000
1,50,515000,517500
1,50,517500,520000
1,50,520000,522500
1,50,522500,525000
1,50,525000,527500
1,50,527500,530000
1,50,530000,532500
1,50,532500,535000
1,50,535000,537500
1,50,537500,540000
1,50,540000,542500
1,50,580000,582500
1,50,665000,667500
1,50,950000,952500
1,50,952500,955000
1,50,1072500,1075000
1,50,1077500,1080000
1,50,1080000,1082500
1,50,1082500,1085000
1,50,1085000,1087500
2,50,5000,7500
2,50,12500,15000
2,50,15000,17500
2,50,17500,20000
2,50,20000,22500
2,50,22500,25000
2,50,25000,27500
2,50,27500,30000
2,50,30000,32500
2,50,137500,140000
2,50,725000,727500
2,50,727500,730000
2,50,947500,950000
2,50,950000,952500
2,50,952500,955000
2,50,957500,960000
2,50,1087500,1090000
2,50,1090000,1092500
2,50,1095000,1097500
2,50,1097500,1100000
2,50,1100000,1102500
2,50,1102500,1105000
2,50,1105000,1107500
2,50,1107500,1110000
2,50,1110000,1112500
3,50,10000,12500
3,50,15000,17500
3,50,17500,20000
3,50,20000,22500
3,50,22500,25000
3,50,25000,27500
3,50,27500,30000
3,50,722500,725000
3,50,725000,727500
3,50,945000,947500
3,50,947500,950000
3,50,950000,952500
3,50,955000,957500
3,50,1085000,1087500
3,50,1087500,1090000
3,50,1090000,1092500
3,50,1092500,1095000
3,50,1097500,1100000
3,50,1100000,1102500
3,50,1102500,1105000
3,50,1105000,1107500
3,50,1107500,1110000
3,50,1110000,1112500
4,50,5000,7500
4,50,7500,10000
4,50,12500,15000
4,50,15000,17500
4,50,17500,20000
4,50,20000,22500
4,50,22500,25000
4,50,25000,27500
4,50,27500,30000
4,50,30000,32500
4,50,32500,35000
4,50,37500,40000
4,50,45000,47500
4,50,47500,50000
4,50,50000,52500
4,50,52500,55000
4,50,55000,57500
4,50,70000,72500
4,50,72500,75000
4,50,75000,77500
4,50,77500,80000
4,50,110000,112500
4,50,112500,115000
4,50,115000,117500
4,50,117500,120000
4,50,120000,122500
4,50,122500,125000
4,50,127500,130000
4,50,130000,132500
4,50,140000,142500
4,50,190000,192500
4,50,242500,245000
4,50,245000,247500
4,50,247500,250000
4,50,250000,252500
4,50,252500,255000
4,50,255000,257500
4,50,257500,260000
4,50,260000,262500
4,50,262500,265000
4,50,267500,270000
4,50,270000,272500
4,50,272500,275000
4,50,275000,277500
4,50,277500,280000
4,50,280000,282500
4,50,282500,285000
4,50,287500,290000
4,50,292500,295000
4,50,295000,297500
4,50,345000,347500
4,50,347500,350000
4,50,350000,352500
4,50,357500,360000
4,50,370000,372500
4,50,385000,387500
4,50,387500,390000
4,50,400000,402500
4,50,402500,405000
4,50,405000,407500
4,50,407500,410000
4,50,410000,412500
4,50,412500,415000
4,50,415000,417500
4,50,417500,420000
4,50,430000,432500
4,50,447500,450000
4,50,455000,457500
4,50,457500,460000
4,50,467500,470000
4,50,470000,472500
4,50,472500,475000
4,50,475000,477500
4,50,565000,567500
4,50,567500,570000
4,50,570000,572500
4,50,572500,575000
4,50,575000,577500
4,50,577500,580000
4,50,580000,582500
4,50,582500,585000
4,50,585000,587500
4,50,587500,590000
4,50,590000,592500
4,50,592500,595000
4,50,602500,605000
4,50,605000,607500
4,50,607500,610000
4,50,610000,612500
4,50,612500,615000
4,50,615000,617500
4,50,617500,620000
4,50,620000,622500
4,50,622500,625000
4,50,625000,627500
4,50,627500,630000
4,50,630000,632500
4,50,632500,635000
4,50,635000,637500
4,50,637500,640000
4,50,640000,642500
4,50,645000,647500
4,50,650000,652500
4,50,652500,655000
4,50,657500,660000
4,50,660000,662500
4,50,662500,665000
4,50,665000,667500
4,50,672500,675000
4,50,675000,677500
4,50,677500,680000
4,50,715000,717500
4,50,717500,720000
4,50,720000,722500
4,50,722500,725000
4,50,725000,727500
4,50,727500,730000
4,50,752500,755000
4,50,947500,950000
4,50,950000,952500
4,50,952500,955000
4,50,1042500,1045000
4,50,1045000,1047500
4,50,1047500,1050000
4,50,1050000,1052500
4,50,1052500,1055000
4,50,1055000,1057500
4,50,1077500,1080000
4,50,1080000,1082500
4,50,1082500,1085000
4,50,1085000,1087500
5,50,7500,10000
5,50,10000,12500
5,50,15000,17500
5,50,17500,20000
5,50,20000,22500
5,50,22500,25000
5,50,25000,27500
5,50,27500,30000
5,50,30000,32500
5,50,35000,37500
5,50,37500,40000
5,50,47500,50000
5,50,50000,52500
5,50,52500,55000
5,50,67500,70000
5,50,70000,72500
5,50,72500,75000
5,50,75000,77500
5,50,107500,110000
5,50,110000,112500
5,50,112500,115000
5,50,115000,117500
5,50,117500,120000
5,50,120000,122500
5,50,125000,127500
5,50,130000,132500
5,50,137500,140000
5,50,187500,190000
5,50,240000,242500
5,50,242500,245000
5,50,245000,247500
5,50,247500,250000
5,50,250000,252500
5,50,252500,255000
5,50,255000,257500
5,50,257500,260000
5,50,260000,262500
5,50,265000,267500
5,50,267500,270000
5,50,270000,272500
5,50,272500,275000
5,50,275000,277500
5,50,277500,280000
5,50,280000,282500
5,50,285000,287500
5,50,290000,292500
5,50,292500,295000
5,50,342500,345000
5,50,345000,347500
5,50,347500,350000
5,50,355000,357500
5,50,367500,370000
5,50,382500,385000
5,50,385000,387500
5,50,397500,400000
5,50,400000,402500
5,50,402500,405000
5,50,405000,407500
5,50,407500,410000
5,50,410000,412500
5,50,412500,415000
5,50,415000,417500
5,50,427500,430000
5,50,445000,447500
5,50,452500,455000
5,50,455000,457500
5,50,465000,467500
5,50,467500,470000
5,50,470000,472500
5,50,472500,475000
5,50,562500,565000
5,50,565000,567500
5,50,567500,570000
5,50,570000,572500
5,50,572500,575000
5,50,575000,577500
5,50,577500,580000
5,50,580000,582500
5,50,582500,585000
5,50,585000,587500
5,50,587500,590000
5,50,590000,592500
5,50,600000,602500
5,50,602500,605000
5,50,605000,607500
5,50,607500,610000
5,50,610000,612500
5,50,612500,615000
5,50,615000,617500
5,50,617500,620000
5,50,620000,622500
5,50,622500,625000
5,50,625000,627500
5,50,627500,630000
5,50,630000,632500
5,50,632500,635000
5,50,635000,637500
5,50,637500,640000
5,50,642500,645000
5,50,647500,650000
5,50,650000,652500
5,50,655000,657500
5,50,657500,660000
5,50,660000,662500
5,50,662500,665000
5,50,670000,672500
5,50,672500,675000
5,50,675000,677500
5,50,712500,715000
5,50,715000,717500
5,50,717500,720000
5,50,720000,722500
5,50,722500,725000
5,50,725000,727500
5,50,750000,752500
5,50,945000,947500
5,50,947500,950000
5,50,950000,952500
5,50,1040000,1042500
5,50,1042500,1045000
5,50,1045000,1047500
5,50,1047500,1050000
5,50,1050000,1052500
5,50,1052500,1055000
5,50,1055000,1057500
5,50,1075000,1077500
5,50,1077500,1080000
5,50,1080000,1082500
5,50,1082500,1085000
0,51,135000,137500
0,51,137500,140000
0,51,342500,345000
0,51,352500,355000
0,51,452500,455000
0,51,487500,490000
0,51,495000,497500
0,51,497500,500000
0,51,502500,505000
0,51,505000,507500
0,51,507500,510000
0,51,510000,512500
0,51,512500,515000
0,51,517500,520000
0,51,520000,522500
0,51,522500,525000
0,51,525000,527500
0,51,527500,530000
0,51,530000,532500
0,51,532500,535000
0,51,535000,537500
0,51,545000,547500
0,51,547500,550000
0,51,560000,562500
0,51,562500,565000
0,51,572500,575000
0,51,575000,577500
0,51,577500,580000
0,51,635000,637500
0,51,692500,695000
0,51,695000,697500
0,51,707500,710000
0,51,717500,720000
0,51,735000,737500
0,51,737500,740000
0,51,740000,742500
0,51,797500,800000
0,51,802500,805000
0,51,857500,860000
0,51,860000,862500
0,51,877500,880000
0,51,882500,885000
0,51,885000,887500
0,51,887500,890000
0,51,892500,895000
0,51,947500,950000
0,51,950000,952500
0,51,952500,955000
0,51,955000,957500
0,51,957500,960000
0,51,980000,982500
0,51,982500,985000
0,51,985000,987500
0,51,987500,990000
0,51,990000,992500
0,51,992500,995000
0,51,995000,997500
0,51,997500,1000000
0,51,1002500,1005000
0,51,1005000,1007500
0,51,1010000,1012500
0,51,1012500,1015000
0,51,1015000,1017500
0,51,1017500,1020000
0,51,1020000,1022500
0,51,1022500,1025000
0,51,1025000,1027500
0,51,1030000,1032500
0,51,1032500,1035000
0,51,1055000,1057500
0,51,1057500,1060000
0,51,1072500,1075000
0,51,1075000,1077500
0,51,1080000,1082500
0,51,1082500,1085000
0,51,1085000,1087500
0,51,1087500,1090000
0,51,1090000,1092500
0,51,1092500,1095000
0,51,1095000,1097500
0,51,1097500,1100000
0,51,1105000,1107500
0,51,1107500,1110000
1,51,132500,135000
1,51,135000,137500
1,51,340000,342500
1,51,350000,352500
1,51,450000,452500
1,51,492500,495000
1,51,495000,497500
1,51,500000,502500
1,51,502500,505000
1,51,505000,507500
1,51,507500,510000
1,51,510000,512500
1,51,515000,517500
1,51,517500,520000
1,51,520000,522500
1,51,522500,525000
1,51,525000,527500
1,51,527500,530000
1,51,530000,532500
1,51,532500,535000
1,51,542500,545000
1,51,545000,547500
1,51,557500,560000
1,51,560000,562500
1,51,570000,572500
1,51,572500,575000
1,51,575000,577500
1,51,632500,635000
1,51,690000,692500
1,51,692500,695000
1,51,705000,707500
1,51,715000,717500
1,51,732500,735000
1,51,735000,737500
1,51,737500,740000
1,51,795000,797500
1,51,800000,802500
1,51,855000,857500
1,51,857500,860000
1,51,875000,877500
1,51,877500,880000
1,51,880000,882500
1,51,885000,887500
1,51,890000,892500
1,51,945000,947500
1,51,947500,950000
1,51,950000,952500
1,51,952500,955000
1,51,955000,957500
1,51,977500,980000
1,51,982500,985000
1,51,985000,987500
1,51,987500,990000
1,51,990000,992500
1,51,992500,995000
1,51,995000,997500
1,51,997500,1000000
1,51,1000000,1002500
1,51,1005000,1007500
1,51,1007500,1010000
1,51,1012500,1015000
1,51,1015000,1017500
1,51,1017500,1020000
1,51,1020000,1022500
1,51,1022500,1025000
1,51,1027500,1030000
1,51,1030000,1032500
1,51,1052500,1055000
1,51,1055000,1057500
1,51,1070000,1072500
1,51,1075000,1077500
1,51,1077500,1080000
1,51,1082500,1085000
1,51,1085000,1087500
1,51,1087500,1090000
1,51,1090000,1092500
1,51,1092500,1095000
1,51,1095000,1097500
1,51,1102500,1105000
1,51,1105000,1107500
2,51,5000,7500
2,51,7500,10000
2,51,725000,727500
2,51,752500,755000
2,51,777500,780000
2,51,780000,782500
2,51,782500,785000
2,51,957500,960000
3,51,0,2500
3,51,722500,725000
3,51,750000,752500
3,51,775000,777500
3,51,777500,780000
3,51,780000,782500
3,51,955000,957500
4,51,135000,137500
4,51,137500,140000
4,51,292500,295000
4,51,295000,297500
4,51,775000,777500
4,51,777500,780000
4,51,780000,782500
4,51,782500,785000
4,51,797500,800000
4,51,942500,945000
4,51,945000,947500
4,51,947500,950000
4,51,950000,952500
4,51,952500,955000
4,51,957500,960000
4,51,992500,995000
4,51,995000,997500
4,51,1050000,1052500
4,51,1055000,1057500
4,51,1072500,1075000
4,51,1075000,1077500
4,51,1082500,1085000
4,51,1085000,1087500
4,51,1087500,1090000
5,51,132500,135000
5,51,135000,137500
5,51,290000,292500
5,51,292500,295000
5,51,772500,775000
5,51,775000,777500
5,51,777500,780000
5,51,780000,782500
5,51,795000,797500
5,51,940000,942500
5,51,942500,945000
5,51,945000,947500
5,51,947500,950000
5,51,950000,952500
5,51,955000,957500
5,51,990000,992500
5,51,992500,995000
5,51,1047500,1050000
5,51,1052500,1055000
5,51,1070000,1072500
5,51,1082500,1085000
5,51,1085000,1087500
0,52,60000,62500
0,52,110000,112500
0,52,112500,115000
0,52,172500,175000
0,52,175000,177500
0,52,225000,227500
0,52,355000,357500
0,52,357500,360000
0,52,372500,375000
0,52,422500,425000
0,52,425000,427500
0,52,440000,442500
0,52,470000,472500
0,52,545000,547500
0,52,547500,550000
0,52,562500,565000
0,52,565000,567500
0,52,567500,570000
0,52,570000,572500
0,52,595000,597500
0,52,597500,600000
0,52,620000,622500
0,52,632500,635000
0,52,635000,637500
0,52,637500,640000
0,52,640000,642500
0,52,677500,680000
0,52,680000,682500
0,52,692500,695000
0,52,707500,710000
0,52,717500,720000
0,52,720000,722500
0,52,735000,737500
0,52,737500,740000
0,52,740000,742500
0,52,742500,745000
0,52,745000,747500
0,52,755000,757500
0,52,797500,800000
0,52,967500,970000
0,52,1002500,1005000
1,52,57500,60000
1,52,107500,110000
1,52,110000,112500
1,52,170000,172500
1,52,172500,175000
1,52,222500,225000
1,52,352500,355000
1,52,355000,357500
1,52,370000,372500
1,52,420000,422500
1,52,422500,425000
1,52,437500,440000
1,52,467500,470000
1,52,542500,545000
1,52,545000,547500
1,52,560000,562500
1,52,562500,565000
1,52,565000,567500
1,52,567500,570000
1,52,592500,595000
1,52,595000,597500
1,52,617500,620000
1,52,630000,632500
1,52,632500,635000
1,52,635000,637500
1,52,637500,640000
1,52,675000,677500
1,52,677500,680000
1,52,690000,692500
1,52,705000,707500
1,52,715000,717500
1,52,720000,722500
1,52,732500,735000
1,52,735000,737500
1,52,737500,740000
1,52,740000,742500
1,52,742500,745000
1,52,752500,755000
1,52,960000,962500
1,52,962500,965000
2,52,2500,5000
2,52,5000,7500
2,52,7500,10000
2,52,10000,12500
2,52,12500,15000
2,52,15000,17500
2,52,20000,22500
2,52,22500,25000
2,52,137500,140000
2,52,142500,145000
2,52,292500,295000
2,52,295000,297500
2,52,502500,505000
2,52,505000,507500
2,52,507500,510000
2,52,510000,512500
2,52,512500,515000
2,52,707500,710000
2,52,725000,727500
2,52,730000,732500
2,52,732500,735000
2,52,752500,755000
2,52,777500,780000
2,52,802500,805000
2,52,805000,807500
2,52,825000,827500
2,52,945000,947500
2,52,955000,957500
2,52,957500,960000
2,52,960000,962500
2,52,970000,972500
2,52,1005000,1007500
2,52,1007500,1010000
2,52,1010000,1012500
2,52,1012500,1015000
2,52,1015000,1017500
2,52,1017500,1020000
2,52,1020000,1022500
2,52,1022500,1025000
2,52,1087500,1090000
2,52,1090000,1092500
2,52,1092500,1095000
2,52,1095000,1097500
3,52,5000,7500
3,52,7500,10000
3,52,10000,12500
3,52,12500,15000
3,52,17500,20000
3,52,20000,22500
3,52,132500,135000
3,52,140000,142500
3,52,290000,292500
3,52,292500,295000
3,52,492500,495000
3,52,505000,507500
3,52,507500,510000
3,52,510000,512500
3,52,705000,707500
3,52,722500,725000
3,52,727500,730000
3,52,730000,732500
3,52,750000,752500
3,52,775000,777500
3,52,800000,802500
3,52,802500,805000
3,52,942500,945000
3,52,945000,947500
3,52,957500,960000
3,52,960000,962500
3,52,970000,972500
3,52,1005000,1007500
3,52,1007500,1010000
3,52,1010000,1012500
3,52,1012500,1015000
3,52,1015000,1017500
3,52,1017500,1020000
3,52,1020000,1022500
3,52,1087500,1090000
3,52,1090000,1092500
3,52,1092500,1095000
3,52,1095000,1097500
3,52,1097500,1100000
4,52,12500,15000
4,52,17500,20000
4,52,37500,40000
4,52,40000,42500
4,52,42500,45000
4,52,47500,50000
4,52,57500,60000
4,52,67500,70000
4,52,80000,82500
4,52,137500,140000
4,52,260000,262500
4,52,262500,265000
4,52,292500,295000
4,52,295000,297500
4,52,355000,357500
4,52,490000,492500
4,52,492500,495000
4,52,502500,505000
4,52,505000,507500
4,52,507500,510000
4,52,510000,512500
4,52,512500,515000
4,52,552500,555000
4,52,677500,680000
4,52,700000,702500
4,52,702500,705000
4,52,712500,715000
4,52,725000,727500
4,52,727500,730000
4,52,730000,732500
4,52,752500,755000
4,52,775000,777500
4,52,790000,792500
4,52,797500,800000
4,52,800000,802500
4,52,802500,805000
4,52,810000,812500
4,52,822500,825000
4,52,825000,827500
4,52,830000,832500
4,52,837500,840000
4,52,852500,855000
4,52,860000,862500
4,52,867500,870000
4,52,895000,897500
4,52,897500,900000
4,52,900000,902500
4,52,910000,912500
4,52,927500,930000
4,52,935000,937500
4,52,940000,942500
4,52,955000,957500
4,52,957500,960000
4,52,1002500,1005000
4,52,1005000,1007500
4,52,1035000,1037500
4,52,1050000,1052500
4,52,1052500,1055000
4,52,1055000,1057500
4,52,1070000,1072500
4,52,1072500,1075000
4,52,1075000,1077500
5,52,10000,12500
5,52,15000,17500
5,52,35000,37500
5,52,37500,40000
5,52,40000,42500
5,52,45000,47500
5,52,55000,57500
5,52,65000,67500
5,52,77500,80000
5,52,132500,135000
5,52,245000,247500
5,52,290000,292500
5,52,292500,295000
5,52,310000,312500
5,52,352500,355000
5,52,487500,490000
5,52,490000,492500
5,52,492500,495000
5,52,495000,497500
5,52,505000,507500
5,52,507500,510000
5,52,510000,512500
5,52,550000,552500
5,52,675000,677500
5,52,695000,697500
5,52,697500,700000
5,52,710000,712500
5,52,722500,725000
5,52,727500,730000
5,52,750000,752500
5,52,772500,775000
5,52,777500,780000
5,52,780000,782500
5,52,792500,795000
5,52,800000,802500
5,52,807500,810000
5,52,812500,815000
5,52,815000,817500
5,52,825000,827500
5,52,827500,830000
5,52,832500,835000
5,52,850000,852500
5,52,855000,857500
5,52,870000,872500
5,52,897500,900000
5,52,907500,910000
5,52,925000,927500
5,52,932500,935000
5,52,937500,940000
5,52,947500,950000
5,52,1030000,1032500
5,52,1047500,1050000
5,52,1050000,1052500
5,52,1052500,1055000
5,52,1067500,1070000
5,52,1070000,1072500
5,52,1072500,1075000
0,53,15000,17500
0,53,17500,20000
0,53,22500,25000
0,53,25000,27500
0,53,27500,30000
0,53,30000,32500
0,53,67500,70000
0,53,207500,210000
0,53,240000,242500
0,53,470000,472500
0,53,487500,490000
0,53,490000,492500
0,53,535000,537500
0,53,537500,540000
0,53,595000,597500
0,53,732500,735000
0,53,765000,767500
0,53,910000,912500
0,53,912500,915000
0,53,915000,917500
0,53,917500,920000
0,53,947500,950000
0,53,950000,952500
0,53,952500,955000
0,53,955000,957500
0,53,957500,960000
0,53,960000,962500
0,53,962500,965000
0,53,965000,967500
0,53,967500,970000
0,53,970000,972500
0,53,972500,975000
0,53,975000,977500
0,53,977500,980000
0,53,1032500,1035000
1,53,12500,15000
1,53,15000,17500
1,53,20000,22500
1,53,22500,25000
1,53,25000,27500
1,53,27500,30000
1,53,65000,67500
1,53,205000,207500
1,53,237500,240000
1,53,467500,470000
1,53,485000,487500
1,53,487500,490000
1,53,532500,535000
1,53,535000,537500
1,53,592500,595000
1,53,730000,732500
1,53,762500,765000
1,53,907500,910000
1,53,910000,912500
1,53,912500,915000
1,53,915000,917500
1,53,945000,947500
1,53,947500,950000
1,53,950000,952500
1,53,952500,955000
1,53,955000,957500
1,53,957500,960000
1,53,960000,962500
1,53,962500,965000
1,53,965000,967500
1,53,967500,970000
1,53,970000,972500
1,53,972500,975000
1,53,975000,977500
1,53,1030000,1032500
2,53,0,2500
2,53,2500,5000
2,53,5000,7500
2,53,725000,727500
2,53,752500,755000
3,53,0,2500
3,53,2500,5000
3,53,722500,725000
3,53,750000,752500
4,53,12500,15000
4,53,40000,42500
4,53,140000,142500
4,53,717500,720000
4,53,720000,722500
4,53,722500,725000
5,53,10000,12500
5,53,37500,40000
5,53,137500,140000
5,53,715000,717500
5,53,717500,720000
5,53,720000,722500
0,54,1017500,1020000
0,54,1080000,1082500
0,54,1082500,1085000
0,54,1085000,1087500
1,54,1015000,1017500
1,54,1080000,1082500
1,54,1082500,1085000
2,54,0,2500
2,54,2500,5000
2,54,12500,15000
2,54,15000,17500
2,54,265000,267500
2,54,267500,270000
2,54,475000,477500
2,54,547500,550000
2,54,725000,727500
2,54,727500,730000
2,54,752500,755000
2,54,945000,947500
2,54,1087500,1090000
2,54,1090000,1092500
2,54,1092500,1095000
2,54,1095000,1097500
3,54,0,2500
3,54,10000,12500
3,54,12500,15000
3,54,262500,265000
3,54,472500,475000
3,54,545000,547500
3,54,722500,725000
3,54,725000,727500
3,54,750000,752500
3,54,942500,945000
3,54,992500,995000
3,54,1085000,1087500
3,54,1087500,1090000
3,54,1090000,1092500
3,54,1092500,1095000
4,54,12500,15000
4,54,15000,17500
4,54,132500,135000
4,54,190000,192500
4,54,212500,215000
4,54,295000,297500
4,54,537500,540000
4,54,545000,547500
4,54,582500,585000
4,54,672500,675000
4,54,677500,680000
4,54,725000,727500
4,54,732500,735000
4,54,755000,757500
4,54,762500,765000
4,54,765000,767500
4,54,777500,780000
4,54,782500,785000
4,54,882500,885000
4,54,905000,907500
4,54,985000,987500
4,54,987500,990000
4,54,1007500,1010000
4,54,1077500,1080000
4,54,1087500,1090000
5,54,10000,12500
5,54,12500,15000
5,54,130000,132500
5,54,187500,190000
5,54,207500,210000
5,54,237500,240000
5,54,290000,292500
5,54,292500,295000
5,54,535000,537500
5,54,542500,545000
5,54,580000,582500
5,54,670000,672500
5,54,675000,677500
5,54,722500,725000
5,54,730000,732500
5,54,752500,755000
5,54,760000,762500
5,54,762500,765000
5,54,775000,777500
5,54,780000,782500
5,54,880000,882500
5,54,902500,905000
5,54,977500,980000
5,54,980000,982500
5,54,1005000,1007500
5,54,1075000,1077500
5,54,1085000,1087500
0,55,172500,175000
0,55,175000,177500
0,55,220000,222500
0,55,355000,357500
0,55,440000,442500
0,55,595000,597500
0,55,712500,715000
0,55,777500,780000
0,55,822500,825000
0,55,825000,827500
0,55,907500,910000
0,55,935000,937500
0,55,937500,940000
0,55,940000,942500
0,55,1077500,1080000
0,55,1080000,1082500
0,55,1082500,1085000
1,55,170000,172500
1,55,172500,175000
1,55,217500,220000
1,55,352500,355000
1,55,437500,440000
1,55,592500,595000
1,55,710000,712500
1,55,775000,777500
1,55,820000,822500
1,55,822500,825000
1,55,905000,907500
1,55,932500,935000
1,55,935000,937500
1,55,937500,940000
1,55,1075000,1077500
1,55,1077500,1080000
1,55,1080000,1082500
2,55,0,2500
2,55,2500,5000
2,55,5000,7500
2,55,7500,10000
2,55,10000,12500
2,55,12500,15000
2,55,15000,17500
2,55,17500,20000
2,55,42500,45000
2,55,205000,207500
2,55,240000,242500
2,55,292500,295000
2,55,295000,297500
2,55,475000,477500
2,55,535000,537500
2,55,537500,540000
2,55,545000,547500
2,55,580000,582500
2,55,582500,585000
2,55,672500,675000
2,55,677500,680000
2,55,725000,727500
2,55,752500,755000
2,55,755000,757500
2,55,762500,765000
2,55,765000,767500
2,55,877500,880000
2,55,882500,885000
2,55,907500,910000
2,55,942500,945000
2,55,947500,950000
2,55,980000,982500
2,55,995000,997500
2,55,1002500,1005000
2,55,1005000,1007500
2,55,1007500,1010000
2,55,1010000,1012500
2,55,1012500,1015000
2,55,1015000,1017500
2,55,1017500,1020000
2,55,1020000,1022500
2,55,1072500,1075000
2,55,1075000,1077500
2,55,1095000,1097500
3,55,0,2500
3,55,2500,5000
3,55,5000,7500
3,55,7500,10000
3,55,10000,12500
3,55,12500,15000
3,55,15000,17500
3,55,40000,42500
3,55,187500,190000
3,55,202500,205000
3,55,237500,240000
3,55,290000,292500
3,55,292500,295000
3,55,472500,475000
3,55,532500,535000
3,55,535000,537500
3,55,542500,545000
3,55,577500,580000
3,55,580000,582500
3,55,670000,672500
3,55,675000,677500
3,55,722500,725000
3,55,750000,752500
3,55,752500,755000
3,55,760000,762500
3,55,762500,765000
3,55,875000,877500
3,55,880000,882500
3,55,905000,907500
3,55,940000,942500
3,55,945000,947500
3,55,977500,980000
3,55,990000,992500
3,55,992500,995000
3,55,997500,1000000
3,55,1005000,1007500
3,55,1007500,1010000
3,55,1010000,1012500
3,55,1012500,1015000
3,55,1015000,1017500
3,55,1017500,1020000
3,55,1070000,1072500
3,55,1072500,1075000
3,55,1082500,1085000
3,55,1085000,1087500
4,55,0,2500
4,55,2500,5000
4,55,37500,40000
4,55,40000,42500
4,55,67500,70000
4,55,77500,80000
4,55,397500,400000
4,55,470000,472500
4,55,562500,565000
4,55,617500,620000
4,55,620000,622500
4,55,622500,625000
4,55,635000,637500
4,55,675000,677500
4,55,677500,680000
4,55,720000,722500
4,55,725000,727500
4,55,752500,755000
4,55,755000,757500
4,55,767500,770000
4,55,780000,782500
4,55,802500,805000
4,55,867500,870000
4,55,877500,880000
4,55,882500,885000
4,55,885000,887500
4,55,887500,890000
4,55,935000,937500
4,55,937500,940000
4,55,942500,945000
4,55,945000,947500
4,55,952500,955000
4,55,955000,957500
4,55,957500,960000
4,55,1002500,1005000
4,55,1055000,1057500
4,55,1075000,1077500
4,55,1095000,1097500
4,55,1097500,1100000
5,55,0,2500
5,55,35000,37500
5,55,37500,40000
5,55,65000,67500
5,55,75000,77500
5,55,395000,397500
5,55,467500,470000
5,55,560000,562500
5,55,607500,610000
5,55,615000,617500
5,55,617500,620000
5,55,620000,622500
5,55,632500,635000
5,55,672500,675000
5,55,675000,677500
5,55,715000,717500
5,55,722500,725000
5,55,750000,752500
5,55,752500,755000
5,55,765000,767500
5,55,777500,780000
5,55,800000,802500
5,55,865000,867500
5,55,875000,877500
5,55,877500,880000
5,55,880000,882500
5,55,885000,887500
5,55,932500,935000
5,55,935000,937500
5,55,940000,942500
5,55,942500,945000
5,55,950000,952500
5,55,952500,955000
5,55,955000,957500
5,55,997500,1000000
5,55,1052500,1055000
5,55,1072500,1075000
5,55,1082500,1085000
5,55,1085000,1087500
0,56,222500,225000
0,56,225000,227500
0,56,227500,230000
0,56,280000,282500
0,56,345000,347500
0,56,347500,350000
0,56,350000,352500
0,56,352500,355000
0,56,355000,357500
0,56,365000,367500
0,56,437500,440000
0,56,440000,442500
0,56,445000,447500
0,56,460000,462500
0,56,485000,487500
0,56,487500,490000
0,56,577500,580000
0,56,592500,595000
0,56,600000,602500
0,56,645000,647500
0,56,655000,657500
0,56,712500,715000
0,56,735000,737500
0,56,737500,740000
0,56,740000,742500
0,56,757500,760000
0,56,840000,842500
0,56,857500,860000
0,56,860000,862500
0,56,927500,930000
0,56,930000,932500
0,56,1005000,1007500
0,56,1007500,1010000
0,56,1017500,1020000
0,56,1020000,1022500
0,56,1037500,1040000
0,56,1040000,1042500
0,56,1055000,1057500
0,56,1067500,1070000
0,56,1072500,1075000
0,56,1075000,1077500
0,56,1082500,1085000
1,56,220000,222500
1,56,222500,225000
1,56,225000,227500
1,56,277500,280000
1,56,342500,345000
1,56,345000,347500
1,56,347500,350000
1,56,350000,352500
1,56,352500,355000
1,56,362500,365000
1,56,435000,437500
1,56,437500,440000
1,56,442500,445000
1,56,457500,460000
1,56,475000,477500
1,56,477500,480000
1,56,570000,572500
1,56,582500,585000
1,56,597500,600000
1,56,642500,645000
1,56,652500,655000
1,56,665000,667500
1,56,710000,712500
1,56,732500,735000
1,56,735000,737500
1,56,737500,740000
1,56,755000,757500
1,56,837500,840000
1,56,855000,857500
1,56,857500,860000
1,56,925000,927500
1,56,927500,930000
1,56,1002500,1005000
1,56,1005000,1007500
1,56,1015000,1017500
1,56,1017500,1020000
1,56,1035000,1037500
1,56,1037500,1040000
1,56,1052500,1055000
1,56,1065000,1067500
1,56,1070000,1072500
1,56,1072500,1075000
1,56,1077500,1080000
1,56,1080000,1082500
2,56,0,2500
2,56,2500,5000
2,56,5000,7500
2,56,35000,37500
2,56,135000,137500
2,56,140000,142500
2,56,187500,190000
2,56,190000,192500
2,56,242500,245000
2,56,245000,247500
2,56,312500,315000
2,56,485000,487500
2,56,487500,490000
2,56,515000,517500
2,56,540000,542500
2,56,542500,545000
2,56,545000,547500
2,56,547500,550000
2,56,550000,552500
2,56,560000,562500
2,56,580000,582500
2,56,672500,675000
2,56,692500,695000
2,56,695000,697500
2,56,697500,700000
2,56,705000,707500
2,56,715000,717500
2,56,725000,727500
2,56,752500,755000
2,56,755000,757500
2,56,757500,760000
2,56,762500,765000
2,56,765000,767500
2,56,945000,947500
2,56,947500,950000
2,56,952500,955000
2,56,980000,982500
2,56,992500,995000
2,56,995000,997500
2,56,997500,1000000
2,56,1000000,1002500
2,56,1005000,1007500
2,56,1007500,1010000
2,56,1010000,1012500
2,56,1012500,1015000
2,56,1015000,1017500
2,56,1017500,1020000
2,56,1030000,1032500
2,56,1032500,1035000
2,56,1037500,1040000
2,56,1040000,1042500
2,56,1042500,1045000
2,56,1045000,1047500
2,56,1047500,1050000
2,56,1050000,1052500
2,56,1082500,1085000
2,56,1085000,1087500
2,56,1087500,1090000
2,56,1090000,1092500
2,56,1092500,1095000
2,56,1095000,1097500
3,56,0,2500
3,56,2500,5000
3,56,32500,35000
3,56,132500,135000
3,56,137500,140000
3,56,185000,187500
3,56,187500,190000
3,56,202500,205000
3,56,205000,207500
3,56,310000,312500
3,56,475000,477500
3,56,477500,480000
3,56,487500,490000
3,56,512500,515000
3,56,535000,537500
3,56,542500,545000
3,56,545000,547500
3,56,547500,550000
3,56,550000,552500
3,56,552500,555000
3,56,577500,580000
3,56,580000,582500
3,56,665000,667500
3,56,677500,680000
3,56,680000,682500
3,56,695000,697500
3,56,700000,702500
3,56,712500,715000
3,56,722500,725000
3,56,750000,752500
3,56,752500,755000
3,56,755000,757500
3,56,760000,762500
3,56,762500,765000
3,56,942500,945000
3,56,945000,947500
3,56,950000,952500
3,56,977500,980000
3,56,990000,992500
3,56,992500,995000
3,56,995000,997500
3,56,997500,1000000
3,56,1002500,1005000
3,56,1005000,1007500
3,56,1007500,1010000
3,56,1010000,1012500
3,56,1012500,1015000
3,56,1015000,1017500
3,56,1027500,1030000
3,56,1030000,1032500
3,56,1035000,1037500
3,56,1037500,1040000
3,56,1040000,1042500
3,56,1042500,1045000
3,56,1045000,1047500
3,56,1047500,1050000
3,56,1077500,1080000
3,56,1080000,1082500
3,56,1085000,1087500
3,56,1087500,1090000
3,56,1090000,1092500
3,56,1092500,1095000
4,56,2500,5000
4,56,5000,7500
4,56,7500,10000
4,56,10000,12500
4,56,12500,15000
4,56,15000,17500
4,56,32500,35000
4,56,37500,40000
4,56,40000,42500
4,56,42500,45000
4,56,52500,55000
4,56,57500,60000
4,56,60000,62500
4,56,62500,65000
4,56,65000,67500
4,56,67500,70000
4,56,70000,72500
4,56,80000,82500
4,56,97500,100000
4,56,100000,102500
4,56,112500,115000
4,56,115000,117500
4,56,117500,120000
4,56,132500,135000
4,56,135000,137500
4,56,137500,140000
4,56,150000,152500
4,56,172500,175000
4,56,175000,177500
4,56,187500,190000
4,56,190000,192500
4,56,192500,195000
4,56,195000,197500
4,56,197500,200000
4,56,200000,202500
4,56,217500,220000
4,56,220000,222500
4,56,225000,227500
4,56,242500,245000
4,56,245000,247500
4,56,250000,252500
4,56,252500,255000
4,56,257500,260000
4,56,265000,267500
4,56,267500,270000
4,56,270000,272500
4,56,282500,285000
4,56,285000,287500
4,56,287500,290000
4,56,295000,297500
4,56,322500,325000
4,56,325000,327500
4,56,345000,347500
4,56,347500,350000
4,56,350000,352500
4,56,352500,355000
4,56,357500,360000
4,56,360000,362500
4,56,362500,365000
4,56,365000,367500
4,56,367500,370000
4,56,370000,372500
4,56,372500,375000
4,56,377500,380000
4,56,387500,390000
4,56,400000,402500
4,56,402500,405000
4,56,405000,407500
4,56,407500,410000
4,56,410000,412500
4,56,412500,415000
4,56,415000,417500
4,56,417500,420000
4,56,420000,422500
4,56,422500,425000
4,56,425000,427500
4,56,427500,430000
4,56,430000,432500
4,56,432500,435000
4,56,437500,440000
4,56,455000,457500
4,56,460000,462500
4,56,462500,465000
4,56,465000,467500
4,56,467500,470000
4,56,470000,472500
4,56,475000,477500
4,56,485000,487500
4,56,487500,490000
4,56,510000,512500
4,56,512500,515000
4,56,540000,542500
4,56,542500,545000
4,56,545000,547500
4,56,547500,550000
4,56,550000,552500
4,56,565000,567500
4,56,567500,570000
4,56,575000,577500
4,56,577500,580000
4,56,580000,582500
4,56,592500,595000
4,56,597500,600000
4,56,600000,602500
4,56,602500,605000
4,56,605000,607500
4,56,607500,610000
4,56,610000,612500
4,56,612500,615000
4,56,615000,617500
4,56,617500,620000
4,56,620000,622500
4,56,622500,625000
4,56,630000,632500
4,56,632500,635000
4,56,635000,637500
4,56,642500,645000
4,56,650000,652500
4,56,652500,655000
4,56,655000,657500
4,56,657500,660000
4,56,660000,662500
4,56,662500,665000
4,56,665000,667500
4,56,670000,672500
4,56,672500,675000
4,56,675000,677500
4,56,677500,680000
4,56,692500,695000
4,56,705000,707500
4,56,707500,710000
4,56,715000,717500
4,56,717500,720000
4,56,722500,725000
4,56,725000,727500
4,56,727500,730000
4,56,735000,737500
4,56,737500,740000
4,56,740000,742500
4,56,742500,745000
4,56,745000,747500
4,56,747500,750000
4,56,750000,752500
4,56,752500,755000
4,56,755000,757500
4,56,757500,760000
4,56,765000,767500
4,56,780000,782500
4,56,802500,805000
4,56,810000,812500
4,56,822500,825000
4,56,835000,837500
4,56,837500,840000
4,56,865000,867500
4,56,867500,870000
4,56,870000,872500
4,56,877500,880000
4,56,880000,882500
4,56,882500,885000
4,56,885000,887500
4,56,887500,890000
4,56,900000,902500
4,56,935000,937500
4,56,937500,940000
4,56,940000,942500
5,56,0,2500
5,56,2500,5000
5,56,5000,7500
5,56,7500,10000
5,56,10000,12500
5,56,12500,15000
5,56,35000,37500
5,56,37500,40000
5,56,40000,42500
5,56,50000,52500
5,56,55000,57500
5,56,57500,60000
5,56,60000,62500
5,56,62500,65000
5,56,65000,67500
5,56,67500,70000
5,56,77500,80000
5,56,95000,97500
5,56,97500,100000
5,56,107500,110000
5,56,110000,112500
5,56,115000,117500
5,56,130000,132500
5,56,132500,135000
5,56,135000,137500
5,56,147500,150000
5,56,170000,172500
5,56,172500,175000
5,56,185000,187500
5,56,187500,190000
5,56,190000,192500
5,56,192500,195000
5,56,195000,197500
5,56,197500,200000
5,56,205000,207500
5,56,222500,225000
5,56,227500,230000
5,56,230000,232500
5,56,247500,250000
5,56,250000,252500
5,56,255000,257500
5,56,262500,265000
5,56,265000,267500
5,56,267500,270000
5,56,280000,282500
5,56,282500,285000
5,56,285000,287500
5,56,287500,290000
5,56,290000,292500
5,56,320000,322500
5,56,322500,325000
5,56,342500,345000
5,56,345000,347500
5,56,347500,350000
5,56,350000,352500
5,56,355000,357500
5,56,357500,360000
5,56,360000,362500
5,56,362500,365000
5,56,365000,367500
5,56,367500,370000
5,56,370000,372500
5,56,375000,377500
5,56,385000,387500
5,56,397500,400000
5,56,400000,402500
5,56,402500,405000
5,56,405000,407500
5,56,407500,410000
5,56,410000,412500
5,56,412500,415000
5,56,415000,417500
5,56,417500,420000
5,56,420000,422500
5,56,422500,425000
5,56,425000,427500
5,56,427500,430000
5,56,430000,432500
5,56,435000,437500
5,56,452500,455000
5,56,455000,457500
5,56,457500,460000
5,56,462500,465000
5,56,465000,467500
5,56,467500,470000
5,56,472500,475000
5,56,475000,477500
5,56,477500,480000
5,56,487500,490000
5,56,490000,492500
5,56,535000,537500
5,56,542500,545000
5,56,545000,547500
5,56,547500,550000
5,56,562500,565000
5,56,565000,567500
5,56,567500,570000
5,56,570000,572500
5,56,577500,580000
5,56,580000,582500
5,56,582500,585000
5,56,595000,597500
5,56,597500,600000
5,56,600000,602500
5,56,602500,605000
5,56,605000,607500
5,56,607500,610000
5,56,610000,612500
5,56,612500,615000
5,56,615000,617500
5,56,617500,620000
5,56,620000,622500
5,56,622500,625000
5,56,625000,627500
5,56,632500,635000
5,56,640000,642500
5,56,647500,650000
5,56,650000,652500
5,56,652500,655000
5,56,655000,657500
5,56,657500,660000
5,56,660000,662500
5,56,662500,665000
5,56,665000,667500
5,56,667500,670000
5,56,672500,675000
5,56,675000,677500
5,56,677500,680000
5,56,680000,682500
5,56,697500,700000
5,56,700000,702500
5,56,712500,715000
5,56,715000,717500
5,56,720000,722500
5,56,722500,725000
5,56,725000,727500
5,56,732500,735000
5,56,735000,737500
5,56,737500,740000
5,56,740000,742500
5,56,742500,745000
5,56,745000,747500
5,56,747500,750000
5,56,750000,752500
5,56,752500,755000
5,56,755000,757500
5,56,762500,765000
5,56,777500,780000
5,56,800000,802500
5,56,807500,810000
5,56,820000,822500
5,56,832500,835000
5,56,835000,837500
5,56,862500,865000
5,56,865000,867500
5,56,867500,870000
5,56,875000,877500
5,56,877500,880000
5,56,880000,882500
5,56,882500,885000
5,56,885000,887500
5,56,897500,900000
5,56,932500,935000
5,56,935000,937500
5,56,937500,940000
0,57,680000,682500
0,57,1015000,1017500
1,57,677500,680000
2,57,0,2500
2,57,2500,5000
2,57,5000,7500
2,57,12500,15000
2,57,15000,17500
2,57,537500,540000
2,57,677500,680000
2,57,727500,730000
2,57,730000,732500
2,57,980000,982500
2,57,982500,985000
2,57,995000,997500
2,57,1075000,1077500
3,57,0,2500
3,57,2500,5000
3,57,10000,12500
3,57,12500,15000
3,57,290000,292500
3,57,535000,537500
3,57,577500,580000
3,57,675000,677500
3,57,725000,727500
3,57,727500,730000
3,57,977500,980000
3,57,980000,982500
3,57,990000,992500
3,57,1072500,1075000
4,57,7500,10000
4,57,10000,12500
4,57,132500,135000
4,57,190000,192500
4,57,240000,242500
4,57,295000,297500
4,57,512500,515000
4,57,537500,540000
4,57,545000,547500
4,57,582500,585000
4,57,677500,680000
4,57,725000,727500
4,57,730000,732500
4,57,732500,735000
4,57,752500,755000
4,57,782500,785000
4,57,877500,880000
4,57,880000,882500
4,57,882500,885000
4,57,945000,947500
4,57,980000,982500
4,57,985000,987500
4,57,987500,990000
4,57,995000,997500
4,57,1000000,1002500
4,57,1002500,1005000
4,57,1005000,1007500
4,57,1007500,1010000
4,57,1012500,1015000
4,57,1055000,1057500
4,57,1072500,1075000
4,57,1077500,1080000
4,57,1080000,1082500
4,57,1082500,1085000
5,57,5000,7500
5,57,7500,10000
5,57,130000,132500
5,57,187500,190000
5,57,237500,240000
5,57,290000,292500
5,57,292500,295000
5,57,535000,537500
5,57,542500,545000
5,57,577500,580000
5,57,580000,582500
5,57,675000,677500
5,57,722500,725000
5,57,727500,730000
5,57,730000,732500
5,57,750000,752500
5,57,780000,782500
5,57,790000,792500
5,57,875000,877500
5,57,877500,880000
5,57,880000,882500
5,57,942500,945000
5,57,977500,980000
5,57,982500,985000
5,57,985000,987500
5,57,987500,990000
5,57,990000,992500
5,57,997500,1000000
5,57,1000000,1002500
5,57,1002500,1005000
5,57,1005000,1007500
5,57,1007500,1010000
5,57,1010000,1012500
5,57,1015000,1017500
5,57,1070000,1072500
5,57,1075000,1077500
5,57,1077500,1080000
5,57,1080000,1082500
0,58,172500,175000
0,58,175000,177500
0,58,220000,222500
0,58,222500,225000
0,58,227500,230000
0,58,355000,357500
0,58,545000,547500
0,58,652500,655000
0,58,712500,715000
0,58,732500,735000
0,58,755000,757500
0,58,825000,827500
0,58,907500,910000
0,58,935000,937500
0,58,937500,940000
0,58,940000,942500
0,58,1077500,1080000
1,58,170000,172500
1,58,172500,175000
1,58,217500,220000
1,58,220000,222500
1,58,225000,227500
1,58,352500,355000
1,58,542500,545000
1,58,650000,652500
1,58,710000,712500
1,58,730000,732500
1,58,752500,755000
1,58,822500,825000
1,58,905000,907500
1,58,932500,935000
1,58,935000,937500
1,58,937500,940000
1,58,1075000,1077500
2,58,0,2500
2,58,2500,5000
2,58,5000,7500
2,58,7500,10000
2,58,10000,12500
2,58,12500,15000
2,58,15000,17500
2,58,187500,190000
2,58,205000,207500
2,58,207500,210000
2,58,210000,212500
2,58,212500,215000
2,58,240000,242500
2,58,242500,245000
2,58,295000,297500
2,58,495000,497500
2,58,497500,500000
2,58,500000,502500
2,58,502500,505000
2,58,505000,507500
2,58,507500,510000
2,58,510000,512500
2,58,512500,515000
2,58,535000,537500
2,58,537500,540000
2,58,542500,545000
2,58,545000,547500
2,58,547500,550000
2,58,580000,582500
2,58,582500,585000
2,58,672500,675000
2,58,677500,680000
2,58,715000,717500
2,58,725000,727500
2,58,752500,755000
2,58,755000,757500
2,58,762500,765000
2,58,765000,767500
2,58,877500,880000
2,58,882500,885000
2,58,947500,950000
2,58,980000,982500
2,58,995000,997500
2,58,1002500,1005000
2,58,1005000,1007500
2,58,1007500,1010000
2,58,1010000,1012500
2,58,1012500,1015000
2,58,1015000,1017500
2,58,1020000,1022500
2,58,1075000,1077500
3,58,0,2500
3,58,2500,5000
3,58,5000,7500
3,58,7500,10000
3,58,10000,12500
3,58,12500,15000
3,58,185000,187500
3,58,187500,190000
3,58,202500,205000
3,58,205000,207500
3,58,207500,210000
3,58,210000,212500
3,58,237500,240000
3,58,240000,242500
3,58,290000,292500
3,58,292500,295000
3,58,490000,492500
3,58,492500,495000
3,58,497500,500000
3,58,500000,502500
3,58,502500,505000
3,58,505000,507500
3,58,507500,510000
3,58,510000,512500
3,58,532500,535000
3,58,535000,537500
3,58,540000,542500
3,58,542500,545000
3,58,545000,547500
3,58,577500,580000
3,58,580000,582500
3,58,670000,672500
3,58,675000,677500
3,58,712500,715000
3,58,722500,725000
3,58,750000,752500
3,58,752500,755000
3,58,762500,765000
3,58,875000,877500
3,58,880000,882500
3,58,945000,947500
3,58,977500,980000
3,58,980000,982500
3,58,990000,992500
3,58,992500,995000
3,58,997500,1000000
3,58,1005000,1007500
3,58,1007500,1010000
3,58,1010000,1012500
3,58,1012500,1015000
3,58,1017500,1020000
3,58,1072500,1075000
4,58,40000,42500
4,58,172500,175000
4,58,467500,470000
4,58,470000,472500
4,58,610000,612500
4,58,620000,622500
4,58,622500,625000
4,58,707500,710000
4,58,720000,722500
4,58,722500,725000
4,58,725000,727500
4,58,752500,755000
4,58,755000,757500
4,58,882500,885000
4,58,885000,887500
4,58,945000,947500
4,58,985000,987500
4,58,987500,990000
4,58,1002500,1005000
4,58,1055000,1057500
4,58,1075000,1077500
4,58,1077500,1080000
4,58,1080000,1082500
4,58,1095000,1097500
4,58,1097500,1100000
5,58,37500,40000
5,58,170000,172500
5,58,465000,467500
5,58,467500,470000
5,58,607500,610000
5,58,615000,617500
5,58,705000,707500
5,58,715000,717500
5,58,717500,720000
5,58,722500,725000
5,58,750000,752500
5,58,752500,755000
5,58,877500,880000
5,58,880000,882500
5,58,942500,945000
5,58,980000,982500
5,58,982500,985000
5,58,990000,992500
5,58,1052500,1055000
5,58,1072500,1075000
5,58,1075000,1077500
5,58,1077500,1080000
5,58,1085000,1087500
0,59,230000,232500
0,59,322500,325000
0,59,347500,350000
0,59,587500,590000
0,59,592500,595000
0,59,740000,742500
0,59,742500,745000
0,59,745000,747500
0,59,777500,780000
0,59,975000,977500
0,59,977500,980000
0,59,1007500,1010000
1,59,227500,230000
1,59,320000,322500
1,59,345000,347500
1,59,585000,587500
1,59,590000,592500
1,59,737500,740000
1,59,740000,742500
1,59,742500,745000
1,59,775000,777500
1,59,972500,975000
1,59,975000,977500
1,59,977500,980000
1,59,980000,982500
1,59,1005000,1007500
2,59,0,2500
2,59,2500,5000
2,59,5000,7500
2,59,7500,10000
2,59,15000,17500
2,59,17500,20000
2,59,20000,22500
2,59,22500,25000
2,59,25000,27500
2,59,27500,30000
2,59,30000,32500
2,59,35000,37500
2,59,62500,65000
2,59,65000,67500
2,59,67500,70000
2,59,85000,87500
2,59,112500,115000
2,59,115000,117500
2,59,117500,120000
2,59,132500,135000
2,59,135000,137500
2,59,137500,140000
2,59,140000,142500
2,59,187500,190000
2,59,190000,192500
2,59,205000,207500
2,59,207500,210000
2,59,210000,212500
2,59,240000,242500
2,59,242500,245000
2,59,245000,247500
2,59,265000,267500
2,59,292500,295000
2,59,295000,297500
2,59,297500,300000
2,59,300000,302500
2,59,312500,315000
2,59,397500,400000
2,59,432500,435000
2,59,452500,455000
2,59,475000,477500
2,59,490000,492500
2,59,515000,517500
2,59,517500,520000
2,59,535000,537500
2,59,537500,540000
2,59,540000,542500
2,59,542500,545000
2,59,547500,550000
2,59,550000,552500
2,59,552500,555000
2,59,555000,557500
2,59,557500,560000
2,59,560000,562500
2,59,580000,582500
2,59,582500,585000
2,59,595000,597500
2,59,600000,602500
2,59,622500,625000
2,59,632500,635000
2,59,677500,680000
2,59,680000,682500
2,59,682500,685000
2,59,697500,700000
2,59,702500,705000
2,59,705000,707500
2,59,715000,717500
2,59,725000,727500
2,59,727500,730000
2,59,745000,747500
2,59,752500,755000
2,59,755000,757500
2,59,765000,767500
2,59,805000,807500
2,59,817500,820000
2,59,877500,880000
2,59,887500,890000
2,59,897500,900000
2,59,907500,910000
2,59,912500,915000
2,59,915000,917500
2,59,920000,922500
2,59,945000,947500
2,59,947500,950000
2,59,955000,957500
2,59,992500,995000
2,59,995000,997500
2,59,997500,1000000
2,59,1000000,1002500
2,59,1002500,1005000
2,59,1005000,1007500
2,59,1007500,1010000
2,59,1010000,1012500
2,59,1012500,1015000
2,59,1017500,1020000
2,59,1020000,1022500
2,59,1030000,1032500
2,59,1032500,1035000
2,59,1042500,1045000
2,59,1045000,1047500
2,59,1047500,1050000
2,59,1050000,1052500
2,59,1065000,1067500
2,59,1075000,1077500
2,59,1095000,1097500
2,59,1107500,1110000
2,59,1110000,1112500
3,59,0,2500
3,59,2500,5000
3,59,5000,7500
3,59,7500,10000
3,59,15000,17500
3,59,17500,20000
3,59,20000,22500
3,59,22500,25000
3,59,25000,27500
3,59,27500,30000
3,59,32500,35000
3,59,60000,62500
3,59,62500,65000
3,59,65000,67500
3,59,82500,85000
3,59,110000,112500
3,59,112500,115000
3,59,115000,117500
3,59,130000,132500
3,59,132500,135000
3,59,135000,137500
3,59,137500,140000
3,59,185000,187500
3,59,187500,190000
3,59,202500,205000
3,59,205000,207500
3,59,207500,210000
3,59,237500,240000
3,59,240000,242500
3,59,242500,245000
3,59,262500,265000
3,59,290000,292500
3,59,292500,295000
3,59,295000,297500
3,59,297500,300000
3,59,310000,312500
3,59,395000,397500
3,59,430000,432500
3,59,450000,452500
3,59,472500,475000
3,59,487500,490000
3,59,490000,492500
3,59,512500,515000
3,59,515000,517500
3,59,532500,535000
3,59,535000,537500
3,59,537500,540000
3,59,540000,542500
3,59,545000,547500
3,59,547500,550000
3,59,550000,552500
3,59,552500,555000
3,59,555000,557500
3,59,557500,560000
3,59,577500,580000
3,59,580000,582500
3,59,592500,595000
3,59,597500,600000
3,59,620000,622500
3,59,630000,632500
3,59,675000,677500
3,59,677500,680000
3,59,680000,682500
3,59,695000,697500
3,59,697500,700000
3,59,700000,702500
3,59,712500,715000
3,59,722500,725000
3,59,725000,727500
3,59,742500,745000
3,59,750000,752500
3,59,752500,755000
3,59,762500,765000
3,59,802500,805000
3,59,815000,817500
3,59,875000,877500
3,59,895000,897500
3,59,907500,910000
3,59,910000,912500
3,59,915000,917500
3,59,917500,920000
3,59,942500,945000
3,59,945000,947500
3,59,952500,955000
3,59,977500,980000
3,59,995000,997500
3,59,997500,1000000
3,59,1000000,1002500
3,59,1002500,1005000
3,59,1005000,1007500
3,59,1007500,1010000
3,59,1010000,1012500
3,59,1015000,1017500
3,59,1017500,1020000
3,59,1027500,1030000
3,59,1030000,1032500
3,59,1040000,1042500
3,59,1042500,1045000
3,59,1045000,1047500
3,59,1047500,1050000
3,59,1062500,1065000
3,59,1072500,1075000
3,59,1085000,1087500
3,59,1105000,1107500
3,59,1107500,1110000
3,59,1110000,1112500
4,59,2500,5000
4,59,5000,7500
4,59,7500,10000
4,59,12500,15000
4,59,15000,17500
4,59,17500,20000
4,59,22500,25000
4,59,25000,27500
4,59,27500,30000
4,59,30000,32500
4,59,32500,35000
4,59,35000,37500
4,59,37500,40000
4,59,47500,50000
4,59,50000,52500
4,59,57500,60000
4,59,62500,65000
4,59,65000,67500
4,59,67500,70000
4,59,77500,80000
4,59,80000,82500
4,59,82500,85000
4,59,105000,107500
4,59,115000,117500
4,59,117500,120000
4,59,130000,132500
4,59,132500,135000
4,59,137500,140000
4,59,140000,142500
4,59,142500,145000
4,59,145000,147500
4,59,147500,150000
4,59,150000,152500
4,59,152500,155000
4,59,155000,157500
4,59,157500,160000
4,59,160000,162500
4,59,175000,177500
4,59,190000,192500
4,59,200000,202500
4,59,207500,210000
4,59,210000,212500
4,59,212500,215000
4,59,215000,217500
4,59,217500,220000
4,59,230000,232500
4,59,232500,235000
4,59,235000,237500
4,59,237500,240000
4,59,242500,245000
4,59,245000,247500
4,59,292500,295000
4,59,295000,297500
4,59,322500,325000
4,59,332500,335000
4,59,372500,375000
4,59,400000,402500
4,59,470000,472500
4,59,475000,477500
4,59,497500,500000
4,59,502500,505000
4,59,510000,512500
4,59,512500,515000
4,59,517500,520000
4,59,530000,532500
4,59,540000,542500
4,59,555000,557500
4,59,677500,680000
4,59,682500,685000
4,59,685000,687500
4,59,702500,705000
4,59,705000,707500
4,59,717500,720000
4,59,755000,757500
4,59,810000,812500
4,59,837500,840000
4,59,877500,880000
4,59,885000,887500
4,59,892500,895000
4,59,895000,897500
4,59,897500,900000
4,59,905000,907500
4,59,907500,910000
4,59,912500,915000
4,59,915000,917500
4,59,920000,922500
4,59,925000,927500
4,59,927500,930000
4,59,935000,937500
4,59,940000,942500
4,59,942500,945000
4,59,945000,947500
4,59,947500,950000
4,59,992500,995000
4,59,995000,997500
4,59,997500,1000000
4,59,1012500,1015000
4,59,1015000,1017500
4,59,1027500,1030000
4,59,1055000,1057500
4,59,1062500,1065000
4,59,1067500,1070000
4,59,1070000,1072500
4,59,1080000,1082500
4,59,1095000,1097500
4,59,1102500,1105000
4,59,1105000,1107500
5,59,0,2500
5,59,2500,5000
5,59,5000,7500
5,59,7500,10000
5,59,10000,12500
5,59,15000,17500
5,59,20000,22500
5,59,22500,25000
5,59,25000,27500
5,59,27500,30000
5,59,30000,32500
5,59,32500,35000
5,59,35000,37500
5,59,37500,40000
5,59,40000,42500
5,59,55000,57500
5,59,60000,62500
5,59,62500,65000
5,59,65000,67500
5,59,75000,77500
5,59,77500,80000
5,59,80000,82500
5,59,102500,105000
5,59,112500,115000
5,59,115000,117500
5,59,127500,130000
5,59,130000,132500
5,59,135000,137500
5,59,137500,140000
5,59,140000,142500
5,59,142500,145000
5,59,145000,147500
5,59,147500,150000
5,59,150000,152500
5,59,152500,155000
5,59,155000,157500
5,59,157500,160000
5,59,172500,175000
5,59,187500,190000
5,59,197500,200000
5,59,205000,207500
5,59,207500,210000
5,59,210000,212500
5,59,212500,215000
5,59,215000,217500
5,59,227500,230000
5,59,230000,232500
5,59,232500,235000
5,59,235000,237500
5,59,240000,242500
5,59,242500,245000
5,59,290000,292500
5,59,292500,295000
5,59,320000,322500
5,59,330000,332500
5,59,370000,372500
5,59,397500,400000
5,59,467500,470000
5,59,472500,475000
5,59,490000,492500
5,59,492500,495000
5,59,500000,502500
5,59,505000,507500
5,59,515000,517500
5,59,527500,530000
5,59,537500,540000
5,59,552500,555000
5,59,675000,677500
5,59,680000,682500
5,59,682500,685000
5,59,697500,700000
5,59,700000,702500
5,59,715000,717500
5,59,752500,755000
5,59,807500,810000
5,59,835000,837500
5,59,875000,877500
5,59,877500,880000
5,59,880000,882500
5,59,890000,892500
5,59,892500,895000
5,59,895000,897500
5,59,900000,902500
5,59,907500,910000
5,59,910000,912500
5,59,915000,917500
5,59,917500,920000
5,59,922500,925000
5,59,932500,935000
5,59,937500,940000
5,59,942500,945000
5,59,945000,947500
5,59,995000,997500
5,59,1010000,1012500
5,59,1012500,1015000
5,59,1025000,1027500
5,59,1052500,1055000
5,59,1060000,1062500
5,59,1065000,1067500
5,59,1067500,1070000
5,59,1077500,1080000
5,59,1085000,1087500
5,59,1097500,1100000
5,59,1100000,1102500
5,59,1110000,1112500
0,60,2500,5000
0,60,5000,7500
0,60,27500,30000
0,60,30000,32500
0,60,35000,37500
0,60,37500,40000
0,60,40000,42500
0,60,42500,45000
0,60,45000,47500
0,60,47500,50000
0,60,52500,55000
0,60,55000,57500
0,60,57500,60000
0,60,60000,62500
0,60,62500,65000
0,60,65000,67500
0,60,67500,70000
0,60,70000,72500
0,60,72500,75000
0,60,80000,82500
0,60,87500,90000
0,60,90000,92500
0,60,92500,95000
0,60,95000,97500
0,60,100000,102500
0,60,102500,105000
0,60,105000,107500
0,60,107500,110000
0,60,110000,112500
0,60,117500,120000
0,60,122500,125000
0,60,127500,130000
0,60,130000,132500
0,60,132500,135000
0,60,137500,140000
0,60,147500,150000
0,60,150000,152500
0,60,152500,155000
0,60,155000,157500
0,60,157500,160000
0,60,160000,162500
0,60,167500,170000
0,60,190000,192500
0,60,192500,195000
0,60,202500,205000
0,60,205000,207500
0,60,217500,220000
0,60,220000,222500
0,60,230000,232500
0,60,232500,235000
0,60,247500,250000
0,60,250000,252500
0,60,255000,257500
0,60,257500,260000
0,60,260000,262500
0,60,262500,265000
0,60,265000,267500
0,60,267500,270000
0,60,280000,282500
0,60,282500,285000
0,60,285000,287500
0,60,287500,290000
0,60,290000,292500
0,60,292500,295000
0,60,295000,297500
0,60,297500,300000
0,60,300000,302500
0,60,305000,307500
0,60,315000,317500
0,60,317500,320000
0,60,320000,322500
0,60,325000,327500
0,60,332500,335000
0,60,337500,340000
0,60,340000,342500
0,60,342500,345000
0,60,345000,347500
0,60,347500,350000
0,60,350000,352500
0,60,352500,355000
0,60,355000,357500
0,60,372500,375000
0,60,375000,377500
0,60,377500,380000
0,60,382500,385000
0,60,385000,387500
0,60,387500,390000
0,60,397500,400000
0,60,400000,402500
0,60,402500,405000
0,60,405000,407500
0,60,407500,410000
0,60,412500,415000
0,60,417500,420000
0,60,427500,430000
0,60,430000,432500
0,60,432500,435000
0,60,435000,437500
0,60,447500,450000
0,60,455000,457500
0,60,470000,472500
0,60,472500,475000
0,60,477500,480000
0,60,480000,482500
0,60,482500,485000
0,60,512500,515000
0,60,515000,517500
0,60,520000,522500
0,60,540000,542500
0,60,542500,545000
0,60,550000,552500
0,60,552500,555000
0,60,562500,565000
0,60,567500,570000
0,60,570000,572500
0,60,572500,575000
0,60,575000,577500
0,60,577500,580000
0,60,587500,590000
0,60,590000,592500
0,60,592500,595000
0,60,595000,597500
0,60,597500,600000
0,60,610000,612500
0,60,617500,620000
0,60,635000,637500
0,60,637500,640000
0,60,640000,642500
0,60,650000,652500
0,60,652500,655000
0,60,660000,662500
0,60,665000,667500
0,60,670000,672500
0,60,672500,675000
0,60,675000,677500
0,60,677500,680000
0,60,680000,682500
0,60,687500,690000
0,60,690000,692500
0,60,692500,695000
0,60,695000,697500
0,60,697500,700000
0,60,702500,705000
0,60,707500,710000
0,60,712500,715000
0,60,715000,717500
0,60,722500,725000
0,60,725000,727500
0,60,742500,745000
0,60,1000000,1002500
0,60,1002500,1005000
0,60,1007500,1010000
0,60,1010000,1012500
0,60,1012500,1015000
0,60,1015000,1017500
1,60,0,2500
1,60,25000,27500
1,60,27500,30000
1,60,32500,35000
1,60,35000,37500
1,60,37500,40000
1,60,40000,42500
1,60,42500,45000
1,60,45000,47500
1,60,50000,52500
1,60,52500,55000
1,60,55000,57500
1,60,57500,60000
1,60,60000,62500
1,60,62500,65000
1,60,65000,67500
1,60,67500,70000
1,60,70000,72500
1,60,77500,80000
1,60,85000,87500
1,60,87500,90000
1,60,90000,92500
1,60,92500,95000
1,60,97500,100000
1,60,100000,102500
1,60,102500,105000
1,60,105000,107500
1,60,107500,110000
1,60,120000,122500
1,60,125000,127500
1,60,127500,130000
1,60,130000,132500
1,60,135000,137500
1,60,145000,147500
1,60,147500,150000
1,60,150000,152500
1,60,152500,155000
1,60,155000,157500
1,60,157500,160000
1,60,165000,167500
1,60,187500,190000
1,60,190000,192500
1,60,200000,202500
1,60,202500,205000
1,60,215000,217500
1,60,217500,220000
1,60,225000,227500
1,60,245000,247500
1,60,247500,250000
1,60,252500,255000
1,60,255000,257500
1,60,257500,260000
1,60,260000,262500
1,60,262500,265000
1,60,265000,267500
1,60,272500,275000
1,60,275000,277500
1,60,282500,285000
1,60,285000,287500
1,60,287500,290000
1,60,290000,292500
1,60,292500,295000
1,60,295000,297500
1,60,297500,300000
1,60,300000,302500
1,60,302500,305000
1,60,307500,310000
1,60,317500,320000
1,60,322500,325000
1,60,327500,330000
1,60,330000,332500
1,60,335000,337500
1,60,337500,340000
1,60,340000,342500
1,60,342500,345000
1,60,345000,347500
1,60,347500,350000
1,60,350000,352500
1,60,352500,355000
1,60,372500,375000
1,60,375000,377500
1,60,380000,382500
1,60,382500,385000
1,60,385000,387500
1,60,395000,397500
1,60,397500,400000
1,60,400000,402500
1,60,402500,405000
1,60,405000,407500
1,60,407500,410000
1,60,410000,412500
1,60,415000,417500
1,60,420000,422500
1,60,422500,425000
1,60,430000,432500
1,60,432500,435000
1,60,435000,437500
1,60,437500,440000
1,60,450000,452500
1,60,467500,470000
1,60,470000,472500
1,60,472500,475000
1,60,475000,477500
1,60,480000,482500
1,60,517500,520000
1,60,520000,522500
1,60,522500,525000
1,60,542500,545000
1,60,545000,547500
1,60,560000,562500
1,60,565000,567500
1,60,567500,570000
1,60,570000,572500
1,60,572500,575000
1,60,575000,577500
1,60,582500,585000
1,60,590000,592500
1,60,592500,595000
1,60,595000,597500
1,60,607500,610000
1,60,610000,612500
1,60,612500,615000
1,60,632500,635000
1,60,635000,637500
1,60,637500,640000
1,60,645000,647500
1,60,647500,650000
1,60,652500,655000
1,60,655000,657500
1,60,662500,665000
1,60,667500,670000
1,60,672500,675000
1,60,675000,677500
1,60,677500,680000
1,60,680000,682500
1,60,682500,685000
1,60,690000,692500
1,60,692500,695000
1,60,695000,697500
1,60,700000,702500
1,60,702500,705000
1,60,705000,707500
1,60,710000,712500
1,60,712500,715000
1,60,720000,722500
1,60,722500,725000
1,60,740000,742500
1,60,1005000,1007500
1,60,1007500,1010000
1,60,1010000,1012500
1,60,1012500,1015000
2,60,95000,97500
2,60,117500,120000
2,60,217500,220000
2,60,220000,222500
2,60,242500,245000
2,60,245000,247500
2,60,255000,257500
2,60,257500,260000
2,60,332500,335000
2,60,335000,337500
2,60,390000,392500
2,60,472500,475000
2,60,517500,520000
2,60,542500,545000
2,60,552500,555000
2,60,562500,565000
2,60,565000,567500
2,60,567500,570000
2,60,575000,577500
2,60,577500,580000
2,60,597500,600000
2,60,695000,697500
2,60,737500,740000
2,60,740000,742500
2,60,742500,745000
3,60,92500,95000
3,60,215000,217500
3,60,217500,220000
3,60,240000,242500
3,60,242500,245000
3,60,252500,255000
3,60,255000,257500
3,60,327500,330000
3,60,330000,332500
3,60,387500,390000
3,60,470000,472500
3,60,482500,485000
3,60,485000,487500
3,60,515000,517500
3,60,542500,545000
3,60,560000,562500
3,60,562500,565000
3,60,565000,567500
3,60,572500,575000
3,60,575000,577500
3,60,595000,597500
3,60,692500,695000
3,60,735000,737500
3,60,737500,740000
3,60,740000,742500
3,60,1057500,1060000
4,60,167500,170000
4,60,197500,200000
4,60,242500,245000
4,60,335000,337500
4,60,362500,365000
4,60,365000,367500
4,60,370000,372500
4,60,372500,375000
4,60,420000,422500
4,60,517500,520000
4,60,560000,562500
4,60,577500,580000
4,60,580000,582500
4,60,670000,672500
4,60,760000,762500
4,60,762500,765000
4,60,765000,767500
4,60,767500,770000
4,60,770000,772500
4,60,772500,775000
4,60,775000,777500
4,60,777500,780000
4,60,780000,782500
4,60,782500,785000
4,60,785000,787500
4,60,787500,790000
4,60,790000,792500
4,60,792500,795000
4,60,795000,797500
4,60,797500,800000
4,60,800000,802500
4,60,802500,805000
4,60,805000,807500
4,60,807500,810000
4,60,810000,812500
4,60,812500,815000
4,60,815000,817500
4,60,817500,820000
4,60,820000,822500
4,60,822500,825000
4,60,825000,827500
4,60,827500,830000
4,60,830000,832500
4,60,832500,835000
4,60,835000,837500
4,60,837500,840000
5,60,165000,167500
5,60,195000,197500
5,60,240000,242500
5,60,272500,275000
5,60,360000,362500
5,60,362500,365000
5,60,365000,367500
5,60,367500,370000
5,60,515000,517500
5,60,545000,547500
5,60,557500,560000
5,60,575000,577500
5,60,577500,580000
5,60,667500,670000
5,60,757500,760000
5,60,760000,762500
5,60,762500,765000
5,60,765000,767500
5,60,767500,770000
5,60,770000,772500
5,60,772500,775000
5,60,775000,777500
5,60,777500,780000
5,60,780000,782500
5,60,782500,785000
5,60,785000,787500
5,60,787500,790000
5,60,790000,792500
5,60,792500,795000
5,60,795000,797500
5,60,797500,800000
5,60,800000,802500
5,60,802500,805000
5,60,805000,807500
5,60,807500,810000
5,60,810000,812500
5,60,812500,815000
5,60,815000,817500
5,60,817500,820000
5,60,820000,822500
5,60,822500,825000
5,60,825000,827500
5,60,827500,830000
5,60,830000,832500
5,60,832500,835000
5,60,835000,837500
5,60,837500,840000
5,60,840000,842500
0,61,355000,357500
0,61,357500,360000
0,61,360000,362500
0,61,362500,365000
0,61,365000,367500
0,61,407500,410000
0,61,447500,450000
0,61,450000,452500
0,61,575000,577500
0,61,612500,615000
0,61,630000,632500
0,61,685000,687500
0,61,687500,690000
0,61,690000,692500
0,61,692500,695000
0,61,695000,697500
0,61,727500,730000
0,61,730000,732500
0,61,732500,735000
1,61,352500,355000
1,61,355000,357500
1,61,357500,360000
1,61,360000,362500
1,61,362500,365000
1,61,402500,405000
1,61,440000,442500
1,61,442500,445000
1,61,572500,575000
1,61,627500,630000
1,61,682500,685000
1,61,685000,687500
1,61,687500,690000
1,61,690000,692500
1,61,692500,695000
1,61,725000,727500
1,61,727500,730000
1,61,730000,732500
2,61,55000,57500
2,61,72500,75000
2,61,80000,82500
2,61,87500,90000
2,61,237500,240000
2,61,247500,250000
2,61,252500,255000
2,61,265000,267500
2,61,267500,270000
2,61,270000,272500
2,61,272500,275000
2,61,275000,277500
2,61,277500,280000
2,61,280000,282500
2,61,297500,300000
2,61,300000,302500
2,61,302500,305000
2,61,305000,307500
2,61,307500,310000
2,61,310000,312500
2,61,312500,315000
2,61,315000,317500
2,61,317500,320000
2,61,320000,322500
2,61,322500,325000
2,61,325000,327500
2,61,417500,420000
2,61,420000,422500
2,61,610000,612500
2,61,705000,707500
2,61,720000,722500
3,61,52500,55000
3,61,70000,72500
3,61,77500,80000
3,61,82500,85000
3,61,85000,87500
3,61,225000,227500
3,61,240000,242500
3,61,250000,252500
3,61,252500,255000
3,61,255000,257500
3,61,267500,270000
3,61,270000,272500
3,61,272500,275000
3,61,275000,277500
3,61,277500,280000
3,61,295000,297500
3,61,300000,302500
3,61,302500,305000
3,61,305000,307500
3,61,307500,310000
3,61,310000,312500
3,61,312500,315000
3,61,315000,317500
3,61,317500,320000
3,61,320000,322500
3,61,322500,325000
3,61,417500,420000
3,61,602500,605000
3,61,702500,705000
3,61,717500,720000
4,61,0,2500
4,61,5000,7500
4,61,7500,10000
4,61,12500,15000
4,61,55000,57500
4,61,87500,90000
4,61,95000,97500
4,61,107500,110000
4,61,110000,112500
4,61,112500,115000
4,61,115000,117500
4,61,127500,130000
4,61,132500,135000
4,61,135000,137500
4,61,175000,177500
4,61,177500,180000
4,61,187500,190000
4,61,197500,200000
4,61,202500,205000
4,61,215000,217500
4,61,222500,225000
4,61,247500,250000
4,61,302500,305000
4,61,307500,310000
4,61,382500,385000
4,61,407500,410000
4,61,410000,412500
4,61,450000,452500
4,61,472500,475000
4,61,475000,477500
4,61,522500,525000
4,61,525000,527500
4,61,527500,530000
4,61,555000,557500
4,61,560000,562500
4,61,562500,565000
4,61,572500,575000
4,61,585000,587500
4,61,612500,615000
4,61,615000,617500
4,61,675000,677500
4,61,687500,690000
4,61,705000,707500
4,61,707500,710000
4,61,720000,722500
4,61,722500,725000
4,61,725000,727500
4,61,740000,742500
4,61,742500,745000
4,61,1047500,1050000
5,61,2500,5000
5,61,5000,7500
5,61,10000,12500
5,61,52500,55000
5,61,82500,85000
5,61,85000,87500
5,61,92500,95000
5,61,105000,107500
5,61,107500,110000
5,61,110000,112500
5,61,112500,115000
5,61,125000,127500
5,61,127500,130000
5,61,130000,132500
5,61,172500,175000
5,61,185000,187500
5,61,195000,197500
5,61,200000,202500
5,61,207500,210000
5,61,210000,212500
5,61,300000,302500
5,61,305000,307500
5,61,470000,472500
5,61,472500,475000
5,61,520000,522500
5,61,522500,525000
5,61,525000,527500
5,61,550000,552500
5,61,552500,555000
5,61,557500,560000
5,61,560000,562500
5,61,570000,572500
5,61,582500,585000
5,61,612500,615000
5,61,672500,675000
5,61,685000,687500
5,61,702500,705000
5,61,717500,720000
5,61,720000,722500
5,61,722500,725000
5,61,737500,740000
5,61,740000,742500
5,61,1045000,1047500
5,61,1057500,1060000
0,62,10000,12500
0,62,12500,15000
0,62,15000,17500
0,62,25000,27500
0,62,27500,30000
0,62,30000,32500
0,62,32500,35000
0,62,37500,40000
0,62,55000,57500
0,62,57500,60000
0,62,60000,62500
0,62,80000,82500
0,62,97500,100000
0,62,100000,102500
0,62,102500,105000
0,62,112500,115000
0,62,115000,117500
0,62,122500,125000
0,62,125000,127500
0,62,127500,130000
0,62,130000,132500
0,62,132500,135000
0,62,155000,157500
0,62,160000,162500
0,62,165000,167500
0,62,192500,195000
0,62,195000,197500
0,62,202500,205000
0,62,205000,207500
0,62,207500,210000
0,62,217500,220000
0,62,220000,222500
0,62,225000,227500
0,62,250000,252500
0,62,252500,255000
0,62,267500,270000
0,62,277500,280000
0,62,280000,282500
0,62,290000,292500
0,62,292500,295000
0,62,295000,297500
0,62,312500,315000
0,62,385000,387500
0,62,392500,395000
0,62,397500,400000
0,62,407500,410000
0,62,415000,417500
0,62,417500,420000
0,62,432500,435000
0,62,435000,437500
0,62,437500,440000
0,62,440000,442500
0,62,442500,445000
0,62,445000,447500
0,62,447500,450000
0,62,450000,452500
0,62,452500,455000
0,62,455000,457500
0,62,457500,460000
0,62,460000,462500
0,62,462500,465000
0,62,465000,467500
0,62,467500,470000
0,62,470000,472500
0,62,472500,475000
0,62,475000,477500
0,62,477500,480000
0,62,480000,482500
0,62,482500,485000
0,62,485000,487500
0,62,500000,502500
0,62,502500,505000
0,62,505000,507500
0,62,507500,510000
0,62,515000,517500
0,62,530000,532500
0,62,632500,635000
0,62,635000,637500
0,62,637500,640000
0,62,640000,642500
0,62,642500,645000
0,62,645000,647500
0,62,662500,665000
0,62,665000,667500
0,62,682500,685000
0,62,692500,695000
0,62,695000,697500
0,62,702500,705000
0,62,707500,710000
0,62,710000,712500
0,62,712500,715000
0,62,715000,717500
0,62,717500,720000
0,62,720000,722500
0,62,725000,727500
0,62,727500,730000
0,62,747500,750000
0,62,805000,807500
0,62,817500,820000
0,62,820000,822500
0,62,822500,825000
0,62,830000,832500
0,62,832500,835000
0,62,840000,842500
0,62,842500,845000
0,62,870000,872500
0,62,1007500,1010000
0,62,1047500,1050000
1,62,7500,10000
1,62,10000,12500
1,62,12500,15000
1,62,22500,25000
1,62,25000,27500
1,62,27500,30000
1,62,30000,32500
1,62,35000,37500
1,62,52500,55000
1,62,55000,57500
1,62,57500,60000
1,62,77500,80000
1,62,95000,97500
1,62,97500,100000
1,62,100000,102500
1,62,110000,112500
1,62,112500,115000
1,62,120000,122500
1,62,122500,125000
1,62,125000,127500
1,62,127500,130000
1,62,130000,132500
1,62,152500,155000
1,62,157500,160000
1,62,162500,165000
1,62,190000,192500
1,62,192500,195000
1,62,200000,202500
1,62,202500,205000
1,62,205000,207500
1,62,215000,217500
1,62,217500,220000
1,62,222500,225000
1,62,247500,250000
1,62,250000,252500
1,62,265000,267500
1,62,275000,277500
1,62,277500,280000
1,62,282500,285000
1,62,285000,287500
1,62,292500,295000
1,62,310000,312500
1,62,382500,385000
1,62,390000,392500
1,62,395000,397500
1,62,405000,407500
1,62,412500,415000
1,62,415000,417500
1,62,430000,432500
1,62,432500,435000
1,62,435000,437500
1,62,437500,440000
1,62,440000,442500
1,62,442500,445000
1,62,445000,447500
1,62,447500,450000
1,62,450000,452500
1,62,452500,455000
1,62,455000,457500
1,62,457500,460000
1,62,460000,462500
1,62,462500,465000
1,62,465000,467500
1,62,467500,470000
1,62,470000,472500
1,62,472500,475000
1,62,475000,477500
1,62,477500,480000
1,62,480000,482500
1,62,482500,485000
1,62,497500,500000
1,62,500000,502500
1,62,502500,505000
1,62,505000,507500
1,62,512500,515000
1,62,632500,635000
1,62,635000,637500
1,62,637500,640000
1,62,640000,642500
1,62,642500,645000
1,62,645000,647500
1,62,647500,650000
1,62,680000,682500
1,62,690000,692500
1,62,692500,695000
1,62,700000,702500
1,62,705000,707500
1,62,707500,710000
1,62,710000,712500
1,62,712500,715000
1,62,715000,717500
1,62,717500,720000
1,62,722500,725000
1,62,725000,727500
1,62,745000,747500
1,62,747500,750000
1,62,802500,805000
1,62,815000,817500
1,62,817500,820000
1,62,820000,822500
1,62,827500,830000
1,62,830000,832500
1,62,837500,840000
1,62,840000,842500
1,62,867500,870000
1,62,1005000,1007500
1,62,1045000,1047500
2,62,95000,97500
2,62,167500,170000
2,62,170000,172500
2,62,187500,190000
2,62,190000,192500
2,62,192500,195000
2,62,225000,227500
2,62,242500,245000
2,62,252500,255000
2,62,297500,300000
2,62,300000,302500
2,62,302500,305000
2,62,305000,307500
2,62,307500,310000
2,62,320000,322500
2,62,322500,325000
2,62,370000,372500
2,62,420000,422500
2,62,422500,425000
2,62,425000,427500
2,62,427500,430000
2,62,430000,432500
2,62,432500,435000
2,62,517500,520000
2,62,520000,522500
2,62,527500,530000
2,62,530000,532500
2,62,532500,535000
2,62,535000,537500
2,62,537500,540000
2,62,540000,542500
2,62,542500,545000
2,62,545000,547500
2,62,547500,550000
2,62,550000,552500
2,62,630000,632500
2,62,632500,635000
2,62,670000,672500
2,62,762500,765000
2,62,765000,767500
2,62,780000,782500
2,62,785000,787500
2,62,787500,790000
2,62,790000,792500
2,62,792500,795000
2,62,795000,797500
2,62,797500,800000
2,62,800000,802500
2,62,802500,805000
2,62,805000,807500
2,62,807500,810000
2,62,810000,812500
2,62,812500,815000
2,62,815000,817500
2,62,817500,820000
2,62,820000,822500
2,62,822500,825000
2,62,825000,827500
2,62,827500,830000
2,62,830000,832500
2,62,835000,837500
2,62,850000,852500
2,62,852500,855000
2,62,860000,862500
2,62,865000,867500
2,62,867500,870000
2,62,870000,872500
2,62,872500,875000
2,62,877500,880000
2,62,880000,882500
2,62,882500,885000
2,62,885000,887500
2,62,887500,890000
2,62,890000,892500
3,62,92500,95000
3,62,165000,167500
3,62,167500,170000
3,62,185000,187500
3,62,187500,190000
3,62,190000,192500
3,62,222500,225000
3,62,240000,242500
3,62,250000,252500
3,62,295000,297500
3,62,297500,300000
3,62,300000,302500
3,62,302500,305000
3,62,305000,307500
3,62,317500,320000
3,62,320000,322500
3,62,367500,370000
3,62,417500,420000
3,62,420000,422500
3,62,422500,425000
3,62,425000,427500
3,62,427500,430000
3,62,430000,432500
3,62,515000,517500
3,62,517500,520000
3,62,520000,522500
3,62,522500,525000
3,62,530000,532500
3,62,532500,535000
3,62,535000,537500
3,62,537500,540000
3,62,540000,542500
3,62,542500,545000
3,62,545000,547500
3,62,547500,550000
3,62,550000,552500
3,62,552500,555000
3,62,667500,670000
3,62,777500,780000
3,62,782500,785000
3,62,787500,790000
3,62,790000,792500
3,62,792500,795000
3,62,795000,797500
3,62,797500,800000
3,62,800000,802500
3,62,802500,805000
3,62,805000,807500
3,62,807500,810000
3,62,810000,812500
3,62,812500,815000
3,62,815000,817500
3,62,817500,820000
3,62,820000,822500
3,62,822500,825000
3,62,825000,827500
3,62,827500,830000
3,62,832500,835000
3,62,842500,845000
3,62,845000,847500
3,62,855000,857500
3,62,862500,865000
3,62,867500,870000
3,62,870000,872500
3,62,875000,877500
3,62,877500,880000
3,62,880000,882500
3,62,882500,885000
3,62,885000,887500
3,62,887500,890000
3,62,890000,892500
3,62,892500,895000
3,62,1057500,1060000
4,62,167500,170000
4,62,170000,172500
4,62,187500,190000
4,62,190000,192500
4,62,192500,195000
4,62,242500,245000
4,62,295000,297500
4,62,307500,310000
4,62,310000,312500
4,62,337500,340000
4,62,340000,342500
4,62,342500,345000
4,62,345000,347500
4,62,520000,522500
4,62,527500,530000
4,62,530000,532500
4,62,537500,540000
4,62,540000,542500
4,62,542500,545000
4,62,545000,547500
4,62,547500,550000
4,62,550000,552500
4,62,630000,632500
4,62,632500,635000
4,62,670000,672500
4,62,737500,740000
4,62,740000,742500
4,62,742500,745000
4,62,762500,765000
4,62,765000,767500
4,62,775000,777500
4,62,780000,782500
4,62,790000,792500
4,62,792500,795000
4,62,812500,815000
4,62,817500,820000
4,62,820000,822500
4,62,822500,825000
4,62,825000,827500
4,62,827500,830000
4,62,832500,835000
4,62,835000,837500
4,62,837500,840000
4,62,840000,842500
4,62,842500,845000
4,62,850000,852500
4,62,852500,855000
4,62,860000,862500
4,62,865000,867500
4,62,867500,870000
4,62,872500,875000
4,62,875000,877500
4,62,877500,880000
4,62,880000,882500
5,62,165000,167500
5,62,167500,170000
5,62,185000,187500
5,62,187500,190000
5,62,190000,192500
5,62,240000,242500
5,62,292500,295000
5,62,305000,307500
5,62,307500,310000
5,62,335000,337500
5,62,337500,340000
5,62,340000,342500
5,62,342500,345000
5,62,517500,520000
5,62,520000,522500
5,62,522500,525000
5,62,535000,537500
5,62,537500,540000
5,62,540000,542500
5,62,542500,545000
5,62,545000,547500
5,62,547500,550000
5,62,550000,552500
5,62,552500,555000
5,62,667500,670000
5,62,735000,737500
5,62,737500,740000
5,62,740000,742500
5,62,767500,770000
5,62,770000,772500
5,62,777500,780000
5,62,787500,790000
5,62,790000,792500
5,62,810000,812500
5,62,815000,817500
5,62,817500,820000
5,62,820000,822500
5,62,822500,825000
5,62,825000,827500
5,62,830000,832500
5,62,832500,835000
5,62,835000,837500
5,62,837500,840000
5,62,840000,842500
5,62,842500,845000
5,62,845000,847500
5,62,855000,857500
5,62,862500,865000
5,62,870000,872500
5,62,872500,875000
5,62,875000,877500
5,62,877500,880000
0,63,0,2500
0,63,5000,7500
0,63,7500,10000
0,63,10000,12500
0,63,12500,15000
0,63,15000,17500
0,63,20000,22500
0,63,25000,27500
0,63,27500,30000
0,63,30000,32500
0,63,32500,35000
0,63,35000,37500
0,63,45000,47500
0,63,47500,50000
0,63,50000,52500
0,63,52500,55000
0,63,62500,65000
0,63,65000,67500
0,63,67500,70000
0,63,70000,72500
0,63,72500,75000
0,63,75000,77500
0,63,77500,80000
0,63,82500,85000
0,63,85000,87500
0,63,87500,90000
0,63,90000,92500
0,63,92500,95000
0,63,95000,97500
0,63,97500,100000
0,63,100000,102500
0,63,102500,105000
0,63,105000,107500
0,63,107500,110000
0,63,110000,112500
0,63,112500,115000
0,63,117500,120000
0,63,122500,125000
0,63,125000,127500
0,63,127500,130000
0,63,130000,132500
0,63,132500,135000
0,63,137500,140000
0,63,142500,145000
0,63,145000,147500
0,63,150000,152500
0,63,155000,157500
0,63,157500,160000
0,63,160000,162500
0,63,162500,165000
0,63,165000,167500
0,63,167500,170000
0,63,175000,177500
0,63,182500,185000
0,63,185000,187500
0,63,195000,197500
0,63,202500,205000
0,63,205000,207500
0,63,207500,210000
0,63,210000,212500
0,63,212500,215000
0,63,215000,217500
0,63,217500,220000
0,63,220000,222500
0,63,222500,225000
0,63,225000,227500
0,63,227500,230000
0,63,230000,232500
0,63,232500,235000
0,63,250000,252500
0,63,252500,255000
0,63,255000,257500
0,63,257500,260000
0,63,265000,267500
0,63,295000,297500
0,63,305000,307500
0,63,307500,310000
0,63,312500,315000
0,63,315000,317500
0,63,320000,322500
0,63,325000,327500
0,63,327500,330000
0,63,330000,332500
0,63,337500,340000
0,63,340000,342500
0,63,342500,345000
0,63,345000,347500
0,63,347500,350000
0,63,350000,352500
0,63,352500,355000
0,63,355000,357500
0,63,375000,377500
0,63,377500,380000
0,63,380000,382500
0,63,387500,390000
0,63,390000,392500
0,63,392500,395000
0,63,395000,397500
0,63,402500,405000
0,63,407500,410000
0,63,410000,412500
0,63,412500,415000
0,63,415000,417500
0,63,417500,420000
0,63,422500,425000
0,63,425000,427500
0,63,427500,430000
0,63,430000,432500
0,63,432500,435000
0,63,435000,437500
0,63,437500,440000
0,63,455000,457500
0,63,467500,470000
0,63,470000,472500
0,63,475000,477500
0,63,480000,482500
0,63,482500,485000
0,63,495000,497500
0,63,512500,515000
0,63,515000,517500
0,63,520000,522500
0,63,522500,525000
0,63,525000,527500
0,63,542500,545000
0,63,545000,547500
0,63,555000,557500
0,63,562500,565000
0,63,567500,570000
0,63,570000,572500
0,63,575000,577500
0,63,577500,580000
0,63,580000,582500
0,63,582500,585000
0,63,585000,587500
0,63,595000,597500
0,63,597500,600000
0,63,605000,607500
0,63,607500,610000
0,63,610000,612500
0,63,612500,615000
0,63,615000,617500
0,63,617500,620000
0,63,627500,630000
0,63,635000,637500
0,63,637500,640000
0,63,640000,642500
0,63,645000,647500
0,63,655000,657500
0,63,657500,660000
0,63,660000,662500
0,63,662500,665000
0,63,665000,667500
0,63,672500,675000
0,63,677500,680000
0,63,680000,682500
0,63,682500,685000
0,63,685000,687500
0,63,690000,692500
0,63,692500,695000
0,63,695000,697500
0,63,697500,700000
0,63,700000,702500
0,63,702500,705000
0,63,705000,707500
0,63,707500,710000
0,63,710000,712500
0,63,712500,715000
0,63,715000,717500
0,63,717500,720000
0,63,720000,722500
0,63,722500,725000
0,63,732500,735000
0,63,735000,737500
0,63,737500,740000
0,63,740000,742500
0,63,742500,745000
0,63,745000,747500
0,63,747500,750000
0,63,750000,752500
0,63,762500,765000
0,63,765000,767500
0,63,875000,877500
0,63,877500,880000
0,63,880000,882500
0,63,887500,890000
0,63,890000,892500
0,63,900000,902500
0,63,902500,905000
0,63,950000,952500
0,63,952500,955000
0,63,955000,957500
0,63,960000,962500
0,63,962500,965000
0,63,980000,982500
0,63,982500,985000
0,63,985000,987500
0,63,990000,992500
0,63,992500,995000
0,63,1000000,1002500
0,63,1002500,1005000
0,63,1005000,1007500
0,63,1010000,1012500
0,63,1012500,1015000
0,63,1015000,1017500
0,63,1022500,1025000
0,63,1027500,1030000
0,63,1032500,1035000
0,63,1035000,1037500
0,63,1057500,1060000
1,63,0,2500
1,63,2500,5000
1,63,7500,10000
1,63,10000,12500
1,63,12500,15000
1,63,17500,20000
1,63,22500,25000
1,63,25000,27500
1,63,27500,30000
1,63,30000,32500
1,63,32500,35000
1,63,42500,45000
1,63,45000,47500
1,63,47500,50000
1,63,50000,52500
1,63,55000,57500
1,63,57500,60000
1,63,65000,67500
1,63,67500,70000
1,63,70000,72500
1,63,72500,75000
1,63,75000,77500
1,63,77500,80000
1,63,80000,82500
1,63,85000,87500
1,63,87500,90000
1,63,90000,92500
1,63,92500,95000
1,63,95000,97500
1,63,97500,100000
1,63,100000,102500
1,63,102500,105000
1,63,105000,107500
1,63,107500,110000
1,63,110000,112500
1,63,115000,117500
1,63,117500,120000
1,63,120000,122500
1,63,125000,127500
1,63,127500,130000
1,63,130000,132500
1,63,135000,137500
1,63,137500,140000
1,63,140000,142500
1,63,145000,147500
1,63,147500,150000
1,63,152500,155000
1,63,157500,160000
1,63,160000,162500
1,63,162500,165000
1,63,165000,167500
1,63,172500,175000
1,63,177500,180000
1,63,180000,182500
1,63,192500,195000
1,63,197500,200000
1,63,200000,202500
1,63,205000,207500
1,63,207500,210000
1,63,210000,212500
1,63,212500,215000
1,63,215000,217500
1,63,217500,220000
1,63,220000,222500
1,63,222500,225000
1,63,225000,227500
1,63,227500,230000
1,63,230000,232500
1,63,247500,250000
1,63,250000,252500
1,63,252500,255000
1,63,255000,257500
1,63,257500,260000
1,63,260000,262500
1,63,272500,275000
1,63,275000,277500
1,63,292500,295000
1,63,295000,297500
1,63,297500,300000
1,63,307500,310000
1,63,310000,312500
1,63,317500,320000
1,63,320000,322500
1,63,322500,325000
1,63,327500,330000
1,63,337500,340000
1,63,340000,342500
1,63,342500,345000
1,63,345000,347500
1,63,347500,350000
1,63,350000,352500
1,63,352500,355000
1,63,365000,367500
1,63,377500,380000
1,63,380000,382500
1,63,382500,385000
1,63,390000,392500
1,63,392500,395000
1,63,395000,397500
1,63,397500,400000
1,63,405000,407500
1,63,410000,412500
1,63,412500,415000
1,63,415000,417500
1,63,420000,422500
1,63,422500,425000
1,63,425000,427500
1,63,427500,430000
1,63,430000,432500
1,63,432500,435000
1,63,435000,437500
1,63,440000,442500
1,63,442500,445000
1,63,457500,460000
1,63,472500,475000
1,63,477500,480000
1,63,490000,492500
1,63,492500,495000
1,63,497500,500000
1,63,517500,520000
1,63,520000,522500
1,63,522500,525000
1,63,525000,527500
1,63,527500,530000
1,63,545000,547500
1,63,547500,550000
1,63,560000,562500
1,63,565000,567500
1,63,567500,570000
1,63,572500,575000
1,63,575000,577500
1,63,577500,580000
1,63,580000,582500
1,63,582500,585000
1,63,585000,587500
1,63,587500,590000
1,63,602500,605000
1,63,605000,607500
1,63,607500,610000
1,63,610000,612500
1,63,612500,615000
1,63,615000,617500
1,63,617500,620000
1,63,625000,627500
1,63,635000,637500
1,63,637500,640000
1,63,642500,645000
1,63,645000,647500
1,63,647500,650000
1,63,657500,660000
1,63,660000,662500
1,63,662500,665000
1,63,667500,670000
1,63,670000,672500
1,63,675000,677500
1,63,680000,682500
1,63,682500,685000
1,63,687500,690000
1,63,690000,692500
1,63,692500,695000
1,63,695000,697500
1,63,697500,700000
1,63,700000,702500
1,63,702500,705000
1,63,705000,707500
1,63,707500,710000
1,63,710000,712500
1,63,712500,715000
1,63,715000,717500
1,63,717500,720000
1,63,720000,722500
1,63,730000,732500
1,63,732500,735000
1,63,735000,737500
1,63,737500,740000
1,63,740000,742500
1,63,742500,745000
1,63,745000,747500
1,63,747500,750000
1,63,755000,757500
1,63,817500,820000
1,63,820000,822500
1,63,877500,880000
1,63,887500,890000
1,63,892500,895000
1,63,895000,897500
1,63,947500,950000
1,63,950000,952500
1,63,952500,955000
1,63,957500,960000
1,63,960000,962500
1,63,980000,982500
1,63,982500,985000
1,63,987500,990000
1,63,990000,992500
1,63,992500,995000
1,63,995000,997500
1,63,1002500,1005000
1,63,1005000,1007500
1,63,1007500,1010000
1,63,1012500,1015000
1,63,1020000,1022500
1,63,1025000,1027500
1,63,1030000,1032500
1,63,1032500,1035000
1,63,1055000,1057500
1,63,1057500,1060000
2,63,95000,97500
2,63,165000,167500
2,63,170000,172500
2,63,227500,230000
2,63,242500,245000
2,63,245000,247500
2,63,247500,250000
2,63,255000,257500
2,63,257500,260000
2,63,335000,337500
2,63,390000,392500
2,63,392500,395000
2,63,395000,397500
2,63,420000,422500
2,63,422500,425000
2,63,425000,427500
2,63,437500,440000
2,63,440000,442500
2,63,485000,487500
2,63,487500,490000
2,63,490000,492500
2,63,517500,520000
2,63,567500,570000
2,63,575000,577500
2,63,612500,615000
2,63,685000,687500
2,63,687500,690000
2,63,730000,732500
2,63,737500,740000
3,63,92500,95000
3,63,162500,165000
3,63,167500,170000
3,63,225000,227500
3,63,240000,242500
3,63,242500,245000
3,63,245000,247500
3,63,252500,255000
3,63,255000,257500
3,63,257500,260000
3,63,260000,262500
3,63,320000,322500
3,63,330000,332500
3,63,332500,335000
3,63,390000,392500
3,63,392500,395000
3,63,417500,420000
3,63,420000,422500
3,63,422500,425000
3,63,435000,437500
3,63,437500,440000
3,63,440000,442500
3,63,482500,485000
3,63,485000,487500
3,63,487500,490000
3,63,490000,492500
3,63,515000,517500
3,63,565000,567500
3,63,572500,575000
3,63,610000,612500
3,63,682500,685000
3,63,685000,687500
3,63,727500,730000
3,63,735000,737500
3,63,1057500,1060000
4,63,217500,220000
4,63,220000,222500
4,63,242500,245000
4,63,270000,272500
4,63,272500,275000
4,63,292500,295000
4,63,307500,310000
4,63,335000,337500
4,63,402500,405000
4,63,420000,422500
4,63,560000,562500
4,63,632500,635000
4,63,727500,730000
4,63,740000,742500
4,63,885000,887500
4,63,887500,890000
4,63,990000,992500
4,63,992500,995000
5,63,215000,217500
5,63,217500,220000
5,63,240000,242500
5,63,267500,270000
5,63,332500,335000
5,63,417500,420000
5,63,440000,442500
5,63,557500,560000
5,63,630000,632500
5,63,667500,670000
5,63,725000,727500
5,63,737500,740000
5,63,882500,885000
5,63,987500,990000
5,63,990000,992500
0,64,297500,300000
0,64,300000,302500
0,64,302500,305000
0,64,305000,307500
0,64,307500,310000
0,64,310000,312500
0,64,312500,315000
0,64,322500,325000
0,64,402500,405000
0,64,407500,410000
0,64,447500,450000
0,64,450000,452500
0,64,472500,475000
0,64,475000,477500
0,64,520000,522500
0,64,565000,567500
0,64,567500,570000
0,64,577500,580000
0,64,580000,582500
0,64,687500,690000
0,64,690000,692500
1,64,295000,297500
1,64,300000,302500
1,64,302500,305000
1,64,305000,307500
1,64,307500,310000
1,64,310000,312500
1,64,312500,315000
1,64,400000,402500
1,64,405000,407500
1,64,440000,442500
1,64,442500,445000
1,64,470000,472500
1,64,472500,475000
1,64,517500,520000
1,64,562500,565000
1,64,565000,567500
1,64,575000,577500
1,64,577500,580000
1,64,685000,687500
1,64,687500,690000
2,64,187500,190000
2,64,190000,192500
2,64,292500,295000
2,64,320000,322500
2,64,322500,325000
2,64,417500,420000
2,64,420000,422500
2,64,422500,425000
3,64,185000,187500
3,64,187500,190000
3,64,272500,275000
3,64,312500,315000
3,64,315000,317500
3,64,415000,417500
3,64,417500,420000
3,64,420000,422500
4,64,0,2500
4,64,2500,5000
4,64,85000,87500
4,64,87500,90000
4,64,95000,97500
4,64,112500,115000
4,64,130000,132500
4,64,132500,135000
4,64,175000,177500
4,64,187500,190000
4,64,190000,192500
4,64,197500,200000
4,64,237500,240000
4,64,240000,242500
4,64,292500,295000
4,64,320000,322500
4,64,355000,357500
4,64,357500,360000
4,64,360000,362500
4,64,362500,365000
4,64,365000,367500
4,64,380000,382500
4,64,395000,397500
4,64,397500,400000
4,64,407500,410000
4,64,422500,425000
4,64,447500,450000
4,64,450000,452500
4,64,517500,520000
4,64,522500,525000
4,64,547500,550000
4,64,550000,552500
4,64,560000,562500
4,64,585000,587500
4,64,705000,707500
4,64,707500,710000
4,64,722500,725000
4,64,725000,727500
4,64,735000,737500
4,64,737500,740000
4,64,875000,877500
4,64,877500,880000
4,64,880000,882500
5,64,82500,85000
5,64,85000,87500
5,64,90000,92500
5,64,92500,95000
5,64,110000,112500
5,64,125000,127500
5,64,127500,130000
5,64,172500,175000
5,64,185000,187500
5,64,187500,190000
5,64,195000,197500
5,64,235000,237500
5,64,237500,240000
5,64,272500,275000
5,64,312500,315000
5,64,315000,317500
5,64,352500,355000
5,64,355000,357500
5,64,357500,360000
5,64,360000,362500
5,64,362500,365000
5,64,377500,380000
5,64,387500,390000
5,64,405000,407500
5,64,420000,422500
5,64,440000,442500
5,64,442500,445000
5,64,515000,517500
5,64,520000,522500
5,64,545000,547500
5,64,547500,550000
5,64,557500,560000
5,64,582500,585000
5,64,702500,705000
5,64,705000,707500
5,64,720000,722500
5,64,722500,725000
5,64,730000,732500
5,64,875000,877500
5,64,877500,880000
5,64,1057500,1060000
0,65,2500,5000
0,65,5000,7500
0,65,7500,10000
0,65,10000,12500
0,65,12500,15000
0,65,15000,17500
0,65,47500,50000
0,65,50000,52500
0,65,52500,55000
0,65,55000,57500
0,65,72500,75000
0,65,82500,85000
0,65,85000,87500
0,65,87500,90000
0,65,90000,92500
0,65,140000,142500
0,65,142500,145000
0,65,152500,155000
0,65,160000,162500
0,65,167500,170000
0,65,170000,172500
0,65,172500,175000
0,65,175000,177500
0,65,177500,180000
0,65,180000,182500
0,65,182500,185000
0,65,185000,187500
0,65,197500,200000
0,65,215000,217500
0,65,222500,225000
0,65,225000,227500
0,65,227500,230000
0,65,230000,232500
0,65,232500,235000
0,65,235000,237500
0,65,237500,240000
0,65,240000,242500
0,65,242500,245000
0,65,245000,247500
0,65,247500,250000
0,65,252500,255000
0,65,255000,257500
0,65,257500,260000
0,65,260000,262500
0,65,262500,265000
0,65,265000,267500
0,65,270000,272500
0,65,272500,275000
0,65,275000,277500
0,65,277500,280000
0,65,280000,282500
0,65,282500,285000
0,65,287500,290000
0,65,290000,292500
0,65,292500,295000
0,65,295000,297500
0,65,297500,300000
0,65,300000,302500
0,65,302500,305000
0,65,307500,310000
0,65,310000,312500
0,65,312500,315000
0,65,320000,322500
0,65,370000,372500
0,65,372500,375000
0,65,387500,390000
0,65,390000,392500
0,65,392500,395000
0,65,395000,397500
0,65,397500,400000
0,65,400000,402500
0,65,407500,410000
0,65,410000,412500
0,65,447500,450000
0,65,480000,482500
0,65,482500,485000
0,65,892500,895000
0,65,925000,927500
0,65,927500,930000
0,65,930000,932500
0,65,932500,935000
0,65,935000,937500
0,65,937500,940000
0,65,940000,942500
0,65,952500,955000
0,65,955000,957500
1,65,0,2500
1,65,2500,5000
1,65,5000,7500
1,65,7500,10000
1,65,10000,12500
1,65,12500,15000
1,65,45000,47500
1,65,47500,50000
1,65,50000,52500
1,65,52500,55000
1,65,70000,72500
1,65,80000,82500
1,65,82500,85000
1,65,85000,87500
1,65,87500,90000
1,65,137500,140000
1,65,140000,142500
1,65,150000,152500
1,65,157500,160000
1,65,165000,167500
1,65,167500,170000
1,65,170000,172500
1,65,172500,175000
1,65,175000,177500
1,65,177500,180000
1,65,180000,182500
1,65,182500,185000
1,65,195000,197500
1,65,212500,215000
1,65,217500,220000
1,65,220000,222500
1,65,225000,227500
1,65,227500,230000
1,65,230000,232500
1,65,232500,235000
1,65,235000,237500
1,65,237500,240000
1,65,240000,242500
1,65,242500,245000
1,65,245000,247500
1,65,250000,252500
1,65,252500,255000
1,65,255000,257500
1,65,257500,260000
1,65,260000,262500
1,65,262500,265000
1,65,267500,270000
1,65,270000,272500
1,65,272500,275000
1,65,275000,277500
1,65,277500,280000
1,65,280000,282500
1,65,285000,287500
1,65,287500,290000
1,65,290000,292500
1,65,292500,295000
1,65,295000,297500
1,65,297500,300000
1,65,300000,302500
1,65,305000,307500
1,65,307500,310000
1,65,310000,312500
1,65,317500,320000
1,65,370000,372500
1,65,385000,387500
1,65,387500,390000
1,65,390000,392500
1,65,392500,395000
1,65,395000,397500
1,65,397500,400000
1,65,405000,407500
1,65,407500,410000
1,65,445000,447500
1,65,472500,475000
1,65,890000,892500
1,65,892500,895000
1,65,922500,925000
1,65,925000,927500
1,65,927500,930000
1,65,930000,932500
1,65,932500,935000
1,65,935000,937500
1,65,937500,940000
1,65,950000,952500
1,65,952500,955000
2,65,367500,370000
2,65,370000,372500
2,65,372500,375000
2,65,375000,377500
2,65,377500,380000
2,65,390000,392500
2,65,480000,482500
2,65,512500,515000
2,65,520000,522500
2,65,672500,675000
2,65,675000,677500
2,65,680000,682500
2,65,685000,687500
2,65,690000,692500
2,65,692500,695000
2,65,702500,705000
2,65,705000,707500
2,65,707500,710000
2,65,710000,712500
2,65,712500,715000
2,65,715000,717500
2,65,717500,720000
2,65,720000,722500
2,65,727500,730000
2,65,730000,732500
2,65,732500,735000
2,65,745000,747500
2,65,747500,750000
2,65,770000,772500
2,65,772500,775000
2,65,775000,777500
2,65,777500,780000
2,65,780000,782500
2,65,782500,785000
2,65,785000,787500
2,65,787500,790000
2,65,790000,792500
2,65,792500,795000
2,65,795000,797500
2,65,797500,800000
2,65,800000,802500
2,65,802500,805000
2,65,805000,807500
2,65,807500,810000
2,65,810000,812500
2,65,987500,990000
2,65,997500,1000000
2,65,1000000,1002500
2,65,1017500,1020000
2,65,1020000,1022500
2,65,1045000,1047500
2,65,1047500,1050000
2,65,1052500,1055000
2,65,1055000,1057500
2,65,1057500,1060000
3,65,355000,357500
3,65,357500,360000
3,65,370000,372500
3,65,372500,375000
3,65,375000,377500
3,65,387500,390000
3,65,470000,472500
3,65,472500,475000
3,65,517500,520000
3,65,675000,677500
3,65,677500,680000
3,65,682500,685000
3,65,687500,690000
3,65,692500,695000
3,65,695000,697500
3,65,705000,707500
3,65,707500,710000
3,65,710000,712500
3,65,712500,715000
3,65,715000,717500
3,65,717500,720000
3,65,720000,722500
3,65,722500,725000
3,65,730000,732500
3,65,732500,735000
3,65,735000,737500
3,65,742500,745000
3,65,747500,750000
3,65,770000,772500
3,65,772500,775000
3,65,775000,777500
3,65,777500,780000
3,65,780000,782500
3,65,782500,785000
3,65,785000,787500
3,65,787500,790000
3,65,790000,792500
3,65,792500,795000
3,65,795000,797500
3,65,797500,800000
3,65,800000,802500
3,65,802500,805000
3,65,805000,807500
3,65,807500,810000
3,65,810000,812500
3,65,985000,987500
3,65,995000,997500
3,65,997500,1000000
3,65,1015000,1017500
3,65,1017500,1020000
3,65,1042500,1045000
3,65,1045000,1047500
3,65,1050000,1052500
3,65,1052500,1055000
3,65,1055000,1057500
3,65,1057500,1060000
4,65,322500,325000
4,65,325000,327500
4,65,330000,332500
4,65,332500,335000
4,65,335000,337500
4,65,337500,340000
4,65,340000,342500
4,65,342500,345000
4,65,345000,347500
4,65,347500,350000
4,65,350000,352500
4,65,367500,370000
4,65,370000,372500
4,65,495000,497500
4,65,517500,520000
4,65,520000,522500
4,65,672500,675000
4,65,727500,730000
4,65,987500,990000
4,65,1017500,1020000
4,65,1020000,1022500
4,65,1047500,1050000
4,65,1055000,1057500
5,65,320000,322500
5,65,322500,325000
5,65,327500,330000
5,65,330000,332500
5,65,332500,335000
5,65,335000,337500
5,65,337500,340000
5,65,340000,342500
5,65,342500,345000
5,65,345000,347500
5,65,347500,350000
5,65,492500,495000
5,65,515000,517500
5,65,517500,520000
5,65,520000,522500
5,65,522500,525000
5,65,722500,725000
5,65,985000,987500
5,65,1015000,1017500
5,65,1017500,1020000
5,65,1045000,1047500
5,65,1052500,1055000
0,66,0,2500
0,66,2500,5000
0,66,15000,17500
0,66,17500,20000
0,66,37500,40000
0,66,40000,42500
0,66,100000,102500
0,66,102500,105000
0,66,132500,135000
0,66,135000,137500
0,66,137500,140000
0,66,167500,170000
0,66,227500,230000
0,66,250000,252500
0,66,255000,257500
0,66,257500,260000
0,66,260000,262500
0,66,262500,265000
0,66,265000,267500
0,66,267500,270000
0,66,272500,275000
0,66,275000,277500
0,66,277500,280000
0,66,280000,282500
0,66,282500,285000
0,66,285000,287500
0,66,290000,292500
0,66,292500,295000
0,66,320000,322500
0,66,325000,327500
0,66,335000,337500
0,66,337500,340000
0,66,355000,357500
0,66,385000,387500
0,66,387500,390000
0,66,400000,402500
0,66,402500,405000
0,66,405000,407500
0,66,412500,415000
0,66,415000,417500
0,66,425000,427500
0,66,427500,430000
0,66,430000,432500
0,66,432500,435000
0,66,437500,440000
0,66,440000,442500
0,66,445000,447500
0,66,447500,450000
0,66,450000,452500
0,66,452500,455000
0,66,455000,457500
0,66,472500,475000
0,66,475000,477500
0,66,477500,480000
0,66,512500,515000
0,66,530000,532500
0,66,535000,537500
0,66,537500,540000
0,66,540000,542500
0,66,550000,552500
0,66,552500,555000
0,66,582500,585000
0,66,585000,587500
0,66,595000,597500
0,66,607500,610000
0,66,610000,612500
0,66,612500,615000
0,66,615000,617500
0,66,622500,625000
0,66,625000,627500
0,66,627500,630000
0,66,630000,632500
0,66,650000,652500
0,66,652500,655000
0,66,655000,657500
0,66,657500,660000
0,66,660000,662500
0,66,662500,665000
0,66,665000,667500
0,66,670000,672500
0,66,672500,675000
0,66,680000,682500
0,66,687500,690000
0,66,690000,692500
0,66,695000,697500
0,66,700000,702500
0,66,702500,705000
0,66,710000,712500
0,66,712500,715000
0,66,715000,717500
0,66,717500,720000
0,66,722500,725000
0,66,730000,732500
0,66,732500,735000
0,66,762500,765000
0,66,817500,820000
0,66,827500,830000
0,66,852500,855000
0,66,855000,857500
0,66,860000,862500
0,66,865000,867500
0,66,897500,900000
1,66,0,2500
1,66,12500,15000
1,66,15000,17500
1,66,35000,37500
1,66,97500,100000
1,66,100000,102500
1,66,130000,132500
1,66,132500,135000
1,66,135000,137500
1,66,165000,167500
1,66,225000,227500
1,66,247500,250000
1,66,252500,255000
1,66,255000,257500
1,66,257500,260000
1,66,260000,262500
1,66,262500,265000
1,66,265000,267500
1,66,270000,272500
1,66,272500,275000
1,66,275000,277500
1,66,277500,280000
1,66,280000,282500
1,66,282500,285000
1,66,285000,287500
1,66,287500,290000
1,66,317500,320000
1,66,322500,325000
1,66,332500,335000
1,66,335000,337500
1,66,352500,355000
1,66,382500,385000
1,66,385000,387500
1,66,397500,400000
1,66,400000,402500
1,66,402500,405000
1,66,407500,410000
1,66,410000,412500
1,66,422500,425000
1,66,425000,427500
1,66,427500,430000
1,66,430000,432500
1,66,435000,437500
1,66,437500,440000
1,66,440000,442500
1,66,442500,445000
1,66,447500,450000
1,66,450000,452500
1,66,452500,455000
1,66,470000,472500
1,66,472500,475000
1,66,475000,477500
1,66,497500,500000
1,66,500000,502500
1,66,525000,527500
1,66,527500,530000
1,66,532500,535000
1,66,535000,537500
1,66,537500,540000
1,66,545000,547500
1,66,547500,550000
1,66,577500,580000
1,66,580000,582500
1,66,592500,595000
1,66,605000,607500
1,66,607500,610000
1,66,610000,612500
1,66,612500,615000
1,66,620000,622500
1,66,622500,625000
1,66,625000,627500
1,66,627500,630000
1,66,647500,650000
1,66,650000,652500
1,66,652500,655000
1,66,655000,657500
1,66,657500,660000
1,66,660000,662500
1,66,662500,665000
1,66,667500,670000
1,66,670000,672500
1,66,672500,675000
1,66,675000,677500
1,66,682500,685000
1,66,692500,695000
1,66,697500,700000
1,66,700000,702500
1,66,707500,710000
1,66,710000,712500
1,66,712500,715000
1,66,715000,717500
1,66,720000,722500
1,66,727500,730000
1,66,730000,732500
1,66,760000,762500
1,66,825000,827500
1,66,850000,852500
1,66,857500,860000
1,66,862500,865000
1,66,895000,897500
1,66,910000,912500
2,66,95000,97500
2,66,130000,132500
2,66,357500,360000
2,66,360000,362500
2,66,362500,365000
2,66,365000,367500
2,66,367500,370000
2,66,877500,880000
3,66,92500,95000
3,66,127500,130000
3,66,295000,297500
3,66,297500,300000
3,66,355000,357500
3,66,357500,360000
3,66,360000,362500
3,66,362500,365000
3,66,365000,367500
3,66,875000,877500
4,66,217500,220000
4,66,640000,642500
4,66,695000,697500
4,66,725000,727500
4,66,727500,730000
4,66,840000,842500
4,66,842500,845000
4,66,872500,875000
4,66,875000,877500
4,66,885000,887500
4,66,897500,900000
4,66,985000,987500
4,66,987500,990000
4,66,990000,992500
5,66,215000,217500
5,66,637500,640000
5,66,692500,695000
5,66,722500,725000
5,66,725000,727500
5,66,835000,837500
5,66,870000,872500
5,66,872500,875000
5,66,882500,885000
5,66,895000,897500
5,66,982500,985000
5,66,985000,987500
5,66,987500,990000
5,66,990000,992500
5,66,1047500,1050000
0,67,7500,10000
0,67,27500,30000
0,67,30000,32500
0,67,32500,35000
0,67,87500,90000
0,67,92500,95000
0,67,97500,100000
0,67,100000,102500
0,67,102500,105000
0,67,115000,117500
0,67,130000,132500
0,67,140000,142500
0,67,142500,145000
0,67,150000,152500
0,67,152500,155000
0,67,155000,157500
0,67,157500,160000
0,67,160000,162500
0,67,162500,165000
0,67,165000,167500
0,67,167500,170000
0,67,175000,177500
0,67,177500,180000
0,67,180000,182500
0,67,182500,185000
0,67,185000,187500
0,67,195000,197500
0,67,197500,200000
0,67,200000,202500
0,67,202500,205000
0,67,205000,207500
0,67,207500,210000
0,67,210000,212500
0,67,212500,215000
0,67,215000,217500
0,67,217500,220000
0,67,220000,222500
0,67,222500,225000
0,67,225000,227500
0,67,232500,235000
0,67,235000,237500
0,67,237500,240000
0,67,240000,242500
0,67,250000,252500
0,67,252500,255000
0,67,280000,282500
0,67,282500,285000
0,67,292500,295000
0,67,295000,297500
0,67,312500,315000
0,67,317500,320000
0,67,320000,322500
0,67,332500,335000
0,67,335000,337500
0,67,367500,370000
0,67,370000,372500
0,67,372500,375000
0,67,375000,377500
0,67,377500,380000
0,67,380000,382500
0,67,382500,385000
0,67,387500,390000
0,67,390000,392500
0,67,392500,395000
0,67,400000,402500
0,67,402500,405000
0,67,410000,412500
0,67,412500,415000
0,67,415000,417500
0,67,417500,420000
0,67,435000,437500
0,67,455000,457500
0,67,457500,460000
0,67,460000,462500
0,67,462500,465000
0,67,465000,467500
0,67,467500,470000
0,67,470000,472500
0,67,472500,475000
0,67,477500,480000
0,67,480000,482500
0,67,482500,485000
0,67,485000,487500
0,67,487500,490000
0,67,495000,497500
0,67,497500,500000
0,67,500000,502500
0,67,502500,505000
0,67,505000,507500
0,67,507500,510000
0,67,510000,512500
0,67,512500,515000
0,67,515000,517500
0,67,520000,522500
0,67,525000,527500
0,67,527500,530000
0,67,532500,535000
0,67,552500,555000
0,67,555000,557500
0,67,557500,560000
0,67,560000,562500
0,67,565000,567500
0,67,582500,585000
0,67,585000,587500
0,67,587500,590000
0,67,590000,592500
0,67,592500,595000
0,67,600000,602500
0,67,602500,605000
0,67,605000,607500
0,67,607500,610000
0,67,610000,612500
0,67,615000,617500
0,67,632500,635000
0,67,635000,637500
0,67,637500,640000
0,67,640000,642500
0,67,642500,645000
0,67,645000,647500
0,67,655000,657500
0,67,657500,660000
0,67,660000,662500
0,67,662500,665000
0,67,665000,667500
0,67,667500,670000
0,67,675000,677500
0,67,677500,680000
0,67,692500,695000
0,67,695000,697500
0,67,697500,700000
0,67,707500,710000
0,67,712500,715000
0,67,715000,717500
0,67,717500,720000
0,67,720000,722500
0,67,770000,772500
0,67,772500,775000
0,67,775000,777500
0,67,805000,807500
0,67,807500,810000
0,67,835000,837500
0,67,845000,847500
0,67,847500,850000
0,67,862500,865000
0,67,877500,880000
0,67,880000,882500
0,67,882500,885000
0,67,887500,890000
0,67,895000,897500
0,67,897500,900000
0,67,900000,902500
0,67,902500,905000
0,67,907500,910000
0,67,910000,912500
0,67,915000,917500
0,67,967500,970000
0,67,1002500,1005000
0,67,1020000,1022500
0,67,1037500,1040000
0,67,1045000,1047500
0,67,1047500,1050000
0,67,1050000,1052500
0,67,1052500,1055000
0,67,1055000,1057500
1,67,5000,7500
1,67,25000,27500
1,67,27500,30000
1,67,30000,32500
1,67,85000,87500
1,67,90000,92500
1,67,95000,97500
1,67,97500,100000
1,67,100000,102500
1,67,112500,115000
1,67,127500,130000
1,67,137500,140000
1,67,140000,142500
1,67,147500,150000
1,67,150000,152500
1,67,152500,155000
1,67,155000,157500
1,67,157500,160000
1,67,160000,162500
1,67,162500,165000
1,67,165000,167500
1,67,172500,175000
1,67,175000,177500
1,67,177500,180000
1,67,180000,182500
1,67,182500,185000
1,67,192500,195000
1,67,195000,197500
1,67,197500,200000
1,67,200000,202500
1,67,202500,205000
1,67,205000,207500
1,67,207500,210000
1,67,210000,212500
1,67,212500,215000
1,67,215000,217500
1,67,217500,220000
1,67,220000,222500
1,67,222500,225000
1,67,230000,232500
1,67,232500,235000
1,67,235000,237500
1,67,237500,240000
1,67,247500,250000
1,67,250000,252500
1,67,275000,277500
1,67,277500,280000
1,67,282500,285000
1,67,290000,292500
1,67,292500,295000
1,67,310000,312500
1,67,315000,317500
1,67,317500,320000
1,67,330000,332500
1,67,332500,335000
1,67,365000,367500
1,67,367500,370000
1,67,370000,372500
1,67,372500,375000
1,67,375000,377500
1,67,377500,380000
1,67,380000,382500
1,67,382500,385000
1,67,385000,387500
1,67,390000,392500
1,67,392500,395000
1,67,395000,397500
1,67,407500,410000
1,67,410000,412500
1,67,412500,415000
1,67,415000,417500
1,67,432500,435000
1,67,452500,455000
1,67,455000,457500
1,67,457500,460000
1,67,460000,462500
1,67,462500,465000
1,67,465000,467500
1,67,467500,470000
1,67,470000,472500
1,67,475000,477500
1,67,477500,480000
1,67,480000,482500
1,67,482500,485000
1,67,485000,487500
1,67,487500,490000
1,67,490000,492500
1,67,497500,500000
1,67,500000,502500
1,67,502500,505000
1,67,505000,507500
1,67,507500,510000
1,67,510000,512500
1,67,512500,515000
1,67,517500,520000
1,67,522500,525000
1,67,525000,527500
1,67,527500,530000
1,67,530000,532500
1,67,550000,552500
1,67,552500,555000
1,67,555000,557500
1,67,557500,560000
1,67,562500,565000
1,67,575000,577500
1,67,577500,580000
1,67,585000,587500
1,67,587500,590000
1,67,590000,592500
1,67,592500,595000
1,67,595000,597500
1,67,602500,605000
1,67,605000,607500
1,67,607500,610000
1,67,612500,615000
1,67,630000,632500
1,67,632500,635000
1,67,635000,637500
1,67,637500,640000
1,67,640000,642500
1,67,642500,645000
1,67,652500,655000
1,67,655000,657500
1,67,657500,660000
1,67,660000,662500
1,67,662500,665000
1,67,665000,667500
1,67,672500,675000
1,67,675000,677500
1,67,690000,692500
1,67,692500,695000
1,67,695000,697500
1,67,705000,707500
1,67,710000,712500
1,67,712500,715000
1,67,715000,717500
1,67,717500,720000
1,67,735000,737500
1,67,767500,770000
1,67,770000,772500
1,67,772500,775000
1,67,802500,805000
1,67,805000,807500
1,67,832500,835000
1,67,842500,845000
1,67,845000,847500
1,67,860000,862500
1,67,875000,877500
1,67,877500,880000
1,67,880000,882500
1,67,885000,887500
1,67,892500,895000
1,67,895000,897500
1,67,897500,900000
1,67,900000,902500
1,67,905000,907500
1,67,907500,910000
1,67,912500,915000
1,67,965000,967500
1,67,1000000,1002500
1,67,1017500,1020000
1,67,1035000,1037500
1,67,1042500,1045000
1,67,1045000,1047500
1,67,1047500,1050000
1,67,1050000,1052500
1,67,1052500,1055000
1,67,1057500,1060000
2,67,287500,290000
2,67,290000,292500
2,67,297500,300000
2,67,300000,302500
2,67,302500,305000
2,67,305000,307500
2,67,307500,310000
2,67,532500,535000
2,67,535000,537500
2,67,537500,540000
2,67,540000,542500
2,67,542500,545000
2,67,545000,547500
2,67,547500,550000
2,67,792500,795000
3,67,285000,287500
3,67,295000,297500
3,67,297500,300000
3,67,300000,302500
3,67,302500,305000
3,67,305000,307500
3,67,530000,532500
3,67,535000,537500
3,67,537500,540000
3,67,540000,542500
3,67,542500,545000
3,67,545000,547500
3,67,790000,792500
4,67,270000,272500
4,67,420000,422500
4,67,542500,545000
4,67,545000,547500
4,67,645000,647500
4,67,667500,670000
4,67,885000,887500
4,67,892500,895000
5,67,265000,267500
5,67,267500,270000
5,67,417500,420000
5,67,540000,542500
5,67,542500,545000
5,67,642500,645000
5,67,665000,667500
5,67,882500,885000
5,67,890000,892500
5,67,1057500,1060000
0,68,50000,52500
0,68,52500,55000
0,68,57500,60000
0,68,60000,62500
0,68,115000,117500
0,68,122500,125000
0,68,125000,127500
0,68,127500,130000
0,68,132500,135000
0,68,135000,137500
0,68,137500,140000
0,68,160000,162500
0,68,162500,165000
0,68,165000,167500
0,68,167500,170000
0,68,175000,177500
0,68,195000,197500
0,68,197500,200000
0,68,200000,202500
0,68,205000,207500
0,68,207500,210000
0,68,210000,212500
0,68,212500,215000
0,68,215000,217500
0,68,217500,220000
0,68,220000,222500
0,68,225000,227500
0,68,227500,230000
0,68,230000,232500
0,68,235000,237500
0,68,237500,240000
0,68,250000,252500
0,68,252500,255000
0,68,257500,260000
0,68,260000,262500
0,68,262500,265000
0,68,265000,267500
0,68,267500,270000
0,68,275000,277500
0,68,277500,280000
0,68,280000,282500
0,68,282500,285000
0,68,285000,287500
0,68,287500,290000
0,68,290000,292500
0,68,292500,295000
0,68,295000,297500
0,68,317500,320000
0,68,320000,322500
0,68,335000,337500
0,68,347500,350000
0,68,352500,355000
0,68,355000,357500
0,68,357500,360000
0,68,360000,362500
0,68,367500,370000
0,68,370000,372500
0,68,372500,375000
0,68,377500,380000
0,68,380000,382500
0,68,385000,387500
0,68,387500,390000
0,68,415000,417500
0,68,417500,420000
0,68,425000,427500
0,68,427500,430000
0,68,430000,432500
0,68,432500,435000
0,68,435000,437500
0,68,437500,440000
0,68,440000,442500
0,68,442500,445000
0,68,452500,455000
0,68,455000,457500
0,68,457500,460000
0,68,467500,470000
0,68,470000,472500
0,68,472500,475000
0,68,475000,477500
0,68,477500,480000
0,68,480000,482500
0,68,482500,485000
0,68,485000,487500
0,68,487500,490000
0,68,500000,502500
0,68,502500,505000
0,68,505000,507500
0,68,507500,510000
0,68,510000,512500
0,68,512500,515000
0,68,515000,517500
0,68,517500,520000
0,68,520000,522500
0,68,527500,530000
0,68,530000,532500
0,68,532500,535000
0,68,535000,537500
0,68,537500,540000
0,68,540000,542500
0,68,542500,545000
0,68,545000,547500
0,68,547500,550000
0,68,550000,552500
0,68,552500,555000
0,68,567500,570000
0,68,570000,572500
0,68,572500,575000
0,68,575000,577500
0,68,577500,580000
0,68,580000,582500
0,68,585000,587500
0,68,587500,590000
0,68,590000,592500
0,68,592500,595000
0,68,595000,597500
0,68,597500,600000
0,68,600000,602500
0,68,602500,605000
0,68,605000,607500
0,68,607500,610000
0,68,610000,612500
0,68,612500,615000
0,68,615000,617500
0,68,617500,620000
0,68,620000,622500
0,68,627500,630000
0,68,630000,632500
0,68,632500,635000
0,68,635000,637500
0,68,637500,640000
0,68,640000,642500
0,68,642500,645000
0,68,645000,647500
0,68,647500,650000
0,68,650000,652500
0,68,655000,657500
0,68,660000,662500
0,68,662500,665000
0,68,665000,667500
0,68,667500,670000
0,68,670000,672500
0,68,675000,677500
0,68,677500,680000
0,68,680000,682500
0,68,685000,687500
0,68,687500,690000
0,68,690000,692500
0,68,692500,695000
0,68,695000,697500
0,68,705000,707500
0,68,707500,710000
0,68,710000,712500
0,68,717500,720000
0,68,720000,722500
0,68,722500,725000
0,68,727500,730000
0,68,730000,732500
0,68,732500,735000
0,68,735000,737500
0,68,750000,752500
0,68,760000,762500
0,68,762500,765000
0,68,770000,772500
0,68,772500,775000
0,68,775000,777500
0,68,777500,780000
0,68,780000,782500
0,68,782500,785000
0,68,785000,787500
0,68,787500,790000
0,68,800000,802500
0,68,812500,815000
0,68,815000,817500
0,68,817500,820000
0,68,822500,825000
0,68,825000,827500
0,68,827500,830000
0,68,835000,837500
0,68,837500,840000
0,68,842500,845000
0,68,850000,852500
0,68,857500,860000
0,68,860000,862500
0,68,862500,865000
0,68,865000,867500
0,68,867500,870000
0,68,877500,880000
0,68,880000,882500
0,68,882500,885000
0,68,887500,890000
0,68,890000,892500
0,68,892500,895000
0,68,900000,902500
0,68,902500,905000
0,68,905000,907500
0,68,910000,912500
0,68,912500,915000
0,68,915000,917500
0,68,917500,920000
0,68,927500,930000
0,68,1002500,1005000
0,68,1005000,1007500
0,68,1037500,1040000
0,68,1040000,1042500
0,68,1057500,1060000
1,68,47500,50000
1,68,50000,52500
1,68,55000,57500
1,68,57500,60000
1,68,112500,115000
1,68,120000,122500
1,68,122500,125000
1,68,125000,127500
1,68,130000,132500
1,68,132500,135000
1,68,135000,137500
1,68,157500,160000
1,68,160000,162500
1,68,162500,165000
1,68,165000,167500
1,68,172500,175000
1,68,192500,195000
1,68,195000,197500
1,68,197500,200000
1,68,200000,202500
1,68,202500,205000
1,68,207500,210000
1,68,210000,212500
1,68,212500,215000
1,68,215000,217500
1,68,217500,220000
1,68,222500,225000
1,68,225000,227500
1,68,227500,230000
1,68,232500,235000
1,68,235000,237500
1,68,247500,250000
1,68,250000,252500
1,68,255000,257500
1,68,257500,260000
1,68,260000,262500
1,68,262500,265000
1,68,265000,267500
1,68,272500,275000
1,68,275000,277500
1,68,277500,280000
1,68,280000,282500
1,68,282500,285000
1,68,285000,287500
1,68,287500,290000
1,68,290000,292500
1,68,292500,295000
1,68,315000,317500
1,68,317500,320000
1,68,332500,335000
1,68,345000,347500
1,68,350000,352500
1,68,352500,355000
1,68,355000,357500
1,68,357500,360000
1,68,365000,367500
1,68,367500,370000
1,68,370000,372500
1,68,375000,377500
1,68,377500,380000
1,68,382500,385000
1,68,385000,387500
1,68,412500,415000
1,68,415000,417500
1,68,422500,425000
1,68,425000,427500
1,68,427500,430000
1,68,430000,432500
1,68,432500,435000
1,68,435000,437500
1,68,437500,440000
1,68,440000,442500
1,68,450000,452500
1,68,452500,455000
1,68,455000,457500
1,68,457500,460000
1,68,460000,462500
1,68,470000,472500
1,68,472500,475000
1,68,475000,477500
1,68,477500,480000
1,68,480000,482500
1,68,482500,485000
1,68,485000,487500
1,68,497500,500000
1,68,500000,502500
1,68,502500,505000
1,68,505000,507500
1,68,507500,510000
1,68,510000,512500
1,68,512500,515000
1,68,515000,517500
1,68,517500,520000
1,68,522500,525000
1,68,525000,527500
1,68,530000,532500
1,68,532500,535000
1,68,535000,537500
1,68,537500,540000
1,68,540000,542500
1,68,542500,545000
1,68,545000,547500
1,68,547500,550000
1,68,550000,552500
1,68,565000,567500
1,68,567500,570000
1,68,570000,572500
1,68,572500,575000
1,68,575000,577500
1,68,577500,580000
1,68,580000,582500
1,68,582500,585000
1,68,587500,590000
1,68,590000,592500
1,68,592500,595000
1,68,595000,597500
1,68,597500,600000
1,68,600000,602500
1,68,602500,605000
1,68,605000,607500
1,68,607500,610000
1,68,610000,612500
1,68,612500,615000
1,68,615000,617500
1,68,617500,620000
1,68,625000,627500
1,68,627500,630000
1,68,630000,632500
1,68,632500,635000
1,68,635000,637500
1,68,637500,640000
1,68,640000,642500
1,68,642500,645000
1,68,645000,647500
1,68,647500,650000
1,68,650000,652500
1,68,652500,655000
1,68,657500,660000
1,68,662500,665000
1,68,665000,667500
1,68,667500,670000
1,68,672500,675000
1,68,675000,677500
1,68,677500,680000
1,68,682500,685000
1,68,685000,687500
1,68,687500,690000
1,68,690000,692500
1,68,692500,695000
1,68,702500,705000
1,68,705000,707500
1,68,707500,710000
1,68,715000,717500
1,68,717500,720000
1,68,720000,722500
1,68,725000,727500
1,68,727500,730000
1,68,730000,732500
1,68,732500,735000
1,68,747500,750000
1,68,757500,760000
1,68,760000,762500
1,68,767500,770000
1,68,770000,772500
1,68,772500,775000
1,68,775000,777500
1,68,777500,780000
1,68,780000,782500
1,68,782500,785000
1,68,785000,787500
1,68,810000,812500
1,68,812500,815000
1,68,815000,817500
1,68,820000,822500
1,68,822500,825000
1,68,825000,827500
1,68,827500,830000
1,68,835000,837500
1,68,840000,842500
1,68,847500,850000
1,68,850000,852500
1,68,857500,860000
1,68,860000,862500
1,68,862500,865000
1,68,865000,867500
1,68,875000,877500
1,68,877500,880000
1,68,880000,882500
1,68,885000,887500
1,68,887500,890000
1,68,890000,892500
1,68,897500,900000
1,68,900000,902500
1,68,902500,905000
1,68,907500,910000
1,68,910000,912500
1,68,912500,915000
1,68,915000,917500
1,68,925000,927500
1,68,937500,940000
1,68,1002500,1005000
1,68,1035000,1037500
1,68,1037500,1040000
1,68,1055000,1057500
1,68,1057500,1060000
2,68,0,2500
2,68,2500,5000
2,68,22500,25000
2,68,35000,37500
2,68,37500,40000
2,68,95000,97500
2,68,130000,132500
2,68,182500,185000
2,68,300000,302500
2,68,305000,307500
2,68,307500,310000
2,68,390000,392500
2,68,392500,395000
2,68,395000,397500
2,68,397500,400000
2,68,472500,475000
2,68,487500,490000
2,68,490000,492500
2,68,495000,497500
2,68,497500,500000
2,68,547500,550000
2,68,555000,557500
2,68,557500,560000
2,68,560000,562500
2,68,562500,565000
2,68,565000,567500
2,68,577500,580000
2,68,597500,600000
2,68,725000,727500
2,68,727500,730000
2,68,765000,767500
2,68,767500,770000
2,68,882500,885000
2,68,885000,887500
2,68,887500,890000
2,68,890000,892500
2,68,895000,897500
2,68,897500,900000
2,68,900000,902500
3,68,0,2500
3,68,20000,22500
3,68,32500,35000
3,68,35000,37500
3,68,92500,95000
3,68,127500,130000
3,68,180000,182500
3,68,295000,297500
3,68,297500,300000
3,68,302500,305000
3,68,387500,390000
3,68,390000,392500
3,68,392500,395000
3,68,395000,397500
3,68,470000,472500
3,68,485000,487500
3,68,487500,490000
3,68,490000,492500
3,68,492500,495000
3,68,545000,547500
3,68,552500,555000
3,68,555000,557500
3,68,557500,560000
3,68,560000,562500
3,68,562500,565000
3,68,575000,577500
3,68,595000,597500
3,68,722500,725000
3,68,725000,727500
3,68,762500,765000
3,68,765000,767500
3,68,880000,882500
3,68,882500,885000
3,68,885000,887500
3,68,887500,890000
3,68,892500,895000
3,68,895000,897500
3,68,897500,900000
3,68,937500,940000
3,68,1057500,1060000
4,68,305000,307500
4,68,555000,557500
4,68,557500,560000
4,68,560000,562500
4,68,565000,567500
4,68,577500,580000
4,68,725000,727500
4,68,727500,730000
4,68,767500,770000
4,68,770000,772500
4,68,790000,792500
4,68,800000,802500
4,68,805000,807500
4,68,807500,810000
4,68,810000,812500
4,68,812500,815000
4,68,815000,817500
4,68,817500,820000
4,68,820000,822500
4,68,822500,825000
4,68,832500,835000
4,68,837500,840000
4,68,840000,842500
4,68,842500,845000
4,68,855000,857500
4,68,865000,867500
4,68,867500,870000
4,68,872500,875000
4,68,877500,880000
4,68,882500,885000
4,68,895000,897500
4,68,897500,900000
4,68,920000,922500
4,68,922500,925000
4,68,925000,927500
4,68,962500,965000
4,68,965000,967500
5,68,302500,305000
5,68,552500,555000
5,68,555000,557500
5,68,557500,560000
5,68,562500,565000
5,68,575000,577500
5,68,722500,725000
5,68,725000,727500
5,68,765000,767500
5,68,767500,770000
5,68,787500,790000
5,68,790000,792500
5,68,792500,795000
5,68,802500,805000
5,68,807500,810000
5,68,810000,812500
5,68,812500,815000
5,68,815000,817500
5,68,817500,820000
5,68,820000,822500
5,68,830000,832500
5,68,835000,837500
5,68,837500,840000
5,68,840000,842500
5,68,850000,852500
5,68,852500,855000
5,68,862500,865000
5,68,865000,867500
5,68,867500,870000
5,68,870000,872500
5,68,875000,877500
5,68,880000,882500
5,68,892500,895000
5,68,895000,897500
5,68,917500,920000
5,68,920000,922500
5,68,922500,925000
5,68,937500,940000
5,68,940000,942500
5,68,960000,962500
5,68,965000,967500
5,68,967500,970000
0,69,2500,5000
0,69,45000,47500
0,69,100000,102500
0,69,132500,135000
0,69,135000,137500
0,69,137500,140000
0,69,167500,170000
0,69,202500,205000
0,69,217500,220000
0,69,225000,227500
0,69,227500,230000
0,69,230000,232500
0,69,250000,252500
0,69,255000,257500
0,69,257500,260000
0,69,260000,262500
0,69,262500,265000
0,69,270000,272500
0,69,282500,285000
0,69,292500,295000
0,69,325000,327500
0,69,337500,340000
0,69,372500,375000
0,69,375000,377500
0,69,377500,380000
0,69,387500,390000
0,69,410000,412500
0,69,417500,420000
0,69,420000,422500
0,69,425000,427500
0,69,427500,430000
0,69,430000,432500
0,69,437500,440000
0,69,440000,442500
0,69,445000,447500
0,69,447500,450000
0,69,450000,452500
0,69,452500,455000
0,69,455000,457500
0,69,467500,470000
0,69,470000,472500
0,69,472500,475000
0,69,475000,477500
0,69,482500,485000
0,69,485000,487500
0,69,512500,515000
0,69,520000,522500
0,69,532500,535000
0,69,542500,545000
0,69,550000,552500
0,69,552500,555000
0,69,557500,560000
0,69,560000,562500
0,69,582500,585000
0,69,585000,587500
0,69,587500,590000
0,69,590000,592500
0,69,592500,595000
0,69,595000,597500
0,69,597500,600000
0,69,615000,617500
0,69,622500,625000
0,69,625000,627500
0,69,627500,630000
0,69,630000,632500
0,69,632500,635000
0,69,647500,650000
0,69,650000,652500
0,69,652500,655000
0,69,657500,660000
0,69,660000,662500
0,69,662500,665000
0,69,665000,667500
0,69,670000,672500
0,69,672500,675000
0,69,677500,680000
0,69,680000,682500
0,69,682500,685000
0,69,687500,690000
0,69,690000,692500
0,69,695000,697500
0,69,710000,712500
0,69,722500,725000
0,69,787500,790000
0,69,790000,792500
0,69,795000,797500
0,69,797500,800000
0,69,800000,802500
0,69,802500,805000
0,69,810000,812500
0,69,820000,822500
0,69,822500,825000
0,69,857500,860000
0,69,865000,867500
0,69,907500,910000
0,69,967500,970000
0,69,1047500,1050000
1,69,0,2500
1,69,42500,45000
1,69,97500,100000
1,69,100000,102500
1,69,130000,132500
1,69,135000,137500
1,69,165000,167500
1,69,200000,202500
1,69,215000,217500
1,69,222500,225000
1,69,225000,227500
1,69,227500,230000
1,69,247500,250000
1,69,252500,255000
1,69,255000,257500
1,69,257500,260000
1,69,260000,262500
1,69,262500,265000
1,69,265000,267500
1,69,275000,277500
1,69,277500,280000
1,69,322500,325000
1,69,335000,337500
1,69,370000,372500
1,69,372500,375000
1,69,375000,377500
1,69,385000,387500
1,69,407500,410000
1,69,415000,417500
1,69,417500,420000
1,69,422500,425000
1,69,425000,427500
1,69,427500,430000
1,69,435000,437500
1,69,437500,440000
1,69,440000,442500
1,69,442500,445000
1,69,447500,450000
1,69,450000,452500
1,69,452500,455000
1,69,465000,467500
1,69,470000,472500
1,69,472500,475000
1,69,480000,482500
1,69,482500,485000
1,69,497500,500000
1,69,500000,502500
1,69,517500,520000
1,69,527500,530000
1,69,540000,542500
1,69,542500,545000
1,69,545000,547500
1,69,555000,557500
1,69,577500,580000
1,69,580000,582500
1,69,585000,587500
1,69,587500,590000
1,69,590000,592500
1,69,592500,595000
1,69,595000,597500
1,69,612500,615000
1,69,620000,622500
1,69,622500,625000
1,69,625000,627500
1,69,627500,630000
1,69,630000,632500
1,69,645000,647500
1,69,647500,650000
1,69,650000,652500
1,69,652500,655000
1,69,655000,657500
1,69,660000,662500
1,69,662500,665000
1,69,667500,670000
1,69,670000,672500
1,69,672500,675000
1,69,675000,677500
1,69,680000,682500
1,69,682500,685000
1,69,685000,687500
1,69,690000,692500
1,69,692500,695000
1,69,707500,710000
1,69,720000,722500
1,69,770000,772500
1,69,787500,790000
1,69,790000,792500
1,69,792500,795000
1,69,797500,800000
1,69,800000,802500
1,69,807500,810000
1,69,820000,822500
1,69,855000,857500
1,69,862500,865000
1,69,905000,907500
1,69,965000,967500
1,69,1045000,1047500
2,69,292500,295000
2,69,305000,307500
2,69,400000,402500
2,69,402500,405000
2,69,472500,475000
2,69,485000,487500
2,69,487500,490000
2,69,490000,492500
2,69,557500,560000
2,69,605000,607500
2,69,632500,635000
2,69,1050000,1052500
3,69,302500,305000
3,69,397500,400000
3,69,400000,402500
3,69,470000,472500
3,69,482500,485000
3,69,485000,487500
3,69,487500,490000
3,69,490000,492500
3,69,552500,555000
3,69,555000,557500
3,69,600000,602500
3,69,602500,605000
3,69,630000,632500
3,69,1047500,1050000
3,69,1057500,1060000
4,69,270000,272500
4,69,290000,292500
4,69,295000,297500
4,69,297500,300000
4,69,300000,302500
4,69,367500,370000
4,69,370000,372500
4,69,372500,375000
4,69,482500,485000
4,69,532500,535000
4,69,535000,537500
4,69,537500,540000
4,69,540000,542500
4,69,642500,645000
4,69,645000,647500
4,69,710000,712500
4,69,787500,790000
4,69,817500,820000
4,69,860000,862500
4,69,897500,900000
4,69,1017500,1020000
4,69,1020000,1022500
4,69,1025000,1027500
4,69,1030000,1032500
4,69,1040000,1042500
4,69,1042500,1045000
4,69,1055000,1057500
4,69,1057500,1060000
5,69,265000,267500
5,69,285000,287500
5,69,292500,295000
5,69,295000,297500
5,69,297500,300000
5,69,365000,367500
5,69,367500,370000
5,69,370000,372500
5,69,480000,482500
5,69,527500,530000
5,69,535000,537500
5,69,537500,540000
5,69,640000,642500
5,69,642500,645000
5,69,707500,710000
5,69,780000,782500
5,69,810000,812500
5,69,895000,897500
5,69,910000,912500
5,69,1017500,1020000
5,69,1020000,1022500
5,69,1022500,1025000
5,69,1027500,1030000
5,69,1037500,1040000
5,69,1052500,1055000
5,69,1055000,1057500
0,70,7500,10000
0,70,10000,12500
0,70,25000,27500
0,70,27500,30000
0,70,30000,32500
0,70,32500,35000
0,70,35000,37500
0,70,37500,40000
0,70,40000,42500
0,70,42500,45000
0,70,75000,77500
0,70,77500,80000
0,70,80000,82500
0,70,92500,95000
0,70,95000,97500
0,70,97500,100000
0,70,100000,102500
0,70,102500,105000
0,70,115000,117500
0,70,122500,125000
0,70,125000,127500
0,70,130000,132500
0,70,132500,135000
0,70,140000,142500
0,70,142500,145000
0,70,147500,150000
0,70,150000,152500
0,70,152500,155000
0,70,155000,157500
0,70,157500,160000
0,70,160000,162500
0,70,162500,165000
0,70,165000,167500
0,70,167500,170000
0,70,175000,177500
0,70,177500,180000
0,70,180000,182500
0,70,182500,185000
0,70,185000,187500
0,70,195000,197500
0,70,197500,200000
0,70,200000,202500
0,70,202500,205000
0,70,210000,212500
0,70,212500,215000
0,70,215000,217500
0,70,217500,220000
0,70,220000,222500
0,70,222500,225000
0,70,232500,235000
0,70,235000,237500
0,70,237500,240000
0,70,240000,242500
0,70,250000,252500
0,70,252500,255000
0,70,282500,285000
0,70,285000,287500
0,70,292500,295000
0,70,295000,297500
0,70,307500,310000
0,70,310000,312500
0,70,312500,315000
0,70,315000,317500
0,70,317500,320000
0,70,320000,322500
0,70,367500,370000
0,70,370000,372500
0,70,372500,375000
0,70,375000,377500
0,70,380000,382500
0,70,382500,385000
0,70,385000,387500
0,70,387500,390000
0,70,390000,392500
0,70,392500,395000
0,70,410000,412500
0,70,412500,415000
0,70,415000,417500
0,70,432500,435000
0,70,452500,455000
0,70,455000,457500
0,70,457500,460000
0,70,460000,462500
0,70,462500,465000
0,70,465000,467500
0,70,467500,470000
0,70,470000,472500
0,70,472500,475000
0,70,477500,480000
0,70,480000,482500
0,70,482500,485000
0,70,500000,502500
0,70,502500,505000
0,70,505000,507500
0,70,507500,510000
0,70,510000,512500
0,70,512500,515000
0,70,515000,517500
0,70,525000,527500
0,70,532500,535000
0,70,547500,550000
0,70,550000,552500
0,70,552500,555000
0,70,555000,557500
0,70,557500,560000
0,70,560000,562500
0,70,565000,567500
0,70,580000,582500
0,70,585000,587500
0,70,587500,590000
0,70,590000,592500
0,70,592500,595000
0,70,612500,615000
0,70,655000,657500
0,70,657500,660000
0,70,660000,662500
0,70,662500,665000
0,70,665000,667500
0,70,667500,670000
0,70,692500,695000
0,70,695000,697500
0,70,697500,700000
0,70,710000,712500
0,70,712500,715000
0,70,715000,717500
0,70,717500,720000
0,70,720000,722500
0,70,725000,727500
0,70,730000,732500
0,70,732500,735000
0,70,735000,737500
0,70,750000,752500
0,70,752500,755000
0,70,757500,760000
0,70,762500,765000
0,70,770000,772500
0,70,772500,775000
0,70,775000,777500
0,70,785000,787500
0,70,787500,790000
0,70,790000,792500
0,70,792500,795000
0,70,797500,800000
0,70,800000,802500
0,70,802500,805000
0,70,805000,807500
0,70,807500,810000
0,70,810000,812500
0,70,812500,815000
0,70,815000,817500
0,70,822500,825000
0,70,825000,827500
0,70,827500,830000
0,70,830000,832500
0,70,835000,837500
0,70,850000,852500
0,70,852500,855000
0,70,855000,857500
0,70,857500,860000
0,70,860000,862500
0,70,862500,865000
0,70,865000,867500
0,70,870000,872500
0,70,872500,875000
0,70,877500,880000
0,70,880000,882500
0,70,882500,885000
0,70,895000,897500
0,70,897500,900000
0,70,900000,902500
0,70,907500,910000
0,70,910000,912500
0,70,915000,917500
0,70,920000,922500
0,70,922500,925000
0,70,925000,927500
0,70,937500,940000
0,70,955000,957500
0,70,957500,960000
0,70,997500,1000000
0,70,1000000,1002500
0,70,1002500,1005000
0,70,1017500,1020000
0,70,1020000,1022500
0,70,1032500,1035000
0,70,1037500,1040000
0,70,1045000,1047500
0,70,1047500,1050000
0,70,1050000,1052500
0,70,1057500,1060000
1,70,5000,7500
1,70,7500,10000
1,70,22500,25000
1,70,25000,27500
1,70,27500,30000
1,70,30000,32500
1,70,32500,35000
1,70,35000,37500
1,70,37500,40000
1,70,40000,42500
1,70,72500,75000
1,70,75000,77500
1,70,77500,80000
1,70,90000,92500
1,70,92500,95000
1,70,95000,97500
1,70,97500,100000
1,70,100000,102500
1,70,112500,115000
1,70,120000,122500
1,70,122500,125000
1,70,127500,130000
1,70,130000,132500
1,70,137500,140000
1,70,140000,142500
1,70,145000,147500
1,70,147500,150000
1,70,150000,152500
1,70,152500,155000
1,70,155000,157500
1,70,157500,160000
1,70,160000,162500
1,70,162500,165000
1,70,165000,167500
1,70,172500,175000
1,70,175000,177500
1,70,177500,180000
1,70,180000,182500
1,70,182500,185000
1,70,192500,195000
1,70,195000,197500
1,70,197500,200000
1,70,200000,202500
1,70,207500,210000
1,70,210000,212500
1,70,212500,215000
1,70,215000,217500
1,70,217500,220000
1,70,220000,222500
1,70,230000,232500
1,70,232500,235000
1,70,235000,237500
1,70,237500,240000
1,70,247500,250000
1,70,250000,252500
1,70,275000,277500
1,70,282500,285000
1,70,290000,292500
1,70,292500,295000
1,70,305000,307500
1,70,307500,310000
1,70,310000,312500
1,70,312500,315000
1,70,315000,317500
1,70,317500,320000
1,70,365000,367500
1,70,367500,370000
1,70,370000,372500
1,70,372500,375000
1,70,375000,377500
1,70,377500,380000
1,70,382500,385000
1,70,385000,387500
1,70,387500,390000
1,70,390000,392500
1,70,407500,410000
1,70,410000,412500
1,70,412500,415000
1,70,430000,432500
1,70,450000,452500
1,70,452500,455000
1,70,455000,457500
1,70,457500,460000
1,70,460000,462500
1,70,462500,465000
1,70,465000,467500
1,70,467500,470000
1,70,470000,472500
1,70,475000,477500
1,70,477500,480000
1,70,480000,482500
1,70,497500,500000
1,70,500000,502500
1,70,502500,505000
1,70,505000,507500
1,70,507500,510000
1,70,510000,512500
1,70,512500,515000
1,70,522500,525000
1,70,527500,530000
1,70,530000,532500
1,70,545000,547500
1,70,547500,550000
1,70,550000,552500
1,70,552500,555000
1,70,555000,557500
1,70,557500,560000
1,70,562500,565000
1,70,577500,580000
1,70,582500,585000
1,70,585000,587500
1,70,587500,590000
1,70,590000,592500
1,70,592500,595000
1,70,610000,612500
1,70,652500,655000
1,70,655000,657500
1,70,657500,660000
1,70,660000,662500
1,70,662500,665000
1,70,665000,667500
1,70,690000,692500
1,70,692500,695000
1,70,695000,697500
1,70,707500,710000
1,70,710000,712500
1,70,712500,715000
1,70,715000,717500
1,70,717500,720000
1,70,722500,725000
1,70,727500,730000
1,70,730000,732500
1,70,732500,735000
1,70,747500,750000
1,70,750000,752500
1,70,755000,757500
1,70,760000,762500
1,70,767500,770000
1,70,770000,772500
1,70,772500,775000
1,70,782500,785000
1,70,785000,787500
1,70,787500,790000
1,70,790000,792500
1,70,795000,797500
1,70,797500,800000
1,70,800000,802500
1,70,802500,805000
1,70,805000,807500
1,70,807500,810000
1,70,810000,812500
1,70,812500,815000
1,70,820000,822500
1,70,822500,825000
1,70,825000,827500
1,70,827500,830000
1,70,832500,835000
1,70,847500,850000
1,70,850000,852500
1,70,852500,855000
1,70,855000,857500
1,70,857500,860000
1,70,860000,862500
1,70,862500,865000
1,70,867500,870000
1,70,870000,872500
1,70,875000,877500
1,70,877500,880000
1,70,880000,882500
1,70,892500,895000
1,70,895000,897500
1,70,897500,900000
1,70,905000,907500
1,70,907500,910000
1,70,912500,915000
1,70,917500,920000
1,70,920000,922500
1,70,922500,925000
1,70,935000,937500
1,70,952500,955000
1,70,955000,957500
1,70,995000,997500
1,70,997500,1000000
1,70,1000000,1002500
1,70,1015000,1017500
1,70,1017500,1020000
1,70,1030000,1032500
1,70,1035000,1037500
1,70,1042500,1045000
1,70,1045000,1047500
1,70,1047500,1050000
1,70,1055000,1057500
1,70,1057500,1060000
2,70,287500,290000
2,70,290000,292500
2,70,292500,295000
2,70,297500,300000
2,70,300000,302500
2,70,302500,305000
2,70,305000,307500
2,70,307500,310000
2,70,537500,540000
2,70,540000,542500
2,70,542500,545000
2,70,545000,547500
2,70,547500,550000
2,70,707500,710000
2,70,710000,712500
2,70,725000,727500
2,70,897500,900000
3,70,285000,287500
3,70,287500,290000
3,70,290000,292500
3,70,295000,297500
3,70,297500,300000
3,70,300000,302500
3,70,302500,305000
3,70,305000,307500
3,70,535000,537500
3,70,540000,542500
3,70,542500,545000
3,70,545000,547500
3,70,705000,707500
3,70,707500,710000
3,70,722500,725000
3,70,895000,897500
4,70,237500,240000
4,70,240000,242500
4,70,287500,290000
4,70,382500,385000
4,70,645000,647500
4,70,875000,877500
4,70,885000,887500
4,70,892500,895000
5,70,235000,237500
5,70,237500,240000
5,70,285000,287500
5,70,642500,645000
5,70,872500,875000
5,70,882500,885000
5,70,890000,892500
5,70,1057500,1060000
0,71,0,2500
0,71,2500,5000
0,71,5000,7500
0,71,7500,10000
0,71,10000,12500
0,71,12500,15000
0,71,15000,17500
0,71,17500,20000
0,71,20000,22500
0,71,22500,25000
0,71,25000,27500
0,71,27500,30000
0,71,30000,32500
0,71,32500,35000
0,71,35000,37500
0,71,37500,40000
0,71,40000,42500
0,71,42500,45000
0,71,45000,47500
0,71,47500,50000
0,71,50000,52500
0,71,52500,55000
0,71,57500,60000
0,71,60000,62500
0,71,62500,65000
0,71,65000,67500
0,71,67500,70000
0,71,70000,72500
0,71,72500,75000
0,71,75000,77500
0,71,77500,80000
0,71,80000,82500
0,71,85000,87500
0,71,87500,90000
0,71,90000,92500
0,71,92500,95000
0,71,95000,97500
0,71,97500,100000
0,71,100000,102500
0,71,102500,105000
0,71,105000,107500
0,71,107500,110000
0,71,110000,112500
0,71,112500,115000
0,71,115000,117500
0,71,117500,120000
0,71,120000,122500
0,71,122500,125000
0,71,125000,127500
0,71,127500,130000
0,71,137500,140000
0,71,140000,142500
0,71,142500,145000
0,71,147500,150000
0,71,150000,152500
0,71,152500,155000
0,71,155000,157500
0,71,157500,160000
0,71,160000,162500
0,71,162500,165000
0,71,165000,167500
0,71,167500,170000
0,71,172500,175000
0,71,175000,177500
0,71,177500,180000
0,71,182500,185000
0,71,185000,187500
0,71,187500,190000
0,71,190000,192500
0,71,192500,195000
0,71,195000,197500
0,71,197500,200000
0,71,200000,202500
0,71,202500,205000
0,71,205000,207500
0,71,207500,210000
0,71,210000,212500
0,71,212500,215000
0,71,215000,217500
0,71,217500,220000
0,71,220000,222500
0,71,222500,225000
0,71,225000,227500
0,71,227500,230000
0,71,235000,237500
0,71,242500,245000
0,71,245000,247500
0,71,250000,252500
0,71,252500,255000
0,71,267500,270000
0,71,277500,280000
0,71,287500,290000
0,71,290000,292500
0,71,292500,295000
0,71,295000,297500
0,71,297500,300000
0,71,300000,302500
0,71,302500,305000
0,71,305000,307500
0,71,307500,310000
0,71,320000,322500
0,71,322500,325000
0,71,325000,327500
0,71,327500,330000
0,71,330000,332500
0,71,357500,360000
0,71,360000,362500
0,71,362500,365000
0,71,365000,367500
0,71,377500,380000
0,71,380000,382500
0,71,382500,385000
0,71,385000,387500
0,71,387500,390000
0,71,390000,392500
0,71,392500,395000
0,71,395000,397500
0,71,397500,400000
0,71,400000,402500
0,71,402500,405000
0,71,405000,407500
0,71,412500,415000
0,71,415000,417500
0,71,417500,420000
0,71,420000,422500
0,71,422500,425000
0,71,427500,430000
0,71,430000,432500
0,71,432500,435000
0,71,435000,437500
0,71,447500,450000
0,71,450000,452500
0,71,452500,455000
0,71,455000,457500
0,71,457500,460000
0,71,460000,462500
0,71,462500,465000
0,71,465000,467500
0,71,467500,470000
0,71,470000,472500
0,71,475000,477500
0,71,477500,480000
0,71,480000,482500
0,71,482500,485000
0,71,485000,487500
0,71,497500,500000
0,71,500000,502500
0,71,502500,505000
0,71,505000,507500
0,71,507500,510000
0,71,510000,512500
0,71,512500,515000
0,71,515000,517500
0,71,520000,522500
0,71,522500,525000
0,71,525000,527500
0,71,530000,532500
0,71,532500,535000
0,71,535000,537500
0,71,537500,540000
0,71,540000,542500
0,71,542500,545000
0,71,545000,547500
0,71,547500,550000
0,71,550000,552500
0,71,552500,555000
0,71,560000,562500
0,71,562500,565000
0,71,565000,567500
0,71,570000,572500
0,71,572500,575000
0,71,577500,580000
0,71,580000,582500
0,71,582500,585000
0,71,585000,587500
0,71,587500,590000
0,71,590000,592500
0,71,592500,595000
0,71,595000,597500
0,71,612500,615000
0,71,617500,620000
0,71,620000,622500
0,71,622500,625000
0,71,632500,635000
0,71,635000,637500
0,71,637500,640000
0,71,640000,642500
0,71,642500,645000
0,71,645000,647500
0,71,647500,650000
0,71,650000,652500
0,71,652500,655000
0,71,655000,657500
0,71,657500,660000
0,71,660000,662500
0,71,662500,665000
0,71,665000,667500
0,71,667500,670000
0,71,670000,672500
0,71,672500,675000
0,71,675000,677500
0,71,677500,680000
0,71,680000,682500
0,71,682500,685000
0,71,692500,695000
0,71,695000,697500
0,71,700000,702500
0,71,702500,705000
0,71,705000,707500
0,71,707500,710000
0,71,712500,715000
0,71,715000,717500
0,71,717500,720000
0,71,720000,722500
0,71,722500,725000
0,71,727500,730000
0,71,737500,740000
0,71,742500,745000
0,71,745000,747500
0,71,747500,750000
0,71,750000,752500
0,71,752500,755000
0,71,755000,757500
0,71,757500,760000
0,71,760000,762500
0,71,762500,765000
0,71,765000,767500
0,71,767500,770000
0,71,770000,772500
0,71,772500,775000
0,71,775000,777500
0,71,777500,780000
0,71,780000,782500
0,71,782500,785000
0,71,785000,787500
0,71,792500,795000
0,71,795000,797500
0,71,797500,800000
0,71,800000,802500
0,71,802500,805000
0,71,805000,807500
0,71,807500,810000
0,71,810000,812500
0,71,812500,815000
0,71,815000,817500
0,71,817500,820000
0,71,820000,822500
0,71,822500,825000
0,71,825000,827500
0,71,827500,830000
0,71,830000,832500
0,71,832500,835000
0,71,835000,837500
0,71,837500,840000
0,71,840000,842500
0,71,842500,845000
0,71,852500,855000
0,71,860000,862500
0,71,865000,867500
0,71,867500,870000
0,71,875000,877500
0,71,877500,880000
0,71,880000,882500
0,71,882500,885000
0,71,887500,890000
0,71,890000,892500
0,71,892500,895000
0,71,895000,897500
0,71,897500,900000
0,71,900000,902500
0,71,907500,910000
0,71,910000,912500
0,71,912500,915000
0,71,915000,917500
0,71,917500,920000
0,71,922500,925000
0,71,925000,927500
0,71,927500,930000
0,71,930000,932500
0,71,932500,935000
0,71,935000,937500
0,71,957500,960000
0,71,960000,962500
0,71,965000,967500
0,71,970000,972500
0,71,1002500,1005000
0,71,1005000,1007500
0,71,1010000,1012500
0,71,1012500,1015000
0,71,1015000,1017500
0,71,1017500,1020000
0,71,1020000,1022500
0,71,1022500,1025000
0,71,1025000,1027500
0,71,1027500,1030000
0,71,1030000,1032500
0,71,1032500,1035000
0,71,1035000,1037500
0,71,1037500,1040000
0,71,1040000,1042500
0,71,1042500,1045000
0,71,1045000,1047500
0,71,1047500,1050000
0,71,1055000,1057500
0,71,1057500,1060000
1,71,0,2500
1,71,2500,5000
1,71,5000,7500
1,71,7500,10000
1,71,10000,12500
1,71,12500,15000
1,71,15000,17500
1,71,17500,20000
1,71,20000,22500
1,71,22500,25000
1,71,25000,27500
1,71,27500,30000
1,71,30000,32500
1,71,32500,35000
1,71,35000,37500
1,71,37500,40000
1,71,40000,42500
1,71,42500,45000
1,71,45000,47500
1,71,47500,50000
1,71,50000,52500
1,71,55000,57500
1,71,57500,60000
1,71,60000,62500
1,71,62500,65000
1,71,65000,67500
1,71,67500,70000
1,71,70000,72500
1,71,72500,75000
1,71,75000,77500
1,71,77500,80000
1,71,82500,85000
1,71,85000,87500
1,71,87500,90000
1,71,90000,92500
1,71,92500,95000
1,71,95000,97500
1,71,97500,100000
1,71,100000,102500
1,71,102500,105000
1,71,105000,107500
1,71,107500,110000
1,71,110000,112500
1,71,112500,115000
1,71,115000,117500
1,71,117500,120000
1,71,120000,122500
1,71,122500,125000
1,71,125000,127500
1,71,135000,137500
1,71,137500,140000
1,71,140000,142500
1,71,145000,147500
1,71,147500,150000
1,71,150000,152500
1,71,152500,155000
1,71,155000,157500
1,71,157500,160000
1,71,160000,162500
1,71,162500,165000
1,71,165000,167500
1,71,170000,172500
1,71,172500,175000
1,71,175000,177500
1,71,177500,180000
1,71,180000,182500
1,71,185000,187500
1,71,187500,190000
1,71,190000,192500
1,71,192500,195000
1,71,195000,197500
1,71,197500,200000
1,71,200000,202500
1,71,202500,205000
1,71,205000,207500
1,71,207500,210000
1,71,210000,212500
1,71,212500,215000
1,71,215000,217500
1,71,217500,220000
1,71,220000,222500
1,71,222500,225000
1,71,225000,227500
1,71,232500,235000
1,71,240000,242500
1,71,242500,245000
1,71,245000,247500
1,71,247500,250000
1,71,265000,267500
1,71,275000,277500
1,71,285000,287500
1,71,287500,290000
1,71,290000,292500
1,71,292500,295000
1,71,295000,297500
1,71,297500,300000
1,71,300000,302500
1,71,302500,305000
1,71,305000,307500
1,71,317500,320000
1,71,320000,322500
1,71,322500,325000
1,71,325000,327500
1,71,327500,330000
1,71,355000,357500
1,71,360000,362500
1,71,362500,365000
1,71,375000,377500
1,71,377500,380000
1,71,380000,382500
1,71,382500,385000
1,71,385000,387500
1,71,387500,390000
1,71,390000,392500
1,71,392500,395000
1,71,395000,397500
1,71,397500,400000
1,71,400000,402500
1,71,402500,405000
1,71,405000,407500
1,71,407500,410000
1,71,415000,417500
1,71,417500,420000
1,71,420000,422500
1,71,425000,427500
1,71,427500,430000
1,71,430000,432500
1,71,432500,435000
1,71,445000,447500
1,71,447500,450000
1,71,450000,452500
1,71,452500,455000
1,71,455000,457500
1,71,457500,460000
1,71,460000,462500
1,71,462500,465000
1,71,465000,467500
1,71,467500,470000
1,71,472500,475000
1,71,475000,477500
1,71,477500,480000
1,71,480000,482500
1,71,482500,485000
1,71,495000,497500
1,71,497500,500000
1,71,500000,502500
1,71,502500,505000
1,71,505000,507500
1,71,507500,510000
1,71,510000,512500
1,71,512500,515000
1,71,517500,520000
1,71,520000,522500
1,71,522500,525000
1,71,527500,530000
1,71,530000,532500
1,71,532500,535000
1,71,535000,537500
1,71,537500,540000
1,71,540000,542500
1,71,542500,545000
1,71,545000,547500
1,71,547500,550000
1,71,550000,552500
1,71,557500,560000
1,71,560000,562500
1,71,562500,565000
1,71,567500,570000
1,71,570000,572500
1,71,575000,577500
1,71,577500,580000
1,71,580000,582500
1,71,582500,585000
1,71,585000,587500
1,71,587500,590000
1,71,590000,592500
1,71,592500,595000
1,71,610000,612500
1,71,615000,617500
1,71,617500,620000
1,71,620000,622500
1,71,630000,632500
1,71,632500,635000
1,71,635000,637500
1,71,637500,640000
1,71,640000,642500
1,71,642500,645000
1,71,645000,647500
1,71,647500,650000
1,71,650000,652500
1,71,652500,655000
1,71,655000,657500
1,71,657500,660000
1,71,660000,662500
1,71,662500,665000
1,71,665000,667500
1,71,667500,670000
1,71,670000,672500
1,71,672500,675000
1,71,675000,677500
1,71,677500,680000
1,71,680000,682500
1,71,690000,692500
1,71,692500,695000
1,71,695000,697500
1,71,697500,700000
1,71,702500,705000
1,71,705000,707500
1,71,707500,710000
1,71,710000,712500
1,71,715000,717500
1,71,717500,720000
1,71,720000,722500
1,71,725000,727500
1,71,735000,737500
1,71,740000,742500
1,71,742500,745000
1,71,745000,747500
1,71,747500,750000
1,71,750000,752500
1,71,752500,755000
1,71,755000,757500
1,71,757500,760000
1,71,760000,762500
1,71,762500,765000
1,71,765000,767500
1,71,767500,770000
1,71,770000,772500
1,71,772500,775000
1,71,775000,777500
1,71,777500,780000
1,71,780000,782500
1,71,782500,785000
1,71,785000,787500
1,71,792500,795000
1,71,795000,797500
1,71,797500,800000
1,71,800000,802500
1,71,802500,805000
1,71,805000,807500
1,71,807500,810000
1,71,810000,812500
1,71,812500,815000
1,71,815000,817500
1,71,817500,820000
1,71,820000,822500
1,71,822500,825000
1,71,825000,827500
1,71,827500,830000
1,71,830000,832500
1,71,832500,835000
1,71,835000,837500
1,71,837500,840000
1,71,840000,842500
1,71,850000,852500
1,71,857500,860000
1,71,862500,865000
1,71,865000,867500
1,71,875000,877500
1,71,877500,880000
1,71,880000,882500
1,71,885000,887500
1,71,887500,890000
1,71,890000,892500
1,71,892500,895000
1,71,895000,897500
1,71,897500,900000
1,71,905000,907500
1,71,907500,910000
1,71,910000,912500
1,71,912500,915000
1,71,915000,917500
1,71,920000,922500
1,71,922500,925000
1,71,925000,927500
1,71,927500,930000
1,71,930000,932500
1,71,932500,935000
1,71,935000,937500
1,71,957500,960000
1,71,962500,965000
1,71,967500,970000
1,71,1002500,1005000
1,71,1005000,1007500
1,71,1007500,1010000
1,71,1012500,1015000
1,71,1015000,1017500
1,71,1017500,1020000
1,71,1020000,1022500
1,71,1022500,1025000
1,71,1025000,1027500
1,71,1027500,1030000
1,71,1030000,1032500
1,71,1032500,1035000
1,71,1035000,1037500
1,71,1037500,1040000
1,71,1040000,1042500
1,71,1042500,1045000
1,71,1045000,1047500
1,71,1047500,1050000
1,71,1050000,1052500
1,71,1057500,1060000
2,71,95000,97500
2,71,130000,132500
2,71,197500,200000
2,71,217500,220000
2,71,230000,232500
2,71,232500,235000
2,71,235000,237500
2,71,237500,240000
2,71,240000,242500
2,71,267500,270000
2,71,270000,272500
2,71,272500,275000
2,71,275000,277500
2,71,280000,282500
2,71,295000,297500
2,71,297500,300000
2,71,302500,305000
2,71,305000,307500
2,71,307500,310000
2,71,357500,360000
2,71,360000,362500
2,71,362500,365000
2,71,365000,367500
2,71,367500,370000
2,71,390000,392500
2,71,392500,395000
2,71,395000,397500
2,71,397500,400000
2,71,400000,402500
2,71,472500,475000
2,71,487500,490000
2,71,490000,492500
2,71,492500,495000
2,71,495000,497500
2,71,497500,500000
2,71,555000,557500
2,71,557500,560000
2,71,560000,562500
2,71,577500,580000
2,71,582500,585000
2,71,597500,600000
2,71,600000,602500
2,71,602500,605000
2,71,607500,610000
2,71,610000,612500
2,71,632500,635000
2,71,635000,637500
2,71,637500,640000
2,71,642500,645000
2,71,717500,720000
2,71,720000,722500
2,71,765000,767500
2,71,780000,782500
2,71,782500,785000
2,71,882500,885000
2,71,885000,887500
2,71,887500,890000
2,71,890000,892500
2,71,895000,897500
3,71,92500,95000
3,71,127500,130000
3,71,195000,197500
3,71,215000,217500
3,71,227500,230000
3,71,230000,232500
3,71,232500,235000
3,71,235000,237500
3,71,237500,240000
3,71,265000,267500
3,71,267500,270000
3,71,270000,272500
3,71,272500,275000
3,71,277500,280000
3,71,292500,295000
3,71,295000,297500
3,71,300000,302500
3,71,302500,305000
3,71,305000,307500
3,71,355000,357500
3,71,360000,362500
3,71,362500,365000
3,71,365000,367500
3,71,387500,390000
3,71,390000,392500
3,71,392500,395000
3,71,395000,397500
3,71,397500,400000
3,71,470000,472500
3,71,485000,487500
3,71,487500,490000
3,71,490000,492500
3,71,492500,495000
3,71,495000,497500
3,71,552500,555000
3,71,555000,557500
3,71,557500,560000
3,71,575000,577500
3,71,580000,582500
3,71,595000,597500
3,71,597500,600000
3,71,600000,602500
3,71,602500,605000
3,71,605000,607500
3,71,630000,632500
3,71,632500,635000
3,71,635000,637500
3,71,640000,642500
3,71,715000,717500
3,71,717500,720000
3,71,762500,765000
3,71,777500,780000
3,71,780000,782500
3,71,785000,787500
3,71,880000,882500
3,71,882500,885000
3,71,885000,887500
3,71,887500,890000
3,71,892500,895000
3,71,1057500,1060000
4,71,240000,242500
4,71,565000,567500
4,71,600000,602500
4,71,602500,605000
4,71,610000,612500
4,71,725000,727500
4,71,782500,785000
4,71,785000,787500
4,71,790000,792500
4,71,820000,822500
4,71,827500,830000
4,71,845000,847500
4,71,855000,857500
4,71,872500,875000
4,71,917500,920000
4,71,920000,922500
4,71,932500,935000
4,71,935000,937500
4,71,967500,970000
4,71,970000,972500
5,71,237500,240000
5,71,562500,565000
5,71,597500,600000
5,71,600000,602500
5,71,602500,605000
5,71,722500,725000
5,71,780000,782500
5,71,782500,785000
5,71,785000,787500
5,71,787500,790000
5,71,817500,820000
5,71,825000,827500
5,71,842500,845000
5,71,852500,855000
5,71,867500,870000
5,71,870000,872500
5,71,915000,917500
5,71,917500,920000
5,71,930000,932500
5,71,932500,935000
5,71,937500,940000
5,71,960000,962500
5,71,967500,970000
5,71,970000,972500
5,71,972500,975000
0,72,0,2500
0,72,5000,7500
0,72,7500,10000
0,72,10000,12500
0,72,12500,15000
0,72,15000,17500
0,72,17500,20000
0,72,20000,22500
0,72,22500,25000
0,72,25000,27500
0,72,27500,30000
0,72,30000,32500
0,72,32500,35000
0,72,35000,37500
0,72,37500,40000
0,72,40000,42500
0,72,42500,45000
0,72,45000,47500
0,72,47500,50000
0,72,50000,52500
0,72,52500,55000
0,72,55000,57500
0,72,57500,60000
0,72,60000,62500
0,72,62500,65000
0,72,65000,67500
0,72,67500,70000
0,72,75000,77500
0,72,77500,80000
0,72,80000,82500
0,72,90000,92500
0,72,92500,95000
0,72,95000,97500
0,72,97500,100000
0,72,100000,102500
0,72,102500,105000
0,72,105000,107500
0,72,107500,110000
0,72,110000,112500
0,72,112500,115000
0,72,115000,117500
0,72,117500,120000
0,72,120000,122500
0,72,122500,125000
0,72,125000,127500
0,72,127500,130000
0,72,130000,132500
0,72,132500,135000
0,72,135000,137500
0,72,137500,140000
0,72,140000,142500
0,72,142500,145000
0,72,145000,147500
0,72,147500,150000
0,72,152500,155000
0,72,155000,157500
0,72,157500,160000
0,72,160000,162500
0,72,165000,167500
0,72,172500,175000
0,72,175000,177500
0,72,177500,180000
0,72,180000,182500
0,72,182500,185000
0,72,185000,187500
0,72,187500,190000
0,72,190000,192500
0,72,192500,195000
0,72,195000,197500
0,72,197500,200000
0,72,200000,202500
0,72,202500,205000
0,72,205000,207500
0,72,207500,210000
0,72,210000,212500
0,72,212500,215000
0,72,215000,217500
0,72,217500,220000
0,72,225000,227500
0,72,227500,230000
0,72,230000,232500
0,72,232500,235000
0,72,235000,237500
0,72,237500,240000
0,72,240000,242500
0,72,242500,245000
0,72,245000,247500
0,72,247500,250000
0,72,250000,252500
0,72,252500,255000
0,72,255000,257500
0,72,257500,260000
0,72,260000,262500
0,72,262500,265000
0,72,265000,267500
0,72,267500,270000
0,72,270000,272500
0,72,272500,275000
0,72,275000,277500
0,72,277500,280000
0,72,282500,285000
0,72,285000,287500
0,72,287500,290000
0,72,290000,292500
0,72,292500,295000
0,72,295000,297500
0,72,305000,307500
0,72,307500,310000
0,72,310000,312500
0,72,322500,325000
0,72,330000,332500
0,72,337500,340000
0,72,340000,342500
0,72,342500,345000
0,72,345000,347500
0,72,347500,350000
0,72,350000,352500
0,72,357500,360000
0,72,360000,362500
0,72,362500,365000
0,72,365000,367500
0,72,367500,370000
0,72,370000,372500
0,72,372500,375000
0,72,375000,377500
0,72,377500,380000
0,72,382500,385000
0,72,385000,387500
0,72,387500,390000
0,72,390000,392500
0,72,392500,395000
0,72,395000,397500
0,72,397500,400000
0,72,400000,402500
0,72,402500,405000
0,72,405000,407500
0,72,407500,410000
0,72,410000,412500
0,72,412500,415000
0,72,415000,417500
0,72,417500,420000
0,72,420000,422500
0,72,422500,425000
0,72,425000,427500
0,72,427500,430000
0,72,430000,432500
0,72,432500,435000
0,72,435000,437500
0,72,437500,440000
0,72,440000,442500
0,72,442500,445000
0,72,445000,447500
0,72,447500,450000
0,72,450000,452500
0,72,452500,455000
0,72,455000,457500
0,72,457500,460000
0,72,460000,462500
0,72,462500,465000
0,72,465000,467500
1,72,2500,5000
1,72,5000,7500
1,72,7500,10000
1,72,10000,12500
1,72,12500,15000
1,72,15000,17500
1,72,17500,20000
1,72,20000,22500
1,72,22500,25000
1,72,25000,27500
1,72,27500,30000
1,72,30000,32500
1,72,32500,35000
1,72,35000,37500
1,72,37500,40000
1,72,40000,42500
1,72,42500,45000
1,72,45000,47500
1,72,47500,50000
1,72,50000,52500
1,72,52500,55000
1,72,55000,57500
1,72,57500,60000
1,72,60000,62500
1,72,62500,65000
1,72,65000,67500
1,72,72500,75000
1,72,75000,77500
1,72,77500,80000
1,72,87500,90000
1,72,90000,92500
1,72,92500,95000
1,72,95000,97500
1,72,97500,100000
1,72,100000,102500
1,72,102500,105000
1,72,105000,107500
1,72,107500,110000
1,72,110000,112500
1,72,112500,115000
1,72,115000,117500
1,72,117500,120000
1,72,120000,122500
1,72,122500,125000
1,72,125000,127500
1,72,127500,130000
1,72,130000,132500
1,72,132500,135000
1,72,135000,137500
1,72,137500,140000
1,72,140000,142500
1,72,142500,145000
1,72,145000,147500
1,72,147500,150000
1,72,150000,152500
1,72,155000,157500
1,72,157500,160000
1,72,160000,162500
1,72,162500,165000
1,72,167500,170000
1,72,175000,177500
1,72,177500,180000
1,72,180000,182500
1,72,182500,185000
1,72,185000,187500
1,72,187500,190000
1,72,190000,192500
1,72,192500,195000
1,72,195000,197500
1,72,197500,200000
1,72,200000,202500
1,72,202500,205000
1,72,205000,207500
1,72,207500,210000
1,72,210000,212500
1,72,212500,215000
1,72,215000,217500
1,72,222500,225000
1,72,225000,227500
1,72,227500,230000
1,72,230000,232500
1,72,232500,235000
1,72,235000,237500
1,72,237500,240000
1,72,240000,242500
1,72,242500,245000
1,72,245000,247500
1,72,247500,250000
1,72,250000,252500
1,72,252500,255000
1,72,255000,257500
1,72,257500,260000
1,72,260000,262500
1,72,262500,265000
1,72,265000,267500
1,72,267500,270000
1,72,270000,272500
1,72,272500,275000
1,72,275000,277500
1,72,280000,282500
1,72,282500,285000
1,72,285000,287500
1,72,287500,290000
1,72,290000,292500
1,72,292500,295000
1,72,302500,305000
1,72,305000,307500
1,72,307500,310000
1,72,320000,322500
1,72,327500,330000
1,72,335000,337500
1,72,337500,340000
1,72,340000,342500
1,72,342500,345000
1,72,345000,347500
1,72,347500,350000
1,72,355000,357500
1,72,357500,360000
1,72,360000,362500
1,72,362500,365000
1,72,365000,367500
1,72,367500,370000
1,72,370000,372500
1,72,372500,375000
1,72,375000,377500
1,72,380000,382500
1,72,382500,385000
1,72,385000,387500
1,72,387500,390000
1,72,390000,392500
1,72,392500,395000
1,72,395000,397500
1,72,397500,400000
1,72,400000,402500
1,72,402500,405000
1,72,405000,407500
1,72,407500,410000
1,72,410000,412500
1,72,412500,415000
1,72,415000,417500
1,72,417500,420000
1,72,420000,422500
1,72,422500,425000
1,72,425000,427500
1,72,427500,430000
1,72,430000,432500
1,72,432500,435000
1,72,435000,437500
1,72,437500,440000
1,72,440000,442500
1,72,442500,445000
1,72,445000,447500
1,72,447500,450000
1,72,450000,452500
1,72,452500,455000
1,72,455000,457500
1,72,457500,460000
1,72,460000,462500
1,72,462500,465000
1,72,465000,467500
2,72,172500,175000
2,72,197500,200000
2,72,217500,220000
2,72,220000,222500
2,72,427500,430000
3,72,195000,197500
3,72,215000,217500
3,72,217500,220000
3,72,425000,427500
4,72,260000,262500
5,72,257500,260000
0,73,57500,60000
0,73,60000,62500
0,73,127500,130000
0,73,135000,137500
0,73,140000,142500
0,73,165000,167500
0,73,170000,172500
0,73,220000,222500
0,73,222500,225000
0,73,277500,280000
0,73,280000,282500
0,73,332500,335000
0,73,367500,370000
0,73,370000,372500
0,73,447500,450000
1,73,55000,57500
1,73,57500,60000
1,73,105000,107500
1,73,125000,127500
1,73,127500,130000
1,73,137500,140000
1,73,155000,157500
1,73,157500,160000
1,73,167500,170000
1,73,217500,220000
1,73,330000,332500
1,73,365000,367500
1,73,367500,370000
1,73,445000,447500
2,73,0,2500
2,73,5000,7500
2,73,7500,10000
2,73,10000,12500
2,73,12500,15000
2,73,15000,17500
2,73,22500,25000
2,73,32500,35000
2,73,47500,50000
2,73,95000,97500
2,73,110000,112500
2,73,125000,127500
2,73,152500,155000
2,73,175000,177500
2,73,180000,182500
2,73,195000,197500
2,73,197500,200000
2,73,215000,217500
2,73,220000,222500
2,73,230000,232500
2,73,232500,235000
2,73,237500,240000
2,73,302500,305000
2,73,312500,315000
2,73,322500,325000
2,73,325000,327500
2,73,330000,332500
2,73,350000,352500
2,73,352500,355000
2,73,427500,430000
2,73,430000,432500
3,73,0,2500
3,73,2500,5000
3,73,7500,10000
3,73,10000,12500
3,73,12500,15000
3,73,20000,22500
3,73,27500,30000
3,73,30000,32500
3,73,45000,47500
3,73,67500,70000
3,73,92500,95000
3,73,105000,107500
3,73,107500,110000
3,73,122500,125000
3,73,150000,152500
3,73,170000,172500
3,73,172500,175000
3,73,177500,180000
3,73,192500,195000
3,73,195000,197500
3,73,212500,215000
3,73,215000,217500
3,73,217500,220000
3,73,227500,230000
3,73,230000,232500
3,73,232500,235000
3,73,235000,237500
3,73,300000,302500
3,73,310000,312500
3,73,320000,322500
3,73,327500,330000
3,73,347500,350000
3,73,350000,352500
3,73,425000,427500
3,73,427500,430000
4,73,5000,7500
4,73,7500,10000
4,73,17500,20000
4,73,20000,22500
4,73,22500,25000
4,73,32500,35000
4,73,42500,45000
4,73,47500,50000
4,73,52500,55000
4,73,55000,57500
4,73,57500,60000
4,73,60000,62500
4,73,75000,77500
4,73,77500,80000
4,73,87500,90000
4,73,95000,97500
4,73,110000,112500
4,73,117500,120000
4,73,140000,142500
4,73,142500,145000
4,73,152500,155000
4,73,165000,167500
4,73,222500,225000
4,73,250000,252500
4,73,255000,257500
4,73,260000,262500
4,73,265000,267500
4,73,292500,295000
4,73,295000,297500
4,73,297500,300000
4,73,300000,302500
4,73,312500,315000
4,73,322500,325000
4,73,325000,327500
4,73,330000,332500
4,73,332500,335000
4,73,335000,337500
4,73,342500,345000
4,73,352500,355000
4,73,355000,357500
4,73,357500,360000
4,73,360000,362500
4,73,362500,365000
4,73,375000,377500
4,73,377500,380000
4,73,380000,382500
4,73,395000,397500
4,73,417500,420000
4,73,430000,432500
4,73,452500,455000
4,73,455000,457500
5,73,2500,5000
5,73,15000,17500
5,73,17500,20000
5,73,20000,22500
5,73,27500,30000
5,73,30000,32500
5,73,40000,42500
5,73,45000,47500
5,73,50000,52500
5,73,55000,57500
5,73,57500,60000
5,73,65000,67500
5,73,67500,70000
5,73,75000,77500
5,73,80000,82500
5,73,90000,92500
5,73,92500,95000
5,73,105000,107500
5,73,107500,110000
5,73,112500,115000
5,73,137500,140000
5,73,150000,152500
5,73,247500,250000
5,73,252500,255000
5,73,255000,257500
5,73,257500,260000
5,73,262500,265000
5,73,265000,267500
5,73,272500,275000
5,73,280000,282500
5,73,282500,285000
5,73,292500,295000
5,73,295000,297500
5,73,297500,300000
5,73,310000,312500
5,73,317500,320000
5,73,320000,322500
5,73,327500,330000
5,73,330000,332500
5,73,332500,335000
5,73,340000,342500
5,73,350000,352500
5,73,352500,355000
5,73,355000,357500
5,73,357500,360000
5,73,360000,362500
5,73,372500,375000
5,73,375000,377500
5,73,377500,380000
5,73,392500,395000
5,73,415000,417500
5,73,427500,430000
5,73,450000,452500
5,73,452500,455000
5,73,465000,467500
0,74,45000,47500
0,74,50000,52500
1,74,42500,45000
1,74,47500,50000
2,74,172500,175000
2,74,175000,177500
2,74,195000,197500
2,74,197500,200000
2,74,217500,220000
2,74,220000,222500
2,74,232500,235000
2,74,235000,237500
2,74,427500,430000
3,74,170000,172500
3,74,172500,175000
3,74,192500,195000
3,74,195000,197500
3,74,215000,217500
3,74,217500,220000
3,74,230000,232500
3,74,232500,235000
3,74,425000,427500
4,74,2500,5000
4,74,67500,70000
4,74,70000,72500
4,74,107500,110000
4,74,110000,112500
4,74,115000,117500
4,74,117500,120000
4,74,142500,145000
4,74,152500,155000
4,74,175000,177500
4,74,197500,200000
4,74,200000,202500
4,74,230000,232500
4,74,232500,235000
4,74,325000,327500
4,74,335000,337500
4,74,337500,340000
4,74,365000,367500
4,74,375000,377500
4,74,417500,420000
4,74,455000,457500
5,74,0,2500
5,74,65000,67500
5,74,67500,70000
5,74,105000,107500
5,74,107500,110000
5,74,112500,115000
5,74,115000,117500
5,74,140000,142500
5,74,150000,152500
5,74,172500,175000
5,74,195000,197500
5,74,197500,200000
5,74,227500,230000
5,74,230000,232500
5,74,322500,325000
5,74,332500,335000
5,74,335000,337500
5,74,372500,375000
5,74,415000,417500
0,75,0,2500
0,75,2500,5000
0,75,5000,7500
0,75,7500,10000
0,75,10000,12500
0,75,12500,15000
0,75,15000,17500
0,75,17500,20000
0,75,20000,22500
0,75,22500,25000
0,75,25000,27500
0,75,27500,30000
0,75,30000,32500
0,75,32500,35000
0,75,35000,37500
0,75,37500,40000
0,75,40000,42500
0,75,42500,45000
0,75,45000,47500
0,75,47500,50000
0,75,50000,52500
0,75,52500,55000
0,75,55000,57500
0,75,57500,60000
0,75,60000,62500
0,75,65000,67500
0,75,67500,70000
0,75,72500,75000
0,75,75000,77500
0,75,77500,80000
0,75,80000,82500
0,75,82500,85000
0,75,85000,87500
0,75,87500,90000
0,75,90000,92500
0,75,92500,95000
0,75,95000,97500
0,75,97500,100000
0,75,100000,102500
0,75,102500,105000
0,75,105000,107500
0,75,107500,110000
0,75,110000,112500
0,75,112500,115000
0,75,115000,117500
0,75,117500,120000
0,75,120000,122500
0,75,122500,125000
0,75,125000,127500
0,75,127500,130000
0,75,130000,132500
0,75,132500,135000
0,75,135000,137500
0,75,137500,140000
0,75,140000,142500
0,75,142500,145000
0,75,145000,147500
0,75,147500,150000
0,75,150000,152500
0,75,152500,155000
0,75,160000,162500
0,75,165000,167500
0,75,170000,172500
0,75,172500,175000
0,75,175000,177500
0,75,177500,180000
0,75,180000,182500
0,75,182500,185000
0,75,185000,187500
0,75,187500,190000
0,75,190000,192500
0,75,192500,195000
0,75,195000,197500
0,75,197500,200000
0,75,200000,202500
0,75,202500,205000
0,75,205000,207500
0,75,207500,210000
0,75,210000,212500
0,75,212500,215000
0,75,215000,217500
0,75,217500,220000
0,75,225000,227500
0,75,227500,230000
0,75,230000,232500
0,75,232500,235000
0,75,235000,237500
0,75,237500,240000
0,75,240000,242500
0,75,242500,245000
0,75,245000,247500
0,75,247500,250000
0,75,250000,252500
0,75,252500,255000
0,75,255000,257500
0,75,257500,260000
0,75,260000,262500
0,75,262500,265000
0,75,265000,267500
0,75,267500,270000
0,75,270000,272500
0,75,272500,275000
0,75,280000,282500
0,75,282500,285000
0,75,285000,287500
0,75,287500,290000
0,75,290000,292500
0,75,292500,295000
0,75,295000,297500
0,75,300000,302500
0,75,305000,307500
0,75,307500,310000
0,75,310000,312500
0,75,317500,320000
0,75,320000,322500
0,75,322500,325000
0,75,330000,332500
0,75,337500,340000
0,75,340000,342500
0,75,342500,345000
0,75,345000,347500
0,75,347500,350000
0,75,355000,357500
0,75,357500,360000
0,75,360000,362500
0,75,362500,365000
0,75,365000,367500
0,75,367500,370000
0,75,370000,372500
0,75,372500,375000
0,75,375000,377500
0,75,377500,380000
0,75,380000,382500
0,75,382500,385000
0,75,385000,387500
0,75,387500,390000
0,75,390000,392500
0,75,392500,395000
0,75,395000,397500
0,75,397500,400000
0,75,400000,402500
0,75,402500,405000
0,75,405000,407500
0,75,407500,410000
0,75,410000,412500
0,75,412500,415000
0,75,415000,417500
0,75,417500,420000
0,75,420000,422500
0,75,422500,425000
0,75,425000,427500
0,75,427500,430000
0,75,430000,432500
0,75,432500,435000
0,75,435000,437500
0,75,437500,440000
0,75,440000,442500
0,75,442500,445000
0,75,445000,447500
0,75,447500,450000
0,75,450000,452500
0,75,452500,455000
0,75,455000,457500
0,75,457500,460000
0,75,460000,462500
0,75,462500,465000
0,75,465000,467500
1,75,0,2500
1,75,2500,5000
1,75,5000,7500
1,75,7500,10000
1,75,10000,12500
1,75,12500,15000
1,75,15000,17500
1,75,17500,20000
1,75,20000,22500
1,75,22500,25000
1,75,25000,27500
1,75,27500,30000
1,75,30000,32500
1,75,32500,35000
1,75,35000,37500
1,75,37500,40000
1,75,40000,42500
1,75,42500,45000
1,75,45000,47500
1,75,47500,50000
1,75,50000,52500
1,75,52500,55000
1,75,55000,57500
1,75,57500,60000
1,75,62500,65000
1,75,65000,67500
1,75,70000,72500
1,75,72500,75000
1,75,75000,77500
1,75,77500,80000
1,75,80000,82500
1,75,82500,85000
1,75,85000,87500
1,75,87500,90000
1,75,90000,92500
1,75,92500,95000
1,75,95000,97500
1,75,97500,100000
1,75,100000,102500
1,75,102500,105000
1,75,105000,107500
1,75,107500,110000
1,75,110000,112500
1,75,112500,115000
1,75,115000,117500
1,75,117500,120000
1,75,120000,122500
1,75,122500,125000
1,75,125000,127500
1,75,127500,130000
1,75,130000,132500
1,75,132500,135000
1,75,135000,137500
1,75,137500,140000
1,75,140000,142500
1,75,142500,145000
1,75,145000,147500
1,75,147500,150000
1,75,150000,152500
1,75,152500,155000
1,75,155000,157500
1,75,162500,165000
1,75,167500,170000
1,75,172500,175000
1,75,175000,177500
1,75,177500,180000
1,75,180000,182500
1,75,182500,185000
1,75,185000,187500
1,75,187500,190000
1,75,190000,192500
1,75,192500,195000
1,75,195000,197500
1,75,197500,200000
1,75,200000,202500
1,75,202500,205000
1,75,205000,207500
1,75,207500,210000
1,75,210000,212500
1,75,212500,215000
1,75,215000,217500
1,75,222500,225000
1,75,225000,227500
1,75,227500,230000
1,75,230000,232500
1,75,232500,235000
1,75,235000,237500
1,75,237500,240000
1,75,240000,242500
1,75,242500,245000
1,75,245000,247500
1,75,247500,250000
1,75,250000,252500
1,75,252500,255000
1,75,255000,257500
1,75,257500,260000
1,75,260000,262500
1,75,262500,265000
1,75,265000,267500
1,75,267500,270000
1,75,270000,272500
1,75,277500,280000
1,75,280000,282500
1,75,282500,285000
1,75,285000,287500
1,75,287500,290000
1,75,290000,292500
1,75,292500,295000
1,75,297500,300000
1,75,302500,305000
1,75,305000,307500
1,75,307500,310000
1,75,315000,317500
1,75,317500,320000
1,75,320000,322500
1,75,327500,330000
1,75,335000,337500
1,75,337500,340000
1,75,340000,342500
1,75,342500,345000
1,75,345000,347500
1,75,352500,355000
1,75,355000,357500
1,75,357500,360000
1,75,360000,362500
1,75,362500,365000
1,75,365000,367500
1,75,367500,370000
1,75,370000,372500
1,75,372500,375000
1,75,375000,377500
1,75,377500,380000
1,75,380000,382500
1,75,382500,385000
1,75,385000,387500
1,75,387500,390000
1,75,390000,392500
1,75,392500,395000
1,75,395000,397500
1,75,397500,400000
1,75,400000,402500
1,75,402500,405000
1,75,405000,407500
1,75,407500,410000
1,75,410000,412500
1,75,412500,415000
1,75,415000,417500
1,75,417500,420000
1,75,420000,422500
1,75,422500,425000
1,75,425000,427500
1,75,427500,430000
1,75,430000,432500
1,75,432500,435000
1,75,435000,437500
1,75,437500,440000
1,75,440000,442500
1,75,442500,445000
1,75,445000,447500
1,75,447500,450000
1,75,450000,452500
1,75,452500,455000
1,75,455000,457500
1,75,457500,460000
1,75,460000,462500
1,75,462500,465000
1,75,465000,467500
2,75,172500,175000
2,75,195000,197500
2,75,197500,200000
2,75,217500,220000
2,75,220000,222500
2,75,300000,302500
2,75,302500,305000
2,75,427500,430000
3,75,192500,195000
3,75,195000,197500
3,75,215000,217500
3,75,217500,220000
3,75,297500,300000
3,75,300000,302500
3,75,425000,427500
4,75,165000,167500
5,75,162500,165000
0,76,50000,52500
0,76,55000,57500
0,76,57500,60000
0,76,60000,62500
0,76,102500,105000
0,76,105000,107500
0,76,107500,110000
0,76,122500,125000
0,76,125000,127500
0,76,130000,132500
0,76,132500,135000
0,76,137500,140000
0,76,152500,155000
0,76,167500,170000
0,76,170000,172500
0,76,187500,190000
0,76,260000,262500
0,76,262500,265000
0,76,277500,280000
0,76,280000,282500
0,76,287500,290000
0,76,320000,322500
0,76,332500,335000
0,76,335000,337500
0,76,337500,340000
0,76,365000,367500
0,76,367500,370000
0,76,370000,372500
0,76,372500,375000
0,76,375000,377500
0,76,377500,380000
0,76,382500,385000
0,76,397500,400000
0,76,405000,407500
0,76,407500,410000
0,76,417500,420000
0,76,442500,445000
0,76,450000,452500
0,76,452500,455000
0,76,455000,457500
0,76,457500,460000
0,76,460000,462500
0,76,462500,465000
0,76,465000,467500
1,76,47500,50000
1,76,52500,55000
1,76,55000,57500
1,76,57500,60000
1,76,100000,102500
1,76,102500,105000
1,76,105000,107500
1,76,120000,122500
1,76,122500,125000
1,76,127500,130000
1,76,130000,132500
1,76,135000,137500
1,76,150000,152500
1,76,165000,167500
1,76,167500,170000
1,76,185000,187500
1,76,257500,260000
1,76,260000,262500
1,76,272500,275000
1,76,317500,320000
1,76,330000,332500
1,76,332500,335000
1,76,335000,337500
1,76,362500,365000
1,76,365000,367500
1,76,367500,370000
1,76,370000,372500
1,76,372500,375000
1,76,375000,377500
1,76,380000,382500
1,76,395000,397500
1,76,402500,405000
1,76,405000,407500
1,76,415000,417500
1,76,440000,442500
1,76,447500,450000
1,76,450000,452500
1,76,452500,455000
1,76,455000,457500
1,76,457500,460000
1,76,460000,462500
1,76,462500,465000
1,76,465000,467500
2,76,2500,5000
2,76,5000,7500
2,76,7500,10000
2,76,10000,12500
2,76,30000,32500
2,76,45000,47500
2,76,175000,177500
2,76,235000,237500
2,76,255000,257500
2,76,310000,312500
2,76,350000,352500
2,76,352500,355000
2,76,427500,430000
3,76,0,2500
3,76,2500,5000
3,76,5000,7500
3,76,7500,10000
3,76,27500,30000
3,76,42500,45000
3,76,172500,175000
3,76,232500,235000
3,76,252500,255000
3,76,307500,310000
3,76,347500,350000
3,76,350000,352500
3,76,425000,427500
4,76,7500,10000
4,76,22500,25000
4,76,30000,32500
4,76,32500,35000
4,76,35000,37500
4,76,40000,42500
4,76,42500,45000
4,76,45000,47500
4,76,47500,50000
4,76,60000,62500
4,76,85000,87500
4,76,87500,90000
4,76,95000,97500
4,76,107500,110000
4,76,117500,120000
4,76,255000,257500
4,76,260000,262500
4,76,325000,327500
4,76,327500,330000
4,76,342500,345000
5,76,5000,7500
5,76,20000,22500
5,76,27500,30000
5,76,30000,32500
5,76,32500,35000
5,76,37500,40000
5,76,40000,42500
5,76,42500,45000
5,76,45000,47500
5,76,57500,60000
5,76,80000,82500
5,76,82500,85000
5,76,92500,95000
5,76,105000,107500
5,76,115000,117500
5,76,252500,255000
5,76,257500,260000
5,76,322500,325000
5,76,325000,327500
5,76,340000,342500
0,77,2500,5000
0,77,5000,7500
0,77,7500,10000
0,77,10000,12500
0,77,12500,15000
0,77,15000,17500
0,77,17500,20000
0,77,20000,22500
0,77,22500,25000
0,77,25000,27500
0,77,30000,32500
0,77,35000,37500
0,77,37500,40000
0,77,40000,42500
0,77,50000,52500
0,77,55000,57500
0,77,57500,60000
0,77,60000,62500
0,77,62500,65000
0,77,65000,67500
0,77,67500,70000
0,77,72500,75000
0,77,75000,77500
0,77,77500,80000
0,77,80000,82500
0,77,90000,92500
0,77,92500,95000
0,77,97500,100000
0,77,100000,102500
0,77,105000,107500
0,77,107500,110000
0,77,112500,115000
0,77,115000,117500
0,77,120000,122500
0,77,122500,125000
0,77,127500,130000
0,77,130000,132500
0,77,135000,137500
0,77,137500,140000
0,77,142500,145000
0,77,145000,147500
0,77,147500,150000
0,77,150000,152500
0,77,152500,155000
0,77,157500,160000
0,77,160000,162500
0,77,162500,165000
0,77,165000,167500
0,77,167500,170000
0,77,170000,172500
0,77,172500,175000
0,77,180000,182500
0,77,182500,185000
0,77,185000,187500
0,77,190000,192500
0,77,192500,195000
0,77,195000,197500
0,77,197500,200000
0,77,200000,202500
0,77,202500,205000
0,77,205000,207500
0,77,210000,212500
0,77,215000,217500
0,77,225000,227500
0,77,227500,230000
0,77,230000,232500
0,77,232500,235000
0,77,235000,237500
0,77,237500,240000
0,77,240000,242500
0,77,250000,252500
0,77,262500,265000
0,77,265000,267500
0,77,267500,270000
0,77,277500,280000
0,77,280000,282500
0,77,287500,290000
0,77,290000,292500
0,77,295000,297500
0,77,297500,300000
0,77,300000,302500
0,77,302500,305000
0,77,305000,307500
0,77,307500,310000
0,77,312500,315000
0,77,315000,317500
0,77,317500,320000
0,77,320000,322500
0,77,330000,332500
0,77,337500,340000
0,77,340000,342500
0,77,342500,345000
0,77,345000,347500
0,77,347500,350000
0,77,367500,370000
0,77,370000,372500
0,77,372500,375000
0,77,377500,380000
0,77,380000,382500
0,77,382500,385000
0,77,385000,387500
0,77,390000,392500
0,77,395000,397500
0,77,397500,400000
0,77,400000,402500
0,77,402500,405000
0,77,405000,407500
0,77,407500,410000
0,77,410000,412500
0,77,412500,415000
0,77,415000,417500
0,77,417500,420000
0,77,420000,422500
0,77,422500,425000
0,77,425000,427500
0,77,427500,430000
0,77,430000,432500
0,77,432500,435000
0,77,435000,437500
0,77,437500,440000
0,77,442500,445000
0,77,445000,447500
0,77,447500,450000
0,77,450000,452500
0,77,452500,455000
0,77,455000,457500
0,77,457500,460000
0,77,460000,462500
0,77,462500,465000
0,77,465000,467500
1,77,0,2500
1,77,2500,5000
1,77,5000,7500
1,77,7500,10000
1,77,10000,12500
1,77,12500,15000
1,77,15000,17500
1,77,17500,20000
1,77,20000,22500
1,77,22500,25000
1,77,27500,30000
1,77,32500,35000
1,77,35000,37500
1,77,37500,40000
1,77,47500,50000
1,77,52500,55000
1,77,55000,57500
1,77,57500,60000
1,77,60000,62500
1,77,62500,65000
1,77,65000,67500
1,77,70000,72500
1,77,72500,75000
1,77,75000,77500
1,77,77500,80000
1,77,87500,90000
1,77,90000,92500
1,77,95000,97500
1,77,97500,100000
1,77,102500,105000
1,77,105000,107500
1,77,110000,112500
1,77,112500,115000
1,77,117500,120000
1,77,120000,122500
1,77,125000,127500
1,77,127500,130000
1,77,132500,135000
1,77,135000,137500
1,77,140000,142500
1,77,142500,145000
1,77,145000,147500
1,77,147500,150000
1,77,150000,152500
1,77,155000,157500
1,77,157500,160000
1,77,160000,162500
1,77,162500,165000
1,77,165000,167500
1,77,167500,170000
1,77,170000,172500
1,77,177500,180000
1,77,180000,182500
1,77,182500,185000
1,77,187500,190000
1,77,190000,192500
1,77,192500,195000
1,77,195000,197500
1,77,197500,200000
1,77,200000,202500
1,77,202500,205000
1,77,207500,210000
1,77,212500,215000
1,77,222500,225000
1,77,225000,227500
1,77,227500,230000
1,77,230000,232500
1,77,232500,235000
1,77,235000,237500
1,77,237500,240000
1,77,247500,250000
1,77,260000,262500
1,77,262500,265000
1,77,265000,267500
1,77,275000,277500
1,77,277500,280000
1,77,285000,287500
1,77,287500,290000
1,77,292500,295000
1,77,295000,297500
1,77,297500,300000
1,77,300000,302500
1,77,302500,305000
1,77,305000,307500
1,77,310000,312500
1,77,312500,315000
1,77,315000,317500
1,77,317500,320000
1,77,327500,330000
1,77,335000,337500
1,77,337500,340000
1,77,340000,342500
1,77,342500,345000
1,77,345000,347500
1,77,365000,367500
1,77,367500,370000
1,77,370000,372500
1,77,375000,377500
1,77,377500,380000
1,77,380000,382500
1,77,382500,385000
1,77,387500,390000
1,77,392500,395000
1,77,395000,397500
1,77,397500,400000
1,77,400000,402500
1,77,402500,405000
1,77,405000,407500
1,77,407500,410000
1,77,410000,412500
1,77,412500,415000
1,77,415000,417500
1,77,417500,420000
1,77,420000,422500
1,77,422500,425000
1,77,425000,427500
1,77,427500,430000
1,77,430000,432500
1,77,432500,435000
1,77,435000,437500
1,77,440000,442500
1,77,442500,445000
1,77,445000,447500
1,77,447500,450000
1,77,450000,452500
1,77,452500,455000
1,77,455000,457500
1,77,457500,460000
1,77,460000,462500
1,77,462500,465000
1,77,465000,467500
2,77,172500,175000
2,77,195000,197500
2,77,197500,200000
2,77,217500,220000
3,77,170000,172500
3,77,192500,195000
3,77,195000,197500
3,77,215000,217500
4,77,0,2500
4,77,255000,257500
4,77,267500,270000
5,77,252500,255000
5,77,265000,267500
0,78,45000,47500
0,78,95000,97500
0,78,107500,110000
0,78,110000,112500
0,78,117500,120000
0,78,122500,125000
0,78,125000,127500
0,78,127500,130000
0,78,130000,132500
0,78,142500,145000
0,78,152500,155000
0,78,155000,157500
0,78,157500,160000
0,78,160000,162500
0,78,167500,170000
0,78,172500,175000
0,78,237500,240000
0,78,280000,282500
0,78,282500,285000
0,78,332500,335000
0,78,337500,340000
0,78,370000,372500
0,78,375000,377500
0,78,417500,420000
0,78,450000,452500
0,78,452500,455000
1,78,42500,45000
1,78,92500,95000
1,78,105000,107500
1,78,107500,110000
1,78,115000,117500
1,78,120000,122500
1,78,122500,125000
1,78,125000,127500
1,78,127500,130000
1,78,140000,142500
1,78,150000,152500
1,78,152500,155000
1,78,155000,157500
1,78,157500,160000
1,78,165000,167500
1,78,170000,172500
1,78,235000,237500
1,78,277500,280000
1,78,280000,282500
1,78,330000,332500
1,78,335000,337500
1,78,367500,370000
1,78,372500,375000
1,78,415000,417500
1,78,447500,450000
1,78,450000,452500
1,78,465000,467500
2,78,0,2500
2,78,172500,175000
2,78,175000,177500
2,78,197500,200000
2,78,217500,220000
2,78,220000,222500
2,78,427500,430000
3,78,170000,172500
3,78,172500,175000
3,78,195000,197500
3,78,215000,217500
3,78,217500,220000
3,78,425000,427500
4,78,172500,175000
5,78,170000,172500
0,79,22500,25000
0,79,25000,27500
0,79,45000,47500
0,79,47500,50000
0,79,60000,62500
0,79,62500,65000
0,79,70000,72500
0,79,72500,75000
0,79,77500,80000
0,79,82500,85000
0,79,85000,87500
0,79,87500,90000
0,79,90000,92500
0,79,92500,95000
0,79,95000,97500
0,79,97500,100000
0,79,100000,102500
0,79,105000,107500
0,79,107500,110000
0,79,110000,112500
0,79,115000,117500
0,79,117500,120000
0,79,120000,122500
0,79,122500,125000
0,79,125000,127500
0,79,127500,130000
0,79,130000,132500
0,79,132500,135000
0,79,135000,137500
0,79,140000,142500
0,79,142500,145000
0,79,145000,147500
0,79,147500,150000
0,79,152500,155000
0,79,155000,157500
0,79,160000,162500
0,79,165000,167500
0,79,235000,237500
0,79,237500,240000
0,79,255000,257500
0,79,257500,260000
0,79,260000,262500
0,79,262500,265000
0,79,272500,275000
0,79,275000,277500
0,79,277500,280000
0,79,280000,282500
0,79,282500,285000
0,79,285000,287500
0,79,287500,290000
0,79,290000,292500
0,79,297500,300000
0,79,310000,312500
0,79,312500,315000
0,79,320000,322500
0,79,322500,325000
0,79,325000,327500
0,79,327500,330000
0,79,330000,332500
0,79,332500,335000
0,79,335000,337500
0,79,337500,340000
0,79,340000,342500
0,79,342500,345000
0,79,345000,347500
0,79,347500,350000
0,79,350000,352500
0,79,352500,355000
0,79,355000,357500
0,79,357500,360000
0,79,360000,362500
0,79,362500,365000
0,79,365000,367500
0,79,367500,370000
0,79,370000,372500
0,79,372500,375000
0,79,375000,377500
0,79,377500,380000
0,79,380000,382500
0,79,382500,385000
0,79,385000,387500
0,79,397500,400000
0,79,400000,402500
0,79,407500,410000
0,79,410000,412500
0,79,412500,415000
0,79,415000,417500
0,79,417500,420000
0,79,450000,452500
0,79,452500,455000
0,79,455000,457500
0,79,462500,465000
0,79,465000,467500
1,79,20000,22500
1,79,22500,25000
1,79,42500,45000
1,79,45000,47500
1,79,57500,60000
1,79,60000,62500
1,79,67500,70000
1,79,70000,72500
1,79,75000,77500
1,79,80000,82500
1,79,82500,85000
1,79,85000,87500
1,79,87500,90000
1,79,90000,92500
1,79,92500,95000
1,79,95000,97500
1,79,97500,100000
1,79,102500,105000
1,79,105000,107500
1,79,107500,110000
1,79,112500,115000
1,79,115000,117500
1,79,117500,120000
1,79,120000,122500
1,79,122500,125000
1,79,125000,127500
1,79,127500,130000
1,79,130000,132500
1,79,132500,135000
1,79,137500,140000
1,79,140000,142500
1,79,142500,145000
1,79,145000,147500
1,79,150000,152500
1,79,152500,155000
1,79,157500,160000
1,79,162500,165000
1,79,232500,235000
1,79,235000,237500
1,79,252500,255000
1,79,255000,257500
1,79,257500,260000
1,79,260000,262500
1,79,270000,272500
1,79,272500,275000
1,79,275000,277500
1,79,277500,280000
1,79,280000,282500
1,79,282500,285000
1,79,285000,287500
1,79,287500,290000
1,79,295000,297500
1,79,307500,310000
1,79,310000,312500
1,79,317500,320000
1,79,320000,322500
1,79,322500,325000
1,79,325000,327500
1,79,327500,330000
1,79,330000,332500
1,79,332500,335000
1,79,335000,337500
1,79,337500,340000
1,79,340000,342500
1,79,342500,345000
1,79,345000,347500
1,79,347500,350000
1,79,350000,352500
1,79,352500,355000
1,79,355000,357500
1,79,357500,360000
1,79,360000,362500
1,79,362500,365000
1,79,365000,367500
1,79,367500,370000
1,79,370000,372500
1,79,372500,375000
1,79,375000,377500
1,79,377500,380000
1,79,380000,382500
1,79,382500,385000
1,79,395000,397500
1,79,397500,400000
1,79,405000,407500
1,79,407500,410000
1,79,410000,412500
1,79,412500,415000
1,79,415000,417500
1,79,447500,450000
1,79,450000,452500
1,79,452500,455000
1,79,460000,462500
1,79,462500,465000
1,79,465000,467500
2,79,172500,175000
2,79,175000,177500
2,79,195000,197500
2,79,197500,200000
2,79,217500,220000
2,79,220000,222500
2,79,427500,430000
3,79,170000,172500
3,79,172500,175000
3,79,192500,195000
3,79,195000,197500
3,79,215000,217500
3,79,217500,220000
3,79,425000,427500
4,79,320000,322500
5,79,317500,320000
0,80,7500,10000
0,80,22500,25000
0,80,25000,27500
0,80,27500,30000
0,80,30000,32500
0,80,45000,47500
0,80,52500,55000
0,80,55000,57500
0,80,57500,60000
0,80,67500,70000
0,80,110000,112500
0,80,115000,117500
0,80,117500,120000
0,80,122500,125000
0,80,125000,127500
0,80,127500,130000
0,80,130000,132500
0,80,132500,135000
0,80,135000,137500
0,80,140000,142500
0,80,142500,145000
0,80,145000,147500
0,80,147500,150000
0,80,152500,155000
0,80,155000,157500
0,80,157500,160000
0,80,160000,162500
0,80,162500,165000
0,80,165000,167500
0,80,175000,177500
0,80,237500,240000
0,80,257500,260000
0,80,260000,262500
0,80,262500,265000
0,80,272500,275000
0,80,275000,277500
0,80,277500,280000
0,80,282500,285000
0,80,287500,290000
0,80,297500,300000
0,80,300000,302500
0,80,332500,335000
0,80,335000,337500
0,80,337500,340000
0,80,352500,355000
0,80,355000,357500
0,80,357500,360000
0,80,360000,362500
0,80,362500,365000
0,80,365000,367500
0,80,367500,370000
0,80,370000,372500
0,80,372500,375000
0,80,380000,382500
0,80,382500,385000
0,80,390000,392500
0,80,397500,400000
0,80,400000,402500
0,80,405000,407500
0,80,407500,410000
0,80,410000,412500
0,80,412500,415000
0,80,415000,417500
0,80,420000,422500
0,80,422500,425000
0,80,425000,427500
0,80,427500,430000
0,80,430000,432500
0,80,432500,435000
0,80,435000,437500
0,80,437500,440000
0,80,442500,445000
0,80,445000,447500
0,80,447500,450000
0,80,450000,452500
0,80,452500,455000
0,80,455000,457500
0,80,462500,465000
0,80,465000,467500
1,80,5000,7500
1,80,20000,22500
1,80,22500,25000
1,80,25000,27500
1,80,27500,30000
1,80,42500,45000
1,80,50000,52500
1,80,52500,55000
1,80,55000,57500
1,80,65000,67500
1,80,107500,110000
1,80,112500,115000
1,80,115000,117500
1,80,120000,122500
1,80,122500,125000
1,80,125000,127500
1,80,127500,130000
1,80,130000,132500
1,80,132500,135000
1,80,137500,140000
1,80,140000,142500
1,80,142500,145000
1,80,145000,147500
1,80,150000,152500
1,80,152500,155000
1,80,155000,157500
1,80,157500,160000
1,80,160000,162500
1,80,162500,165000
1,80,172500,175000
1,80,235000,237500
1,80,255000,257500
1,80,257500,260000
1,80,260000,262500
1,80,270000,272500
1,80,272500,275000
1,80,275000,277500
1,80,280000,282500
1,80,285000,287500
1,80,295000,297500
1,80,297500,300000
1,80,330000,332500
1,80,332500,335000
1,80,335000,337500
1,80,350000,352500
1,80,352500,355000
1,80,355000,357500
1,80,357500,360000
1,80,360000,362500
1,80,362500,365000
1,80,365000,367500
1,80,367500,370000
1,80,370000,372500
1,80,377500,380000
1,80,380000,382500
1,80,387500,390000
1,80,395000,397500
1,80,397500,400000
1,80,402500,405000
1,80,405000,407500
1,80,407500,410000
1,80,410000,412500
1,80,412500,415000
1,80,417500,420000
1,80,420000,422500
1,80,422500,425000
1,80,425000,427500
1,80,427500,430000
1,80,430000,432500
1,80,432500,435000
1,80,435000,437500
1,80,440000,442500
1,80,442500,445000
1,80,445000,447500
1,80,447500,450000
1,80,450000,452500
1,80,452500,455000
1,80,460000,462500
1,80,462500,465000
1,80,465000,467500
2,80,80000,82500
2,80,120000,122500
2,80,172500,175000
2,80,175000,177500
2,80,195000,197500
2,80,197500,200000
2,80,217500,220000
2,80,220000,222500
2,80,230000,232500
2,80,232500,235000
2,80,235000,237500
2,80,265000,267500
2,80,427500,430000
2,80,430000,432500
3,80,77500,80000
3,80,117500,120000
3,80,170000,172500
3,80,172500,175000
3,80,192500,195000
3,80,195000,197500
3,80,215000,217500
3,80,217500,220000
3,80,227500,230000
3,80,230000,232500
3,80,232500,235000
3,80,262500,265000
3,80,425000,427500
3,80,427500,430000
0,81,122500,125000
0,81,125000,127500
0,81,127500,130000
0,81,152500,155000
0,81,237500,240000
0,81,280000,282500
0,81,282500,285000
0,81,370000,372500
0,81,372500,375000
0,81,375000,377500
0,81,377500,380000
0,81,450000,452500
0,81,452500,455000
0,81,455000,457500
1,81,120000,122500
1,81,122500,125000
1,81,125000,127500
1,81,150000,152500
1,81,235000,237500
1,81,277500,280000
1,81,280000,282500
1,81,367500,370000
1,81,370000,372500
1,81,372500,375000
1,81,375000,377500
1,81,447500,450000
1,81,450000,452500
1,81,452500,455000
1,81,465000,467500
2,81,195000,197500
2,81,197500,200000
2,81,217500,220000
2,81,220000,222500
2,81,232500,235000
3,81,192500,195000
3,81,195000,197500
3,81,215000,217500
3,81,217500,220000
3,81,230000,232500
4,81,172500,175000
5,81,170000,172500
0,82,22500,25000
0,82,45000,47500
0,82,60000,62500
0,82,70000,72500
0,82,72500,75000
0,82,85000,87500
0,82,87500,90000
0,82,92500,95000
0,82,95000,97500
0,82,120000,122500
0,82,122500,125000
0,82,125000,127500
0,82,127500,130000
0,82,132500,135000
0,82,135000,137500
0,82,140000,142500
0,82,142500,145000
0,82,145000,147500
0,82,152500,155000
0,82,157500,160000
0,82,160000,162500
0,82,235000,237500
0,82,237500,240000
0,82,262500,265000
0,82,267500,270000
0,82,270000,272500
0,82,272500,275000
0,82,275000,277500
0,82,280000,282500
0,82,282500,285000
0,82,285000,287500
0,82,287500,290000
0,82,297500,300000
0,82,310000,312500
0,82,312500,315000
0,82,320000,322500
0,82,322500,325000
0,82,325000,327500
0,82,330000,332500
0,82,332500,335000
0,82,335000,337500
0,82,337500,340000
0,82,342500,345000
0,82,345000,347500
0,82,347500,350000
0,82,350000,352500
0,82,352500,355000
0,82,355000,357500
0,82,357500,360000
0,82,360000,362500
0,82,362500,365000
0,82,365000,367500
0,82,375000,377500
0,82,377500,380000
0,82,380000,382500
0,82,382500,385000
0,82,385000,387500
0,82,397500,400000
0,82,417500,420000
0,82,447500,450000
0,82,450000,452500
0,82,452500,455000
0,82,455000,457500
0,82,465000,467500
1,82,20000,22500
1,82,42500,45000
1,82,57500,60000
1,82,67500,70000
1,82,70000,72500
1,82,82500,85000
1,82,85000,87500
1,82,90000,92500
1,82,92500,95000
1,82,117500,120000
1,82,120000,122500
1,82,122500,125000
1,82,125000,127500
1,82,130000,132500
1,82,132500,135000
1,82,137500,140000
1,82,140000,142500
1,82,142500,145000
1,82,150000,152500
1,82,155000,157500
1,82,157500,160000
1,82,232500,235000
1,82,235000,237500
1,82,260000,262500
1,82,265000,267500
1,82,267500,270000
1,82,270000,272500
1,82,272500,275000
1,82,277500,280000
1,82,280000,282500
1,82,282500,285000
1,82,285000,287500
1,82,295000,297500
1,82,307500,310000
1,82,310000,312500
1,82,317500,320000
1,82,320000,322500
1,82,322500,325000
1,82,327500,330000
1,82,330000,332500
1,82,332500,335000
1,82,335000,337500
1,82,340000,342500
1,82,342500,345000
1,82,345000,347500
1,82,347500,350000
1,82,350000,352500
1,82,352500,355000
1,82,355000,357500
1,82,357500,360000
1,82,360000,362500
1,82,362500,365000
1,82,372500,375000
1,82,375000,377500
1,82,377500,380000
1,82,380000,382500
1,82,382500,385000
1,82,395000,397500
1,82,415000,417500
1,82,445000,447500
1,82,447500,450000
1,82,450000,452500
1,82,452500,455000
1,82,462500,465000
1,82,465000,467500
2,82,172500,175000
2,82,175000,177500
2,82,195000,197500
2,82,197500,200000
2,82,217500,220000
2,82,427500,430000
3,82,170000,172500
3,82,172500,175000
3,82,192500,195000
3,82,195000,197500
3,82,215000,217500
3,82,425000,427500
0,83,12500,15000
0,83,15000,17500
0,83,17500,20000
0,83,20000,22500
0,83,22500,25000
0,83,25000,27500
0,83,27500,30000
0,83,30000,32500
0,83,32500,35000
0,83,35000,37500
0,83,37500,40000
0,83,40000,42500
0,83,42500,45000
0,83,45000,47500
0,83,52500,55000
0,83,55000,57500
0,83,57500,60000
0,83,60000,62500
0,83,62500,65000
0,83,72500,75000
0,83,75000,77500
0,83,77500,80000
0,83,80000,82500
0,83,90000,92500
0,83,92500,95000
0,83,97500,100000
0,83,107500,110000
0,83,110000,112500
0,83,112500,115000
0,83,115000,117500
0,83,122500,125000
0,83,125000,127500
0,83,127500,130000
0,83,130000,132500
0,83,132500,135000
0,83,135000,137500
0,83,137500,140000
0,83,140000,142500
0,83,142500,145000
0,83,145000,147500
0,83,147500,150000
0,83,150000,152500
0,83,152500,155000
0,83,155000,157500
0,83,157500,160000
0,83,160000,162500
0,83,162500,165000
0,83,165000,167500
0,83,167500,170000
0,83,170000,172500
0,83,172500,175000
0,83,187500,190000
0,83,212500,215000
0,83,220000,222500
0,83,222500,225000
0,83,237500,240000
0,83,255000,257500
0,83,257500,260000
0,83,260000,262500
0,83,262500,265000
0,83,275000,277500
0,83,277500,280000
0,83,280000,282500
0,83,282500,285000
0,83,285000,287500
0,83,287500,290000
0,83,290000,292500
0,83,292500,295000
0,83,295000,297500
0,83,297500,300000
0,83,310000,312500
0,83,312500,315000
0,83,315000,317500
0,83,320000,322500
0,83,327500,330000
0,83,330000,332500
0,83,332500,335000
0,83,335000,337500
0,83,337500,340000
0,83,340000,342500
0,83,342500,345000
0,83,345000,347500
0,83,347500,350000
0,83,350000,352500
0,83,352500,355000
0,83,357500,360000
0,83,360000,362500
0,83,362500,365000
0,83,365000,367500
0,83,367500,370000
0,83,370000,372500
0,83,372500,375000
0,83,375000,377500
0,83,377500,380000
0,83,380000,382500
0,83,382500,385000
0,83,387500,390000
0,83,390000,392500
0,83,395000,397500
0,83,397500,400000
0,83,400000,402500
0,83,402500,405000
0,83,405000,407500
0,83,407500,410000
0,83,410000,412500
0,83,412500,415000
0,83,415000,417500
0,83,417500,420000
0,83,420000,422500
0,83,422500,425000
0,83,425000,427500
0,83,427500,430000
0,83,430000,432500
0,83,432500,435000
0,83,435000,437500
0,83,437500,440000
0,83,440000,442500
0,83,442500,445000
0,83,445000,447500
0,83,447500,450000
0,83,450000,452500
0,83,452500,455000
0,83,455000,457500
0,83,460000,462500
0,83,462500,465000
0,83,465000,467500
1,83,10000,12500
1,83,12500,15000
1,83,15000,17500
1,83,17500,20000
1,83,20000,22500
1,83,22500,25000
1,83,25000,27500
1,83,27500,30000
1,83,30000,32500
1,83,32500,35000
1,83,35000,37500
1,83,37500,40000
1,83,40000,42500
1,83,42500,45000
1,83,50000,52500
1,83,52500,55000
1,83,55000,57500
1,83,57500,60000
1,83,60000,62500
1,83,70000,72500
1,83,72500,75000
1,83,75000,77500
1,83,77500,80000
1,83,87500,90000
1,83,90000,92500
1,83,95000,97500
1,83,105000,107500
1,83,107500,110000
1,83,110000,112500
1,83,112500,115000
1,83,120000,122500
1,83,122500,125000
1,83,125000,127500
1,83,127500,130000
1,83,130000,132500
1,83,132500,135000
1,83,135000,137500
1,83,137500,140000
1,83,140000,142500
1,83,142500,145000
1,83,145000,147500
1,83,147500,150000
1,83,150000,152500
1,83,152500,155000
1,83,155000,157500
1,83,157500,160000
1,83,160000,162500
1,83,162500,165000
1,83,165000,167500
1,83,167500,170000
1,83,170000,172500
1,83,185000,187500
1,83,210000,212500
1,83,217500,220000
1,83,220000,222500
1,83,235000,237500
1,83,252500,255000
1,83,255000,257500
1,83,257500,260000
1,83,260000,262500
1,83,272500,275000
1,83,275000,277500
1,83,277500,280000
1,83,280000,282500
1,83,282500,285000
1,83,285000,287500
1,83,287500,290000
1,83,290000,292500
1,83,292500,295000
1,83,295000,297500
1,83,307500,310000
1,83,310000,312500
1,83,312500,315000
1,83,317500,320000
1,83,325000,327500
1,83,327500,330000
1,83,330000,332500
1,83,332500,335000
1,83,335000,337500
1,83,337500,340000
1,83,340000,342500
1,83,342500,345000
1,83,345000,347500
1,83,347500,350000
1,83,350000,352500
1,83,355000,357500
1,83,357500,360000
1,83,360000,362500
1,83,362500,365000
1,83,365000,367500
1,83,367500,370000
1,83,370000,372500
1,83,372500,375000
1,83,375000,377500
1,83,377500,380000
1,83,380000,382500
1,83,385000,387500
1,83,387500,390000
1,83,392500,395000
1,83,395000,397500
1,83,397500,400000
1,83,400000,402500
1,83,402500,405000
1,83,405000,407500
1,83,407500,410000
1,83,410000,412500
1,83,412500,415000
1,83,415000,417500
1,83,417500,420000
1,83,420000,422500
1,83,422500,425000
1,83,425000,427500
1,83,427500,430000
1,83,430000,432500
1,83,432500,435000
1,83,435000,437500
1,83,437500,440000
1,83,440000,442500
1,83,442500,445000
1,83,445000,447500
1,83,447500,450000
1,83,450000,452500
1,83,452500,455000
1,83,457500,460000
1,83,460000,462500
1,83,462500,465000
1,83,465000,467500
2,83,7500,10000
2,83,10000,12500
2,83,12500,15000
2,83,120000,122500
2,83,122500,125000
2,83,172500,175000
2,83,175000,177500
2,83,177500,180000
2,83,195000,197500
2,83,197500,200000
2,83,210000,212500
2,83,217500,220000
2,83,220000,222500
2,83,232500,235000
2,83,235000,237500
2,83,297500,300000
2,83,300000,302500
2,83,302500,305000
2,83,427500,430000
3,83,5000,7500
3,83,7500,10000
3,83,10000,12500
3,83,117500,120000
3,83,120000,122500
3,83,170000,172500
3,83,172500,175000
3,83,175000,177500
3,83,192500,195000
3,83,195000,197500
3,83,207500,210000
3,83,215000,217500
3,83,217500,220000
3,83,230000,232500
3,83,232500,235000
3,83,295000,297500
3,83,297500,300000
3,83,300000,302500
3,83,425000,427500
0,84,0,2500
0,84,35000,37500
0,84,37500,40000
0,84,45000,47500
0,84,47500,50000
0,84,50000,52500
0,84,52500,55000
0,84,57500,60000
0,84,60000,62500
0,84,62500,65000
0,84,65000,67500
0,84,67500,70000
0,84,80000,82500
0,84,82500,85000
0,84,85000,87500
0,84,90000,92500
0,84,95000,97500
0,84,97500,100000
0,84,100000,102500
0,84,102500,105000
0,84,105000,107500
0,84,107500,110000
0,84,110000,112500
0,84,112500,115000
0,84,115000,117500
0,84,122500,125000
0,84,125000,127500
0,84,135000,137500
0,84,162500,165000
0,84,165000,167500
0,84,167500,170000
0,84,172500,175000
0,84,192500,195000
0,84,197500,200000
0,84,205000,207500
0,84,207500,210000
0,84,210000,212500
0,84,237500,240000
0,84,240000,242500
0,84,242500,245000
0,84,245000,247500
0,84,250000,252500
0,84,252500,255000
0,84,255000,257500
0,84,257500,260000
0,84,260000,262500
0,84,262500,265000
0,84,265000,267500
0,84,267500,270000
0,84,270000,272500
0,84,272500,275000
0,84,275000,277500
0,84,277500,280000
0,84,280000,282500
0,84,282500,285000
0,84,285000,287500
0,84,287500,290000
0,84,297500,300000
0,84,300000,302500
0,84,302500,305000
0,84,305000,307500
0,84,307500,310000
0,84,310000,312500
0,84,315000,317500
0,84,317500,320000
0,84,337500,340000
0,84,340000,342500
0,84,347500,350000
0,84,350000,352500
0,84,362500,365000
0,84,380000,382500
0,84,412500,415000
0,84,415000,417500
0,84,427500,430000
0,84,430000,432500
0,84,435000,437500
0,84,437500,440000
0,84,440000,442500
0,84,442500,445000
0,84,445000,447500
0,84,447500,450000
0,84,450000,452500
0,84,452500,455000
0,84,460000,462500
0,84,465000,467500
0,84,470000,472500
0,84,472500,475000
0,84,475000,477500
0,84,477500,480000
0,84,480000,482500
0,84,482500,485000
0,84,485000,487500
0,84,487500,490000
0,84,490000,492500
0,84,492500,495000
0,84,495000,497500
0,84,497500,500000
0,84,500000,502500
0,84,502500,505000
0,84,505000,507500
0,84,507500,510000
0,84,510000,512500
0,84,512500,515000
0,84,515000,517500
0,84,517500,520000
0,84,520000,522500
0,84,522500,525000
0,84,525000,527500
0,84,527500,530000
0,84,530000,532500
0,84,532500,535000
0,84,535000,537500
0,84,537500,540000
0,84,540000,542500
0,84,542500,545000
0,84,545000,547500
0,84,547500,550000
0,84,550000,552500
0,84,560000,562500
0,84,562500,565000
0,84,565000,567500
0,84,567500,570000
0,84,570000,572500
0,84,572500,575000
0,84,577500,580000
0,84,580000,582500
0,84,582500,585000
0,84,585000,587500
0,84,587500,590000
0,84,590000,592500
0,84,600000,602500
0,84,602500,605000
0,84,635000,637500
0,84,637500,640000
0,84,640000,642500
0,84,642500,645000
0,84,645000,647500
0,84,647500,650000
0,84,650000,652500
0,84,652500,655000
0,84,655000,657500
0,84,657500,660000
0,84,660000,662500
0,84,662500,665000
0,84,665000,667500
0,84,667500,670000
0,84,670000,672500
0,84,672500,675000
0,84,675000,677500
0,84,677500,680000
0,84,680000,682500
0,84,707500,710000
0,84,725000,727500
0,84,727500,730000
0,84,750000,752500
0,84,752500,755000
0,84,755000,757500
0,84,757500,760000
0,84,760000,762500
0,84,762500,765000
0,84,765000,767500
0,84,767500,770000
0,84,770000,772500
0,84,772500,775000
0,84,775000,777500
0,84,787500,790000
0,84,795000,797500
0,84,797500,800000
0,84,800000,802500
0,84,807500,810000
0,84,810000,812500
0,84,825000,827500
0,84,827500,830000
0,84,840000,842500
0,84,842500,845000
0,84,845000,847500
0,84,902500,905000
0,84,927500,930000
0,84,930000,932500
0,84,932500,935000
0,84,935000,937500
0,84,937500,940000
0,84,940000,942500
0,84,942500,945000
0,84,970000,972500
0,84,972500,975000
0,84,975000,977500
0,84,977500,980000
0,84,980000,982500
0,84,995000,997500
0,84,997500,1000000
0,84,1000000,1002500
0,84,1002500,1005000
0,84,1005000,1007500
0,84,1012500,1015000
0,84,1035000,1037500
0,84,1037500,1040000
0,84,1040000,1042500
0,84,1050000,1052500
0,84,1052500,1055000
0,84,1055000,1057500
0,84,1057500,1060000
0,84,1072500,1075000
0,84,1077500,1080000
0,84,1087500,1090000
0,84,1090000,1092500
0,84,1125000,1127500
0,84,1165000,1167500
0,84,1175000,1177500
0,84,1197500,1200000
0,84,1202500,1205000
0,84,1205000,1207500
0,84,1207500,1210000
0,84,1210000,1212500
0,84,1212500,1215000
0,84,1217500,1220000
0,84,1222500,1225000
0,84,1225000,1227500
0,84,1227500,1230000
0,84,1230000,1232500
0,84,1232500,1235000
0,84,1235000,1237500
0,84,1237500,1240000
0,84,1240000,1242500
0,84,1242500,1245000
0,84,1245000,1247500
0,84,1257500,1260000
0,84,1267500,1270000
0,84,1270000,1272500
0,84,1272500,1275000
0,84,1342500,1345000
0,84,1345000,1347500
0,84,1347500,1350000
0,84,1350000,1352500
0,84,1352500,1355000
0,84,1355000,1357500
0,84,1362500,1365000
0,84,1380000,1382500
1,84,20000,22500
1,84,22500,25000
1,84,37500,40000
1,84,40000,42500
1,84,47500,50000
1,84,50000,52500
1,84,55000,57500
1,84,57500,60000
1,84,60000,62500
1,84,62500,65000
1,84,65000,67500
1,84,77500,80000
1,84,80000,82500
1,84,82500,85000
1,84,87500,90000
1,84,92500,95000
1,84,95000,97500
1,84,97500,100000
1,84,100000,102500
1,84,102500,105000
1,84,105000,107500
1,84,107500,110000
1,84,110000,112500
1,84,112500,115000
1,84,120000,122500
1,84,122500,125000
1,84,132500,135000
1,84,160000,162500
1,84,162500,165000
1,84,165000,167500
1,84,170000,172500
1,84,172500,175000
1,84,195000,197500
1,84,200000,202500
1,84,207500,210000
1,84,237500,240000
1,84,240000,242500
1,84,242500,245000
1,84,247500,250000
1,84,250000,252500
1,84,252500,255000
1,84,255000,257500
1,84,257500,260000
1,84,260000,262500
1,84,262500,265000
1,84,265000,267500
1,84,267500,270000
1,84,270000,272500
1,84,272500,275000
1,84,275000,277500
1,84,277500,280000
1,84,280000,282500
1,84,282500,285000
1,84,285000,287500
1,84,287500,290000
1,84,290000,292500
1,84,300000,302500
1,84,302500,305000
1,84,305000,307500
1,84,307500,310000
1,84,310000,312500
1,84,312500,315000
1,84,317500,320000
1,84,345000,347500
1,84,347500,350000
1,84,350000,352500
1,84,352500,355000
1,84,372500,375000
1,84,382500,385000
1,84,425000,427500
1,84,427500,430000
1,84,432500,435000
1,84,435000,437500
1,84,437500,440000
1,84,440000,442500
1,84,442500,445000
1,84,445000,447500
1,84,447500,450000
1,84,450000,452500
1,84,452500,455000
1,84,455000,457500
1,84,462500,465000
1,84,467500,470000
1,84,470000,472500
1,84,472500,475000
1,84,475000,477500
1,84,477500,480000
1,84,480000,482500
1,84,482500,485000
1,84,485000,487500
1,84,487500,490000
1,84,490000,492500
1,84,492500,495000
1,84,495000,497500
1,84,497500,500000
1,84,500000,502500
1,84,502500,505000
1,84,505000,507500
1,84,507500,510000
1,84,510000,512500
1,84,512500,515000
1,84,515000,517500
1,84,517500,520000
1,84,520000,522500
1,84,522500,525000
1,84,525000,527500
1,84,527500,530000
1,84,530000,532500
1,84,532500,535000
1,84,535000,537500
1,84,537500,540000
1,84,540000,542500
1,84,542500,545000
1,84,545000,547500
1,84,547500,550000
1,84,557500,560000
1,84,560000,562500
1,84,562500,565000
1,84,565000,567500
1,84,567500,570000
1,84,570000,572500
1,84,575000,577500
1,84,577500,580000
1,84,580000,582500
1,84,582500,585000
1,84,585000,587500
1,84,587500,590000
1,84,597500,600000
1,84,600000,602500
1,84,632500,635000
1,84,635000,637500
1,84,637500,640000
1,84,640000,642500
1,84,642500,645000
1,84,645000,647500
1,84,647500,650000
1,84,650000,652500
1,84,652500,655000
1,84,655000,657500
1,84,657500,660000
1,84,660000,662500
1,84,662500,665000
1,84,665000,667500
1,84,667500,670000
1,84,670000,672500
1,84,672500,675000
1,84,675000,677500
1,84,677500,680000
1,84,680000,682500
1,84,682500,685000
1,84,710000,712500
1,84,747500,750000
1,84,750000,752500
1,84,752500,755000
1,84,755000,757500
1,84,757500,760000
1,84,760000,762500
1,84,762500,765000
1,84,765000,767500
1,84,767500,770000
1,84,770000,772500
1,84,772500,775000
1,84,777500,780000
1,84,790000,792500
1,84,797500,800000
1,84,802500,805000
1,84,805000,807500
1,84,810000,812500
1,84,812500,815000
1,84,827500,830000
1,84,830000,832500
1,84,842500,845000
1,84,865000,867500
1,84,867500,870000
1,84,905000,907500
1,84,930000,932500
1,84,932500,935000
1,84,935000,937500
1,84,937500,940000
1,84,940000,942500
1,84,942500,945000
1,84,945000,947500
1,84,972500,975000
1,84,975000,977500
1,84,977500,980000
1,84,980000,982500
1,84,992500,995000
1,84,995000,997500
1,84,997500,1000000
1,84,1000000,1002500
1,84,1002500,1005000
1,84,1005000,1007500
1,84,1007500,1010000
1,84,1015000,1017500
1,84,1037500,1040000
1,84,1040000,1042500
1,84,1042500,1045000
1,84,1052500,1055000
1,84,1055000,1057500
1,84,1062500,1065000
1,84,1065000,1067500
1,84,1075000,1077500
1,84,1080000,1082500
1,84,1122500,1125000
1,84,1162500,1165000
1,84,1172500,1175000
1,84,1175000,1177500
1,84,1177500,1180000
1,84,1200000,1202500
1,84,1205000,1207500
1,84,1207500,1210000
1,84,1210000,1212500
1,84,1212500,1215000
1,84,1215000,1217500
1,84,1220000,1222500
1,84,1225000,1227500
1,84,1227500,1230000
1,84,1230000,1232500
1,84,1232500,1235000
1,84,1235000,1237500
1,84,1237500,1240000
1,84,1240000,1242500
1,84,1242500,1245000
1,84,1255000,1257500
1,84,1262500,1265000
1,84,1270000,1272500
1,84,1275000,1277500
1,84,1277500,1280000
1,84,1345000,1347500
1,84,1347500,1350000
1,84,1350000,1352500
1,84,1352500,1355000
1,84,1355000,1357500
1,84,1357500,1360000
1,84,1365000,1367500
1,84,1400000,1402500
1,84,1402500,1405000
2,84,130000,132500
2,84,132500,135000
2,84,325000,327500
2,84,327500,330000
2,84,337500,340000
2,84,342500,345000
2,84,677500,680000
2,84,847500,850000
2,84,850000,852500
2,84,852500,855000
2,84,977500,980000
2,84,980000,982500
2,84,1037500,1040000
2,84,1040000,1042500
2,84,1275000,1277500
3,84,127500,130000
3,84,130000,132500
3,84,317500,320000
3,84,320000,322500
3,84,330000,332500
3,84,332500,335000
3,84,340000,342500
3,84,550000,552500
3,84,675000,677500
3,84,845000,847500
3,84,847500,850000
3,84,850000,852500
3,84,975000,977500
3,84,977500,980000
3,84,1037500,1040000
3,84,1272500,1275000
4,84,287500,290000
4,84,297500,300000
4,84,300000,302500
4,84,302500,305000
4,84,305000,307500
4,84,307500,310000
4,84,310000,312500
4,84,315000,317500
4,84,317500,320000
4,84,555000,557500
4,84,995000,997500
4,84,1077500,1080000
4,84,1197500,1200000
4,84,1362500,1365000
5,84,285000,287500
5,84,287500,290000
5,84,290000,292500
5,84,300000,302500
5,84,302500,305000
5,84,305000,307500
5,84,307500,310000
5,84,310000,312500
5,84,312500,315000
5,84,317500,320000
5,84,550000,552500
5,84,552500,555000
5,84,905000,907500
5,84,992500,995000
5,84,1005000,1007500
5,84,1075000,1077500
5,84,1080000,1082500
5,84,1357500,1360000
0,85,10000,12500
0,85,12500,15000
0,85,15000,17500
0,85,65000,67500
0,85,67500,70000
0,85,70000,72500
0,85,75000,77500
0,85,77500,80000
0,85,80000,82500
0,85,87500,90000
0,85,90000,92500
0,85,92500,95000
0,85,97500,100000
0,85,100000,102500
0,85,102500,105000
0,85,105000,107500
0,85,107500,110000
0,85,110000,112500
0,85,112500,115000
0,85,115000,117500
0,85,117500,120000
0,85,120000,122500
0,85,122500,125000
0,85,125000,127500
0,85,127500,130000
0,85,130000,132500
0,85,132500,135000
0,85,145000,147500
0,85,147500,150000
0,85,150000,152500
0,85,152500,155000
0,85,155000,157500
0,85,157500,160000
0,85,160000,162500
0,85,162500,165000
0,85,165000,167500
0,85,167500,170000
0,85,170000,172500
0,85,202500,205000
0,85,902500,905000
0,85,930000,932500
0,85,1067500,1070000
0,85,1070000,1072500
0,85,1072500,1075000
0,85,1075000,1077500
0,85,1077500,1080000
0,85,1080000,1082500
0,85,1082500,1085000
0,85,1100000,1102500
0,85,1102500,1105000
0,85,1120000,1122500
0,85,1122500,1125000
0,85,1125000,1127500
0,85,1127500,1130000
0,85,1130000,1132500
0,85,1132500,1135000
0,85,1135000,1137500
0,85,1137500,1140000
0,85,1140000,1142500
0,85,1142500,1145000
0,85,1145000,1147500
0,85,1147500,1150000
0,85,1150000,1152500
0,85,1157500,1160000
0,85,1160000,1162500
0,85,1167500,1170000
0,85,1170000,1172500
0,85,1172500,1175000
0,85,1177500,1180000
0,85,1180000,1182500
0,85,1182500,1185000
0,85,1185000,1187500
0,85,1187500,1190000
0,85,1245000,1247500
0,85,1335000,1337500
0,85,1337500,1340000
0,85,1340000,1342500
0,85,1342500,1345000
0,85,1345000,1347500
0,85,1372500,1375000
0,85,1385000,1387500
1,85,7500,10000
1,85,10000,12500
1,85,12500,15000
1,85,55000,57500
1,85,57500,60000
1,85,67500,70000
1,85,70000,72500
1,85,72500,75000
1,85,77500,80000
1,85,80000,82500
1,85,82500,85000
1,85,90000,92500
1,85,92500,95000
1,85,95000,97500
1,85,100000,102500
1,85,102500,105000
1,85,105000,107500
1,85,107500,110000
1,85,110000,112500
1,85,112500,115000
1,85,115000,117500
1,85,117500,120000
1,85,120000,122500
1,85,122500,125000
1,85,125000,127500
1,85,127500,130000
1,85,130000,132500
1,85,132500,135000
1,85,135000,137500
1,85,147500,150000
1,85,150000,152500
1,85,152500,155000
1,85,155000,157500
1,85,157500,160000
1,85,160000,162500
1,85,162500,165000
1,85,165000,167500
1,85,167500,170000
1,85,170000,172500
1,85,172500,175000
1,85,205000,207500
1,85,285000,287500
1,85,867500,870000
1,85,927500,930000
1,85,942500,945000
1,85,945000,947500
1,85,1055000,1057500
1,85,1057500,1060000
1,85,1070000,1072500
1,85,1072500,1075000
1,85,1075000,1077500
1,85,1077500,1080000
1,85,1080000,1082500
1,85,1082500,1085000
1,85,1105000,1107500
1,85,1107500,1110000
1,85,1122500,1125000
1,85,1125000,1127500
1,85,1127500,1130000
1,85,1130000,1132500
1,85,1132500,1135000
1,85,1135000,1137500
1,85,1137500,1140000
1,85,1140000,1142500
1,85,1142500,1145000
1,85,1145000,1147500
1,85,1147500,1150000
1,85,1155000,1157500
1,85,1157500,1160000
1,85,1160000,1162500
1,85,1162500,1165000
1,85,1170000,1172500
1,85,1172500,1175000
1,85,1175000,1177500
1,85,1180000,1182500
1,85,1182500,1185000
1,85,1185000,1187500
1,85,1195000,1197500
1,85,1197500,1200000
1,85,1277500,1280000
1,85,1280000,1282500
1,85,1325000,1327500
1,85,1327500,1330000
1,85,1337500,1340000
1,85,1340000,1342500
1,85,1342500,1345000
1,85,1370000,1372500
1,85,1382500,1385000
1,85,1400000,1402500
1,85,1402500,1405000
2,85,2500,5000
2,85,40000,42500
2,85,792500,795000
2,85,1100000,1102500
2,85,1177500,1180000
2,85,1430000,1432500
2,85,1435000,1437500
3,85,795000,797500
3,85,1085000,1087500
3,85,1175000,1177500
3,85,1432500,1435000
4,85,2500,5000
4,85,5000,7500
4,85,7500,10000
4,85,10000,12500
4,85,40000,42500
4,85,47500,50000
4,85,50000,52500
4,85,52500,55000
4,85,202500,205000
4,85,210000,212500
4,85,212500,215000
4,85,217500,220000
4,85,220000,222500
4,85,222500,225000
4,85,225000,227500
4,85,227500,230000
4,85,230000,232500
4,85,232500,235000
4,85,235000,237500
4,85,237500,240000
4,85,240000,242500
4,85,242500,245000
4,85,247500,250000
4,85,250000,252500
4,85,252500,255000
4,85,255000,257500
4,85,265000,267500
4,85,267500,270000
4,85,270000,272500
4,85,272500,275000
4,85,275000,277500
4,85,277500,280000
4,85,280000,282500
4,85,282500,285000
4,85,600000,602500
4,85,602500,605000
4,85,605000,607500
4,85,607500,610000
4,85,610000,612500
4,85,612500,615000
4,85,615000,617500
4,85,617500,620000
4,85,620000,622500
4,85,622500,625000
4,85,625000,627500
4,85,627500,630000
4,85,630000,632500
4,85,675000,677500
4,85,792500,795000
4,85,852500,855000
4,85,855000,857500
4,85,905000,907500
4,85,1037500,1040000
4,85,1050000,1052500
4,85,1052500,1055000
4,85,1072500,1075000
4,85,1100000,1102500
4,85,1275000,1277500
4,85,1277500,1280000
4,85,1322500,1325000
4,85,1347500,1350000
4,85,1352500,1355000
4,85,1355000,1357500
4,85,1365000,1367500
4,85,1367500,1370000
4,85,1430000,1432500
4,85,1435000,1437500
4,85,1457500,1460000
4,85,1460000,1462500
4,85,1462500,1465000
4,85,1465000,1467500
4,85,1467500,1470000
4,85,1470000,1472500
4,85,1472500,1475000
5,85,5000,7500
5,85,7500,10000
5,85,20000,22500
5,85,22500,25000
5,85,45000,47500
5,85,47500,50000
5,85,50000,52500
5,85,80000,82500
5,85,82500,85000
5,85,205000,207500
5,85,212500,215000
5,85,215000,217500
5,85,220000,222500
5,85,222500,225000
5,85,225000,227500
5,85,227500,230000
5,85,230000,232500
5,85,232500,235000
5,85,235000,237500
5,85,237500,240000
5,85,240000,242500
5,85,242500,245000
5,85,245000,247500
5,85,250000,252500
5,85,252500,255000
5,85,255000,257500
5,85,257500,260000
5,85,267500,270000
5,85,270000,272500
5,85,272500,275000
5,85,275000,277500
5,85,277500,280000
5,85,280000,282500
5,85,282500,285000
5,85,285000,287500
5,85,602500,605000
5,85,605000,607500
5,85,607500,610000
5,85,610000,612500
5,85,612500,615000
5,85,615000,617500
5,85,617500,620000
5,85,620000,622500
5,85,622500,625000
5,85,625000,627500
5,85,627500,630000
5,85,630000,632500
5,85,632500,635000
5,85,677500,680000
5,85,1040000,1042500
5,85,1070000,1072500
5,85,1195000,1197500
5,85,1345000,1347500
5,85,1347500,1350000
5,85,1350000,1352500
5,85,1355000,1357500
5,85,1357500,1360000
5,85,1400000,1402500
5,85,1402500,1405000
5,85,1432500,1435000
5,85,1455000,1457500
5,85,1457500,1460000
5,85,1460000,1462500
5,85,1462500,1465000
5,85,1465000,1467500
5,85,1467500,1470000
5,85,1470000,1472500
5,85,1472500,1475000
0,86,67500,70000
0,86,72500,75000
0,86,75000,77500
0,86,127500,130000
0,86,130000,132500
0,86,132500,135000
0,86,135000,137500
0,86,170000,172500
0,86,180000,182500
0,86,182500,185000
0,86,185000,187500
0,86,190000,192500
0,86,192500,195000
0,86,195000,197500
0,86,197500,200000
0,86,777500,780000
0,86,780000,782500
0,86,782500,785000
0,86,785000,787500
0,86,870000,872500
0,86,872500,875000
0,86,875000,877500
0,86,877500,880000
0,86,880000,882500
0,86,882500,885000
0,86,885000,887500
0,86,887500,890000
0,86,890000,892500
0,86,892500,895000
0,86,895000,897500
0,86,897500,900000
0,86,900000,902500
0,86,945000,947500
0,86,957500,960000
0,86,967500,970000
0,86,982500,985000
0,86,985000,987500
0,86,987500,990000
0,86,990000,992500
0,86,992500,995000
0,86,995000,997500
0,86,997500,1000000
0,86,1017500,1020000
0,86,1020000,1022500
0,86,1055000,1057500
0,86,1057500,1060000
0,86,1060000,1062500
0,86,1062500,1065000
0,86,1070000,1072500
0,86,1072500,1075000
0,86,1077500,1080000
0,86,1080000,1082500
0,86,1215000,1217500
1,86,70000,72500
1,86,72500,75000
1,86,75000,77500
1,86,77500,80000
1,86,127500,130000
1,86,130000,132500
1,86,132500,135000
1,86,150000,152500
1,86,152500,155000
1,86,167500,170000
1,86,177500,180000
1,86,180000,182500
1,86,182500,185000
1,86,187500,190000
1,86,190000,192500
1,86,192500,195000
1,86,195000,197500
1,86,600000,602500
1,86,775000,777500
1,86,777500,780000
1,86,780000,782500
1,86,782500,785000
1,86,867500,870000
1,86,870000,872500
1,86,872500,875000
1,86,875000,877500
1,86,877500,880000
1,86,880000,882500
1,86,882500,885000
1,86,885000,887500
1,86,887500,890000
1,86,890000,892500
1,86,892500,895000
1,86,895000,897500
1,86,897500,900000
1,86,955000,957500
1,86,965000,967500
1,86,980000,982500
1,86,982500,985000
1,86,985000,987500
1,86,987500,990000
1,86,990000,992500
1,86,992500,995000
1,86,995000,997500
1,86,1015000,1017500
1,86,1017500,1020000
1,86,1052500,1055000
1,86,1055000,1057500
1,86,1057500,1060000
1,86,1060000,1062500
1,86,1067500,1070000
1,86,1070000,1072500
1,86,1075000,1077500
1,86,1077500,1080000
1,86,1197500,1200000
2,86,287500,290000
2,86,340000,342500
2,86,342500,345000
2,86,345000,347500
2,86,355000,357500
2,86,357500,360000
2,86,360000,362500
2,86,412500,415000
2,86,415000,417500
2,86,457500,460000
2,86,787500,790000
2,86,790000,792500
2,86,990000,992500
2,86,992500,995000
2,86,995000,997500
2,86,1000000,1002500
2,86,1015000,1017500
2,86,1017500,1020000
2,86,1100000,1102500
2,86,1175000,1177500
2,86,1180000,1182500
2,86,1320000,1322500
3,86,290000,292500
3,86,292500,295000
3,86,342500,345000
3,86,345000,347500
3,86,347500,350000
3,86,357500,360000
3,86,360000,362500
3,86,410000,412500
3,86,412500,415000
3,86,785000,787500
3,86,787500,790000
3,86,790000,792500
3,86,927500,930000
3,86,930000,932500
3,86,987500,990000
3,86,990000,992500
3,86,992500,995000
3,86,997500,1000000
3,86,1012500,1015000
3,86,1015000,1017500
3,86,1097500,1100000
3,86,1100000,1102500
3,86,1172500,1175000
3,86,1175000,1177500
3,86,1177500,1180000
3,86,1317500,1320000
4,86,287500,290000
4,86,290000,292500
4,86,340000,342500
4,86,342500,345000
4,86,457500,460000
4,86,512500,515000
4,86,515000,517500
4,86,727500,730000
4,86,730000,732500
4,86,732500,735000
4,86,735000,737500
4,86,737500,740000
4,86,740000,742500
4,86,742500,745000
4,86,745000,747500
4,86,747500,750000
4,86,757500,760000
4,86,767500,770000
4,86,770000,772500
4,86,772500,775000
4,86,775000,777500
4,86,787500,790000
4,86,790000,792500
4,86,975000,977500
4,86,977500,980000
4,86,980000,982500
4,86,1275000,1277500
4,86,1277500,1280000
4,86,1280000,1282500
4,86,1385000,1387500
4,86,1402500,1405000
4,86,1405000,1407500
4,86,1407500,1410000
4,86,1410000,1412500
4,86,1412500,1415000
4,86,1415000,1417500
4,86,1417500,1420000
4,86,1420000,1422500
4,86,1422500,1425000
4,86,1425000,1427500
4,86,1427500,1430000
4,86,1430000,1432500
4,86,1432500,1435000
4,86,1435000,1437500
5,86,287500,290000
5,86,290000,292500
5,86,292500,295000
5,86,510000,512500
5,86,512500,515000
5,86,725000,727500
5,86,727500,730000
5,86,730000,732500
5,86,732500,735000
5,86,735000,737500
5,86,737500,740000
5,86,740000,742500
5,86,742500,745000
5,86,745000,747500
5,86,750000,752500
5,86,752500,755000
5,86,760000,762500
5,86,770000,772500
5,86,772500,775000
5,86,785000,787500
5,86,787500,790000
5,86,790000,792500
5,86,792500,795000
5,86,972500,975000
5,86,975000,977500
5,86,977500,980000
5,86,1195000,1197500
5,86,1217500,1220000
5,86,1275000,1277500
5,86,1277500,1280000
5,86,1382500,1385000
5,86,1385000,1387500
5,86,1402500,1405000
5,86,1405000,1407500
5,86,1407500,1410000
5,86,1410000,1412500
5,86,1412500,1415000
5,86,1415000,1417500
5,86,1417500,1420000
5,86,1420000,1422500
5,86,1422500,1425000
5,86,1425000,1427500
5,86,1427500,1430000
5,86,1430000,1432500
5,86,1432500,1435000
5,86,1435000,1437500
0,87,27500,30000
0,87,30000,32500
0,87,32500,35000
0,87,35000,37500
0,87,47500,50000
0,87,50000,52500
0,87,52500,55000
0,87,62500,65000
0,87,82500,85000
0,87,85000,87500
0,87,110000,112500
0,87,112500,115000
0,87,117500,120000
0,87,120000,122500
0,87,122500,125000
0,87,125000,127500
0,87,137500,140000
0,87,140000,142500
0,87,162500,165000
0,87,165000,167500
0,87,167500,170000
0,87,170000,172500
0,87,172500,175000
0,87,175000,177500
0,87,177500,180000
0,87,180000,182500
0,87,182500,185000
0,87,185000,187500
0,87,187500,190000
0,87,200000,202500
0,87,202500,205000
0,87,205000,207500
0,87,210000,212500
0,87,215000,217500
0,87,217500,220000
0,87,222500,225000
0,87,225000,227500
0,87,230000,232500
0,87,235000,237500
0,87,242500,245000
0,87,250000,252500
0,87,252500,255000
0,87,255000,257500
0,87,257500,260000
0,87,260000,262500
0,87,262500,265000
0,87,265000,267500
0,87,267500,270000
0,87,270000,272500
0,87,272500,275000
0,87,275000,277500
0,87,277500,280000
0,87,280000,282500
0,87,282500,285000
0,87,302500,305000
0,87,305000,307500
0,87,342500,345000
0,87,345000,347500
0,87,362500,365000
0,87,365000,367500
0,87,367500,370000
0,87,370000,372500
0,87,372500,375000
0,87,375000,377500
0,87,377500,380000
0,87,380000,382500
0,87,390000,392500
0,87,392500,395000
0,87,395000,397500
0,87,402500,405000
0,87,450000,452500
0,87,455000,457500
0,87,457500,460000
0,87,480000,482500
0,87,495000,497500
0,87,512500,515000
0,87,522500,525000
0,87,525000,527500
0,87,527500,530000
0,87,530000,532500
0,87,532500,535000
0,87,535000,537500
0,87,537500,540000
0,87,540000,542500
0,87,542500,545000
0,87,545000,547500
0,87,557500,560000
0,87,560000,562500
0,87,602500,605000
0,87,635000,637500
0,87,637500,640000
0,87,640000,642500
0,87,642500,645000
0,87,645000,647500
0,87,652500,655000
0,87,655000,657500
0,87,662500,665000
0,87,670000,672500
0,87,672500,675000
0,87,677500,680000
0,87,680000,682500
0,87,750000,752500
0,87,752500,755000
0,87,755000,757500
0,87,762500,765000
0,87,765000,767500
0,87,767500,770000
0,87,770000,772500
0,87,772500,775000
0,87,785000,787500
0,87,787500,790000
0,87,790000,792500
0,87,792500,795000
0,87,795000,797500
0,87,797500,800000
0,87,800000,802500
0,87,812500,815000
0,87,815000,817500
0,87,825000,827500
0,87,827500,830000
0,87,830000,832500
0,87,832500,835000
0,87,835000,837500
0,87,837500,840000
0,87,877500,880000
0,87,880000,882500
0,87,882500,885000
0,87,885000,887500
0,87,887500,890000
0,87,890000,892500
0,87,892500,895000
0,87,895000,897500
0,87,902500,905000
0,87,927500,930000
0,87,930000,932500
0,87,932500,935000
0,87,935000,937500
0,87,937500,940000
0,87,940000,942500
0,87,942500,945000
0,87,970000,972500
0,87,972500,975000
0,87,975000,977500
0,87,977500,980000
0,87,990000,992500
0,87,1000000,1002500
0,87,1002500,1005000
0,87,1005000,1007500
0,87,1007500,1010000
0,87,1010000,1012500
0,87,1012500,1015000
0,87,1015000,1017500
0,87,1027500,1030000
0,87,1030000,1032500
0,87,1037500,1040000
0,87,1062500,1065000
0,87,1070000,1072500
0,87,1082500,1085000
0,87,1085000,1087500
0,87,1182500,1185000
0,87,1185000,1187500
0,87,1190000,1192500
0,87,1197500,1200000
0,87,1227500,1230000
0,87,1230000,1232500
0,87,1232500,1235000
0,87,1235000,1237500
0,87,1237500,1240000
0,87,1240000,1242500
0,87,1242500,1245000
0,87,1245000,1247500
0,87,1247500,1250000
0,87,1267500,1270000
0,87,1350000,1352500
0,87,1380000,1382500
0,87,1382500,1385000
0,87,1385000,1387500
0,87,1465000,1467500
0,87,1470000,1472500
1,87,20000,22500
1,87,22500,25000
1,87,30000,32500
1,87,32500,35000
1,87,35000,37500
1,87,37500,40000
1,87,50000,52500
1,87,60000,62500
1,87,80000,82500
1,87,82500,85000
1,87,107500,110000
1,87,110000,112500
1,87,115000,117500
1,87,117500,120000
1,87,120000,122500
1,87,122500,125000
1,87,132500,135000
1,87,135000,137500
1,87,140000,142500
1,87,160000,162500
1,87,162500,165000
1,87,165000,167500
1,87,167500,170000
1,87,170000,172500
1,87,172500,175000
1,87,175000,177500
1,87,177500,180000
1,87,180000,182500
1,87,182500,185000
1,87,185000,187500
1,87,187500,190000
1,87,190000,192500
1,87,202500,205000
1,87,207500,210000
1,87,212500,215000
1,87,215000,217500
1,87,220000,222500
1,87,222500,225000
1,87,227500,230000
1,87,232500,235000
1,87,240000,242500
1,87,247500,250000
1,87,250000,252500
1,87,252500,255000
1,87,255000,257500
1,87,257500,260000
1,87,260000,262500
1,87,262500,265000
1,87,265000,267500
1,87,267500,270000
1,87,270000,272500
1,87,272500,275000
1,87,275000,277500
1,87,277500,280000
1,87,280000,282500
1,87,282500,285000
1,87,285000,287500
1,87,342500,345000
1,87,347500,350000
1,87,350000,352500
1,87,365000,367500
1,87,367500,370000
1,87,370000,372500
1,87,372500,375000
1,87,375000,377500
1,87,377500,380000
1,87,380000,382500
1,87,382500,385000
1,87,392500,395000
1,87,395000,397500
1,87,397500,400000
1,87,405000,407500
1,87,452500,455000
1,87,457500,460000
1,87,460000,462500
1,87,482500,485000
1,87,497500,500000
1,87,515000,517500
1,87,525000,527500
1,87,527500,530000
1,87,530000,532500
1,87,532500,535000
1,87,535000,537500
1,87,537500,540000
1,87,540000,542500
1,87,542500,545000
1,87,545000,547500
1,87,547500,550000
1,87,600000,602500
1,87,632500,635000
1,87,635000,637500
1,87,637500,640000
1,87,640000,642500
1,87,642500,645000
1,87,645000,647500
1,87,647500,650000
1,87,660000,662500
1,87,667500,670000
1,87,670000,672500
1,87,675000,677500
1,87,677500,680000
1,87,680000,682500
1,87,682500,685000
1,87,737500,740000
1,87,740000,742500
1,87,752500,755000
1,87,755000,757500
1,87,757500,760000
1,87,765000,767500
1,87,767500,770000
1,87,770000,772500
1,87,772500,775000
1,87,775000,777500
1,87,787500,790000
1,87,790000,792500
1,87,792500,795000
1,87,795000,797500
1,87,797500,800000
1,87,810000,812500
1,87,812500,815000
1,87,815000,817500
1,87,817500,820000
1,87,827500,830000
1,87,830000,832500
1,87,832500,835000
1,87,835000,837500
1,87,837500,840000
1,87,880000,882500
1,87,882500,885000
1,87,885000,887500
1,87,887500,890000
1,87,890000,892500
1,87,892500,895000
1,87,895000,897500
1,87,897500,900000
1,87,905000,907500
1,87,930000,932500
1,87,932500,935000
1,87,935000,937500
1,87,937500,940000
1,87,940000,942500
1,87,942500,945000
1,87,945000,947500
1,87,972500,975000
1,87,975000,977500
1,87,977500,980000
1,87,997500,1000000
1,87,1002500,1005000
1,87,1005000,1007500
1,87,1007500,1010000
1,87,1010000,1012500
1,87,1012500,1015000
1,87,1015000,1017500
1,87,1017500,1020000
1,87,1030000,1032500
1,87,1032500,1035000
1,87,1040000,1042500
1,87,1065000,1067500
1,87,1072500,1075000
1,87,1172500,1175000
1,87,1175000,1177500
1,87,1187500,1190000
1,87,1195000,1197500
1,87,1200000,1202500
1,87,1225000,1227500
1,87,1227500,1230000
1,87,1230000,1232500
1,87,1232500,1235000
1,87,1235000,1237500
1,87,1237500,1240000
1,87,1240000,1242500
1,87,1242500,1245000
1,87,1245000,1247500
1,87,1255000,1257500
1,87,1347500,1350000
1,87,1355000,1357500
1,87,1382500,1385000
1,87,1385000,1387500
1,87,1387500,1390000
1,87,1467500,1470000
2,87,180000,182500
2,87,182500,185000
2,87,185000,187500
2,87,187500,190000
2,87,202500,205000
2,87,205000,207500
2,87,207500,210000
2,87,210000,212500
2,87,540000,542500
2,87,730000,732500
2,87,732500,735000
2,87,735000,737500
2,87,737500,740000
2,87,750000,752500
2,87,765000,767500
2,87,992500,995000
2,87,1085000,1087500
2,87,1087500,1090000
2,87,1090000,1092500
3,87,177500,180000
3,87,180000,182500
3,87,182500,185000
3,87,185000,187500
3,87,187500,190000
3,87,190000,192500
3,87,202500,205000
3,87,205000,207500
3,87,207500,210000
3,87,537500,540000
3,87,727500,730000
3,87,730000,732500
3,87,732500,735000
3,87,735000,737500
3,87,737500,740000
3,87,740000,742500
3,87,815000,817500
3,87,817500,820000
3,87,1085000,1087500
3,87,1087500,1090000
4,87,200000,202500
4,87,457500,460000
4,87,480000,482500
4,87,495000,497500
4,87,727500,730000
4,87,930000,932500
4,87,1062500,1065000
4,87,1220000,1222500
4,87,1222500,1225000
5,87,187500,190000
5,87,190000,192500
5,87,285000,287500
5,87,457500,460000
5,87,460000,462500
5,87,497500,500000
5,87,547500,550000
5,87,682500,685000
5,87,725000,727500
5,87,837500,840000
5,87,840000,842500
5,87,980000,982500
5,87,1175000,1177500
5,87,1355000,1357500
0,88,10000,12500
0,88,15000,17500
0,88,45000,47500
0,88,47500,50000
0,88,57500,60000
0,88,60000,62500
0,88,62500,65000
0,88,65000,67500
0,88,67500,70000
0,88,70000,72500
0,88,72500,75000
0,88,75000,77500
0,88,77500,80000
0,88,80000,82500
0,88,82500,85000
0,88,85000,87500
0,88,87500,90000
0,88,90000,92500
0,88,92500,95000
0,88,95000,97500
0,88,97500,100000
0,88,100000,102500
0,88,102500,105000
0,88,105000,107500
0,88,107500,110000
0,88,110000,112500
0,88,112500,115000
0,88,115000,117500
0,88,117500,120000
0,88,120000,122500
0,88,122500,125000
0,88,125000,127500
0,88,127500,130000
0,88,130000,132500
0,88,132500,135000
0,88,135000,137500
0,88,137500,140000
0,88,140000,142500
0,88,142500,145000
0,88,145000,147500
0,88,147500,150000
0,88,150000,152500
0,88,152500,155000
0,88,155000,157500
0,88,157500,160000
0,88,160000,162500
0,88,162500,165000
0,88,165000,167500
0,88,167500,170000
0,88,170000,172500
0,88,172500,175000
0,88,175000,177500
0,88,200000,202500
0,88,285000,287500
0,88,317500,320000
0,88,320000,322500
0,88,342500,345000
0,88,345000,347500
0,88,347500,350000
0,88,350000,352500
0,88,352500,355000
0,88,355000,357500
0,88,357500,360000
0,88,360000,362500
0,88,362500,365000
0,88,545000,547500
0,88,547500,550000
0,88,600000,602500
0,88,715000,717500
0,88,717500,720000
0,88,725000,727500
0,88,730000,732500
0,88,732500,735000
0,88,735000,737500
0,88,737500,740000
0,88,740000,742500
0,88,742500,745000
0,88,745000,747500
0,88,747500,750000
0,88,755000,757500
0,88,787500,790000
0,88,845000,847500
0,88,847500,850000
0,88,850000,852500
0,88,852500,855000
0,88,855000,857500
0,88,857500,860000
0,88,860000,862500
0,88,862500,865000
0,88,865000,867500
0,88,867500,870000
0,88,885000,887500
0,88,887500,890000
0,88,890000,892500
0,88,892500,895000
0,88,895000,897500
0,88,897500,900000
0,88,945000,947500
0,88,947500,950000
0,88,950000,952500
0,88,952500,955000
0,88,955000,957500
0,88,960000,962500
0,88,962500,965000
0,88,965000,967500
0,88,967500,970000
0,88,970000,972500
0,88,1072500,1075000
0,88,1075000,1077500
0,88,1077500,1080000
0,88,1100000,1102500
0,88,1102500,1105000
0,88,1120000,1122500
0,88,1122500,1125000
0,88,1125000,1127500
0,88,1127500,1130000
0,88,1130000,1132500
0,88,1132500,1135000
0,88,1135000,1137500
0,88,1137500,1140000
0,88,1140000,1142500
0,88,1142500,1145000
0,88,1145000,1147500
0,88,1147500,1150000
0,88,1150000,1152500
0,88,1152500,1155000
0,88,1162500,1165000
0,88,1165000,1167500
0,88,1167500,1170000
0,88,1170000,1172500
0,88,1172500,1175000
0,88,1175000,1177500
0,88,1177500,1180000
0,88,1180000,1182500
0,88,1230000,1232500
0,88,1232500,1235000
0,88,1235000,1237500
0,88,1237500,1240000
0,88,1240000,1242500
0,88,1260000,1262500
0,88,1262500,1265000
0,88,1265000,1267500
0,88,1267500,1270000
0,88,1270000,1272500
0,88,1280000,1282500
0,88,1282500,1285000
0,88,1285000,1287500
0,88,1287500,1290000
0,88,1290000,1292500
0,88,1292500,1295000
0,88,1295000,1297500
0,88,1297500,1300000
0,88,1300000,1302500
0,88,1310000,1312500
0,88,1312500,1315000
0,88,1315000,1317500
0,88,1317500,1320000
0,88,1320000,1322500
0,88,1322500,1325000
0,88,1325000,1327500
0,88,1330000,1332500
0,88,1332500,1335000
0,88,1335000,1337500
0,88,1337500,1340000
0,88,1340000,1342500
0,88,1342500,1345000
0,88,1360000,1362500
0,88,1362500,1365000
0,88,1365000,1367500
0,88,1380000,1382500
0,88,1382500,1385000
0,88,1410000,1412500
0,88,1435000,1437500
1,88,7500,10000
1,88,12500,15000
1,88,42500,45000
1,88,45000,47500
1,88,55000,57500
1,88,57500,60000
1,88,60000,62500
1,88,62500,65000
1,88,65000,67500
1,88,67500,70000
1,88,70000,72500
1,88,72500,75000
1,88,75000,77500
1,88,77500,80000
1,88,80000,82500
1,88,82500,85000
1,88,85000,87500
1,88,87500,90000
1,88,90000,92500
1,88,92500,95000
1,88,95000,97500
1,88,97500,100000
1,88,100000,102500
1,88,102500,105000
1,88,105000,107500
1,88,107500,110000
1,88,110000,112500
1,88,112500,115000
1,88,115000,117500
1,88,117500,120000
1,88,120000,122500
1,88,122500,125000
1,88,125000,127500
1,88,127500,130000
1,88,130000,132500
1,88,132500,135000
1,88,135000,137500
1,88,137500,140000
1,88,140000,142500
1,88,142500,145000
1,88,145000,147500
1,88,147500,150000
1,88,150000,152500
1,88,152500,155000
1,88,155000,157500
1,88,157500,160000
1,88,160000,162500
1,88,162500,165000
1,88,165000,167500
1,88,167500,170000
1,88,170000,172500
1,88,172500,175000
1,88,175000,177500
1,88,192500,195000
1,88,195000,197500
1,88,282500,285000
1,88,285000,287500
1,88,287500,290000
1,88,340000,342500
1,88,342500,345000
1,88,345000,347500
1,88,347500,350000
1,88,350000,352500
1,88,352500,355000
1,88,355000,357500
1,88,357500,360000
1,88,360000,362500
1,88,560000,562500
1,88,677500,680000
1,88,715000,717500
1,88,722500,725000
1,88,727500,730000
1,88,730000,732500
1,88,732500,735000
1,88,735000,737500
1,88,737500,740000
1,88,740000,742500
1,88,742500,745000
1,88,745000,747500
1,88,747500,750000
1,88,750000,752500
1,88,845000,847500
1,88,847500,850000
1,88,850000,852500
1,88,852500,855000
1,88,855000,857500
1,88,857500,860000
1,88,860000,862500
1,88,862500,865000
1,88,865000,867500
1,88,882500,885000
1,88,885000,887500
1,88,887500,890000
1,88,890000,892500
1,88,892500,895000
1,88,895000,897500
1,88,942500,945000
1,88,945000,947500
1,88,947500,950000
1,88,950000,952500
1,88,952500,955000
1,88,957500,960000
1,88,960000,962500
1,88,962500,965000
1,88,965000,967500
1,88,967500,970000
1,88,1070000,1072500
1,88,1072500,1075000
1,88,1075000,1077500
1,88,1082500,1085000
1,88,1085000,1087500
1,88,1100000,1102500
1,88,1117500,1120000
1,88,1120000,1122500
1,88,1122500,1125000
1,88,1125000,1127500
1,88,1127500,1130000
1,88,1130000,1132500
1,88,1132500,1135000
1,88,1135000,1137500
1,88,1137500,1140000
1,88,1140000,1142500
1,88,1142500,1145000
1,88,1145000,1147500
1,88,1147500,1150000
1,88,1150000,1152500
1,88,1160000,1162500
1,88,1162500,1165000
1,88,1165000,1167500
1,88,1167500,1170000
1,88,1170000,1172500
1,88,1172500,1175000
1,88,1175000,1177500
1,88,1177500,1180000
1,88,1195000,1197500
1,88,1227500,1230000
1,88,1230000,1232500
1,88,1232500,1235000
1,88,1235000,1237500
1,88,1237500,1240000
1,88,1255000,1257500
1,88,1262500,1265000
1,88,1265000,1267500
1,88,1267500,1270000
1,88,1280000,1282500
1,88,1282500,1285000
1,88,1285000,1287500
1,88,1287500,1290000
1,88,1290000,1292500
1,88,1292500,1295000
1,88,1295000,1297500
1,88,1297500,1300000
1,88,1300000,1302500
1,88,1302500,1305000
1,88,1312500,1315000
1,88,1315000,1317500
1,88,1317500,1320000
1,88,1320000,1322500
1,88,1322500,1325000
1,88,1327500,1330000
1,88,1330000,1332500
1,88,1332500,1335000
1,88,1335000,1337500
1,88,1337500,1340000
1,88,1340000,1342500
1,88,1357500,1360000
1,88,1360000,1362500
1,88,1362500,1365000
1,88,1377500,1380000
1,88,1380000,1382500
1,88,1400000,1402500
1,88,1402500,1405000
1,88,1412500,1415000
2,88,190000,192500
2,88,192500,195000
2,88,785000,787500
2,88,842500,845000
2,88,1055000,1057500
2,88,1060000,1062500
2,88,1062500,1065000
2,88,1067500,1070000
2,88,1070000,1072500
2,88,1097500,1100000
2,88,1100000,1102500
2,88,1215000,1217500
3,88,190000,192500
3,88,790000,792500
3,88,792500,795000
3,88,1052500,1055000
3,88,1057500,1060000
3,88,1060000,1062500
3,88,1065000,1067500
3,88,1067500,1070000
3,88,1197500,1200000
4,88,0,2500
4,88,2500,5000
4,88,5000,7500
4,88,7500,10000
4,88,47500,50000
4,88,52500,55000
4,88,82500,85000
4,88,85000,87500
4,88,187500,190000
4,88,190000,192500
4,88,192500,195000
4,88,202500,205000
4,88,210000,212500
4,88,215000,217500
4,88,217500,220000
4,88,220000,222500
4,88,222500,225000
4,88,227500,230000
4,88,230000,232500
4,88,232500,235000
4,88,235000,237500
4,88,237500,240000
4,88,240000,242500
4,88,242500,245000
4,88,245000,247500
4,88,260000,262500
4,88,262500,265000
4,88,265000,267500
4,88,272500,275000
4,88,275000,277500
4,88,277500,280000
4,88,280000,282500
4,88,282500,285000
4,88,285000,287500
4,88,335000,337500
4,88,337500,340000
4,88,340000,342500
4,88,362500,365000
4,88,365000,367500
4,88,367500,370000
4,88,372500,375000
4,88,375000,377500
4,88,377500,380000
4,88,412500,415000
4,88,432500,435000
4,88,442500,445000
4,88,447500,450000
4,88,452500,455000
4,88,605000,607500
4,88,607500,610000
4,88,610000,612500
4,88,612500,615000
4,88,615000,617500
4,88,617500,620000
4,88,620000,622500
4,88,622500,625000
4,88,625000,627500
4,88,627500,630000
4,88,630000,632500
4,88,675000,677500
4,88,785000,787500
4,88,842500,845000
4,88,932500,935000
4,88,935000,937500
4,88,942500,945000
4,88,945000,947500
4,88,972500,975000
4,88,1022500,1025000
4,88,1025000,1027500
4,88,1037500,1040000
4,88,1097500,1100000
4,88,1277500,1280000
4,88,1280000,1282500
4,88,1352500,1355000
5,88,0,2500
5,88,2500,5000
5,88,5000,7500
5,88,45000,47500
5,88,50000,52500
5,88,80000,82500
5,88,82500,85000
5,88,177500,180000
5,88,190000,192500
5,88,207500,210000
5,88,212500,215000
5,88,215000,217500
5,88,217500,220000
5,88,220000,222500
5,88,225000,227500
5,88,227500,230000
5,88,230000,232500
5,88,232500,235000
5,88,235000,237500
5,88,237500,240000
5,88,240000,242500
5,88,242500,245000
5,88,257500,260000
5,88,260000,262500
5,88,262500,265000
5,88,270000,272500
5,88,272500,275000
5,88,275000,277500
5,88,277500,280000
5,88,280000,282500
5,88,282500,285000
5,88,332500,335000
5,88,335000,337500
5,88,337500,340000
5,88,360000,362500
5,88,362500,365000
5,88,365000,367500
5,88,367500,370000
5,88,370000,372500
5,88,375000,377500
5,88,377500,380000
5,88,380000,382500
5,88,440000,442500
5,88,445000,447500
5,88,450000,452500
5,88,455000,457500
5,88,557500,560000
5,88,560000,562500
5,88,602500,605000
5,88,607500,610000
5,88,610000,612500
5,88,612500,615000
5,88,615000,617500
5,88,617500,620000
5,88,620000,622500
5,88,622500,625000
5,88,625000,627500
5,88,627500,630000
5,88,630000,632500
5,88,632500,635000
5,88,677500,680000
5,88,747500,750000
5,88,750000,752500
5,88,757500,760000
5,88,790000,792500
5,88,792500,795000
5,88,927500,930000
5,88,930000,932500
5,88,940000,942500
5,88,942500,945000
5,88,970000,972500
5,88,995000,997500
5,88,997500,1000000
5,88,1035000,1037500
5,88,1197500,1200000
5,88,1270000,1272500
5,88,1272500,1275000
5,88,1350000,1352500
0,89,7500,10000
0,89,10000,12500
0,89,12500,15000
0,89,15000,17500
0,89,45000,47500
0,89,50000,52500
0,89,52500,55000
0,89,57500,60000
0,89,60000,62500
0,89,62500,65000
0,89,65000,67500
0,89,75000,77500
0,89,77500,80000
0,89,80000,82500
0,89,82500,85000
0,89,92500,95000
0,89,95000,97500
0,89,97500,100000
0,89,100000,102500
0,89,102500,105000
0,89,105000,107500
0,89,107500,110000
0,89,110000,112500
0,89,112500,115000
0,89,115000,117500
0,89,117500,120000
0,89,135000,137500
0,89,137500,140000
0,89,140000,142500
0,89,142500,145000
0,89,145000,147500
0,89,147500,150000
0,89,152500,155000
0,89,155000,157500
0,89,157500,160000
0,89,160000,162500
0,89,162500,165000
0,89,165000,167500
0,89,167500,170000
0,89,172500,175000
0,89,180000,182500
0,89,182500,185000
0,89,185000,187500
0,89,187500,190000
0,89,190000,192500
0,89,192500,195000
0,89,195000,197500
0,89,207500,210000
0,89,210000,212500
0,89,212500,215000
0,89,215000,217500
0,89,217500,220000
0,89,220000,222500
0,89,222500,225000
0,89,225000,227500
0,89,227500,230000
0,89,230000,232500
0,89,232500,235000
0,89,235000,237500
0,89,237500,240000
0,89,240000,242500
0,89,242500,245000
0,89,245000,247500
0,89,247500,250000
0,89,250000,252500
0,89,252500,255000
0,89,255000,257500
0,89,257500,260000
0,89,260000,262500
0,89,262500,265000
0,89,265000,267500
0,89,267500,270000
0,89,270000,272500
0,89,272500,275000
0,89,275000,277500
0,89,277500,280000
0,89,280000,282500
0,89,282500,285000
0,89,285000,287500
0,89,292500,295000
0,89,302500,305000
0,89,305000,307500
0,89,320000,322500
0,89,322500,325000
0,89,325000,327500
0,89,327500,330000
0,89,330000,332500
0,89,332500,335000
0,89,335000,337500
0,89,337500,340000
0,89,340000,342500
0,89,342500,345000
0,89,365000,367500
0,89,367500,370000
0,89,375000,377500
0,89,377500,380000
0,89,380000,382500
0,89,467500,470000
0,89,477500,480000
0,89,482500,485000
0,89,485000,487500
0,89,487500,490000
0,89,510000,512500
0,89,512500,515000
0,89,535000,537500
0,89,540000,542500
0,89,550000,552500
0,89,552500,555000
0,89,555000,557500
0,89,557500,560000
0,89,560000,562500
0,89,562500,565000
0,89,565000,567500
0,89,567500,570000
0,89,570000,572500
0,89,572500,575000
0,89,575000,577500
0,89,630000,632500
0,89,632500,635000
0,89,635000,637500
0,89,637500,640000
0,89,640000,642500
0,89,642500,645000
0,89,645000,647500
0,89,647500,650000
0,89,650000,652500
0,89,652500,655000
0,89,655000,657500
0,89,680000,682500
0,89,742500,745000
0,89,745000,747500
0,89,750000,752500
0,89,777500,780000
0,89,780000,782500
0,89,782500,785000
0,89,785000,787500
0,89,787500,790000
0,89,790000,792500
0,89,797500,800000
0,89,800000,802500
0,89,802500,805000
0,89,805000,807500
0,89,807500,810000
0,89,810000,812500
0,89,812500,815000
0,89,815000,817500
0,89,817500,820000
0,89,820000,822500
0,89,822500,825000
0,89,825000,827500
0,89,827500,830000
0,89,830000,832500
0,89,832500,835000
0,89,835000,837500
0,89,837500,840000
0,89,840000,842500
0,89,842500,845000
0,89,850000,852500
0,89,870000,872500
0,89,872500,875000
0,89,875000,877500
0,89,877500,880000
0,89,880000,882500
0,89,882500,885000
0,89,885000,887500
0,89,887500,890000
0,89,890000,892500
0,89,892500,895000
0,89,895000,897500
0,89,897500,900000
0,89,900000,902500
0,89,930000,932500
0,89,932500,935000
0,89,935000,937500
0,89,937500,940000
0,89,940000,942500
0,89,942500,945000
0,89,945000,947500
0,89,972500,975000
0,89,980000,982500
0,89,1012500,1015000
0,89,1052500,1055000
0,89,1055000,1057500
0,89,1057500,1060000
0,89,1060000,1062500
0,89,1062500,1065000
0,89,1065000,1067500
0,89,1067500,1070000
0,89,1070000,1072500
0,89,1122500,1125000
0,89,1125000,1127500
0,89,1175000,1177500
0,89,1177500,1180000
0,89,1182500,1185000
0,89,1185000,1187500
0,89,1200000,1202500
0,89,1202500,1205000
0,89,1205000,1207500
0,89,1207500,1210000
0,89,1210000,1212500
0,89,1212500,1215000
0,89,1215000,1217500
0,89,1217500,1220000
0,89,1220000,1222500
0,89,1222500,1225000
0,89,1225000,1227500
0,89,1247500,1250000
0,89,1250000,1252500
0,89,1252500,1255000
0,89,1255000,1257500
0,89,1322500,1325000
0,89,1325000,1327500
0,89,1327500,1330000
0,89,1347500,1350000
0,89,1350000,1352500
0,89,1352500,1355000
0,89,1355000,1357500
0,89,1357500,1360000
0,89,1365000,1367500
0,89,1385000,1387500
0,89,1387500,1390000
1,89,5000,7500
1,89,7500,10000
1,89,10000,12500
1,89,12500,15000
1,89,42500,45000
1,89,47500,50000
1,89,50000,52500
1,89,55000,57500
1,89,57500,60000
1,89,60000,62500
1,89,62500,65000
1,89,72500,75000
1,89,75000,77500
1,89,77500,80000
1,89,80000,82500
1,89,90000,92500
1,89,92500,95000
1,89,95000,97500
1,89,97500,100000
1,89,100000,102500
1,89,102500,105000
1,89,105000,107500
1,89,107500,110000
1,89,110000,112500
1,89,112500,115000
1,89,115000,117500
1,89,132500,135000
1,89,135000,137500
1,89,137500,140000
1,89,140000,142500
1,89,142500,145000
1,89,145000,147500
1,89,150000,152500
1,89,152500,155000
1,89,155000,157500
1,89,157500,160000
1,89,160000,162500
1,89,162500,165000
1,89,165000,167500
1,89,170000,172500
1,89,177500,180000
1,89,180000,182500
1,89,182500,185000
1,89,185000,187500
1,89,187500,190000
1,89,190000,192500
1,89,192500,195000
1,89,205000,207500
1,89,207500,210000
1,89,210000,212500
1,89,212500,215000
1,89,215000,217500
1,89,217500,220000
1,89,220000,222500
1,89,222500,225000
1,89,225000,227500
1,89,227500,230000
1,89,230000,232500
1,89,232500,235000
1,89,235000,237500
1,89,237500,240000
1,89,240000,242500
1,89,242500,245000
1,89,245000,247500
1,89,247500,250000
1,89,250000,252500
1,89,252500,255000
1,89,255000,257500
1,89,257500,260000
1,89,260000,262500
1,89,262500,265000
1,89,265000,267500
1,89,267500,270000
1,89,270000,272500
1,89,272500,275000
1,89,275000,277500
1,89,277500,280000
1,89,280000,282500
1,89,282500,285000
1,89,290000,292500
1,89,300000,302500
1,89,302500,305000
1,89,317500,320000
1,89,320000,322500
1,89,322500,325000
1,89,325000,327500
1,89,327500,330000
1,89,330000,332500
1,89,332500,335000
1,89,335000,337500
1,89,337500,340000
1,89,340000,342500
1,89,362500,365000
1,89,365000,367500
1,89,372500,375000
1,89,375000,377500
1,89,377500,380000
1,89,465000,467500
1,89,475000,477500
1,89,480000,482500
1,89,482500,485000
1,89,485000,487500
1,89,507500,510000
1,89,510000,512500
1,89,532500,535000
1,89,537500,540000
1,89,547500,550000
1,89,550000,552500
1,89,552500,555000
1,89,555000,557500
1,89,557500,560000
1,89,560000,562500
1,89,562500,565000
1,89,565000,567500
1,89,567500,570000
1,89,570000,572500
1,89,572500,575000
1,89,600000,602500
1,89,602500,605000
1,89,632500,635000
1,89,635000,637500
1,89,637500,640000
1,89,640000,642500
1,89,642500,645000
1,89,645000,647500
1,89,647500,650000
1,89,650000,652500
1,89,652500,655000
1,89,677500,680000
1,89,740000,742500
1,89,742500,745000
1,89,747500,750000
1,89,775000,777500
1,89,777500,780000
1,89,780000,782500
1,89,782500,785000
1,89,785000,787500
1,89,787500,790000
1,89,795000,797500
1,89,797500,800000
1,89,800000,802500
1,89,802500,805000
1,89,805000,807500
1,89,807500,810000
1,89,810000,812500
1,89,812500,815000
1,89,815000,817500
1,89,817500,820000
1,89,820000,822500
1,89,822500,825000
1,89,825000,827500
1,89,827500,830000
1,89,830000,832500
1,89,832500,835000
1,89,835000,837500
1,89,837500,840000
1,89,840000,842500
1,89,847500,850000
1,89,867500,870000
1,89,870000,872500
1,89,872500,875000
1,89,875000,877500
1,89,877500,880000
1,89,880000,882500
1,89,882500,885000
1,89,885000,887500
1,89,887500,890000
1,89,890000,892500
1,89,892500,895000
1,89,895000,897500
1,89,897500,900000
1,89,927500,930000
1,89,930000,932500
1,89,932500,935000
1,89,935000,937500
1,89,937500,940000
1,89,940000,942500
1,89,942500,945000
1,89,970000,972500
1,89,977500,980000
1,89,1010000,1012500
1,89,1050000,1052500
1,89,1052500,1055000
1,89,1055000,1057500
1,89,1057500,1060000
1,89,1060000,1062500
1,89,1062500,1065000
1,89,1065000,1067500
1,89,1067500,1070000
1,89,1122500,1125000
1,89,1172500,1175000
1,89,1175000,1177500
1,89,1180000,1182500
1,89,1182500,1185000
1,89,1197500,1200000
1,89,1200000,1202500
1,89,1202500,1205000
1,89,1205000,1207500
1,89,1207500,1210000
1,89,1210000,1212500
1,89,1212500,1215000
1,89,1215000,1217500
1,89,1217500,1220000
1,89,1220000,1222500
1,89,1222500,1225000
1,89,1225000,1227500
1,89,1247500,1250000
1,89,1250000,1252500
1,89,1252500,1255000
1,89,1320000,1322500
1,89,1322500,1325000
1,89,1325000,1327500
1,89,1345000,1347500
1,89,1347500,1350000
1,89,1350000,1352500
1,89,1352500,1355000
1,89,1355000,1357500
1,89,1362500,1365000
1,89,1367500,1370000
1,89,1382500,1385000
1,89,1385000,1387500
2,89,0,2500
2,89,2500,5000
2,89,5000,7500
2,89,7500,10000
2,89,22500,25000
2,89,25000,27500
2,89,27500,30000
2,89,30000,32500
2,89,32500,35000
2,89,35000,37500
2,89,287500,290000
2,89,290000,292500
2,89,292500,295000
2,89,295000,297500
2,89,297500,300000
2,89,300000,302500
2,89,302500,305000
2,89,305000,307500
2,89,307500,310000
2,89,310000,312500
2,89,312500,315000
2,89,315000,317500
2,89,317500,320000
2,89,320000,322500
2,89,777500,780000
2,89,780000,782500
2,89,782500,785000
2,89,785000,787500
2,89,792500,795000
2,89,795000,797500
2,89,797500,800000
2,89,800000,802500
2,89,802500,805000
2,89,805000,807500
2,89,807500,810000
2,89,810000,812500
2,89,812500,815000
2,89,815000,817500
2,89,817500,820000
2,89,820000,822500
2,89,822500,825000
2,89,825000,827500
2,89,827500,830000
2,89,830000,832500
2,89,832500,835000
2,89,835000,837500
2,89,837500,840000
2,89,840000,842500
2,89,842500,845000
2,89,992500,995000
2,89,1015000,1017500
2,89,1017500,1020000
2,89,1087500,1090000
2,89,1090000,1092500
2,89,1092500,1095000
2,89,1100000,1102500
2,89,1102500,1105000
3,89,0,2500
3,89,2500,5000
3,89,5000,7500
3,89,20000,22500
3,89,22500,25000
3,89,25000,27500
3,89,27500,30000
3,89,30000,32500
3,89,32500,35000
3,89,285000,287500
3,89,287500,290000
3,89,290000,292500
3,89,292500,295000
3,89,295000,297500
3,89,297500,300000
3,89,300000,302500
3,89,302500,305000
3,89,305000,307500
3,89,307500,310000
3,89,310000,312500
3,89,312500,315000
3,89,315000,317500
3,89,317500,320000
3,89,775000,777500
3,89,777500,780000
3,89,780000,782500
3,89,782500,785000
3,89,790000,792500
3,89,792500,795000
3,89,795000,797500
3,89,797500,800000
3,89,800000,802500
3,89,802500,805000
3,89,805000,807500
3,89,807500,810000
3,89,810000,812500
3,89,812500,815000
3,89,815000,817500
3,89,817500,820000
3,89,820000,822500
3,89,822500,825000
3,89,825000,827500
3,89,827500,830000
3,89,830000,832500
3,89,832500,835000
3,89,835000,837500
3,89,837500,840000
3,89,840000,842500
3,89,990000,992500
3,89,1012500,1015000
3,89,1015000,1017500
3,89,1080000,1082500
3,89,1082500,1085000
3,89,1090000,1092500
3,89,1092500,1095000
3,89,1100000,1102500
4,89,677500,680000
4,89,732500,735000
4,89,735000,737500
4,89,737500,740000
4,89,747500,750000
4,89,815000,817500
4,89,835000,837500
5,89,675000,677500
5,89,730000,732500
5,89,732500,735000
5,89,735000,737500
5,89,745000,747500
5,89,812500,815000
5,89,832500,835000
0,90,75000,77500
0,90,77500,80000
0,90,80000,82500
0,90,82500,85000
0,90,97500,100000
0,90,100000,102500
0,90,132500,135000
0,90,135000,137500
0,90,137500,140000
0,90,140000,142500
0,90,142500,145000
0,90,145000,147500
0,90,155000,157500
0,90,157500,160000
0,90,160000,162500
0,90,162500,165000
0,90,165000,167500
0,90,170000,172500
0,90,182500,185000
0,90,185000,187500
0,90,187500,190000
0,90,200000,202500
0,90,202500,205000
0,90,382500,385000
0,90,392500,395000
0,90,395000,397500
0,90,397500,400000
0,90,412500,415000
0,90,467500,470000
0,90,480000,482500
0,90,485000,487500
0,90,507500,510000
0,90,515000,517500
0,90,517500,520000
0,90,522500,525000
0,90,680000,682500
0,90,727500,730000
0,90,730000,732500
0,90,732500,735000
0,90,735000,737500
0,90,737500,740000
0,90,747500,750000
0,90,755000,757500
0,90,775000,777500
0,90,777500,780000
0,90,780000,782500
0,90,787500,790000
0,90,790000,792500
0,90,792500,795000
0,90,842500,845000
0,90,845000,847500
0,90,847500,850000
0,90,862500,865000
0,90,930000,932500
0,90,932500,935000
0,90,937500,940000
0,90,940000,942500
0,90,942500,945000
0,90,945000,947500
0,90,970000,972500
0,90,972500,975000
0,90,975000,977500
0,90,980000,982500
0,90,990000,992500
0,90,992500,995000
0,90,997500,1000000
0,90,1000000,1002500
0,90,1012500,1015000
0,90,1015000,1017500
0,90,1017500,1020000
0,90,1037500,1040000
0,90,1072500,1075000
0,90,1082500,1085000
0,90,1087500,1090000
0,90,1117500,1120000
0,90,1120000,1122500
0,90,1175000,1177500
0,90,1177500,1180000
0,90,1182500,1185000
0,90,1185000,1187500
0,90,1187500,1190000
0,90,1197500,1200000
0,90,1217500,1220000
0,90,1292500,1295000
0,90,1295000,1297500
0,90,1360000,1362500
0,90,1362500,1365000
0,90,1367500,1370000
0,90,1370000,1372500
0,90,1402500,1405000
0,90,1405000,1407500
0,90,1417500,1420000
0,90,1425000,1427500
0,90,1427500,1430000
0,90,1430000,1432500
0,90,1437500,1440000
1,90,65000,67500
1,90,72500,75000
1,90,75000,77500
1,90,77500,80000
1,90,80000,82500
1,90,82500,85000
1,90,95000,97500
1,90,97500,100000
1,90,100000,102500
1,90,135000,137500
1,90,137500,140000
1,90,140000,142500
1,90,142500,145000
1,90,145000,147500
1,90,147500,150000
1,90,157500,160000
1,90,160000,162500
1,90,162500,165000
1,90,165000,167500
1,90,167500,170000
1,90,180000,182500
1,90,182500,185000
1,90,185000,187500
1,90,380000,382500
1,90,390000,392500
1,90,392500,395000
1,90,395000,397500
1,90,410000,412500
1,90,412500,415000
1,90,465000,467500
1,90,467500,470000
1,90,470000,472500
1,90,482500,485000
1,90,495000,497500
1,90,512500,515000
1,90,515000,517500
1,90,520000,522500
1,90,677500,680000
1,90,727500,730000
1,90,730000,732500
1,90,732500,735000
1,90,735000,737500
1,90,745000,747500
1,90,750000,752500
1,90,752500,755000
1,90,757500,760000
1,90,777500,780000
1,90,785000,787500
1,90,787500,790000
1,90,790000,792500
1,90,840000,842500
1,90,842500,845000
1,90,845000,847500
1,90,860000,862500
1,90,927500,930000
1,90,930000,932500
1,90,932500,935000
1,90,935000,937500
1,90,940000,942500
1,90,942500,945000
1,90,967500,970000
1,90,970000,972500
1,90,972500,975000
1,90,977500,980000
1,90,987500,990000
1,90,990000,992500
1,90,992500,995000
1,90,995000,997500
1,90,1010000,1012500
1,90,1012500,1015000
1,90,1015000,1017500
1,90,1035000,1037500
1,90,1080000,1082500
1,90,1085000,1087500
1,90,1115000,1117500
1,90,1117500,1120000
1,90,1172500,1175000
1,90,1175000,1177500
1,90,1180000,1182500
1,90,1182500,1185000
1,90,1185000,1187500
1,90,1195000,1197500
1,90,1215000,1217500
1,90,1310000,1312500
1,90,1320000,1322500
1,90,1357500,1360000
1,90,1360000,1362500
1,90,1362500,1365000
1,90,1365000,1367500
1,90,1400000,1402500
1,90,1402500,1405000
1,90,1415000,1417500
1,90,1422500,1425000
1,90,1425000,1427500
1,90,1427500,1430000
1,90,1435000,1437500
2,90,330000,332500
2,90,332500,335000
2,90,335000,337500
2,90,460000,462500
2,90,855000,857500
2,90,865000,867500
2,90,1032500,1035000
2,90,1090000,1092500
2,90,1102500,1105000
2,90,1105000,1107500
2,90,1107500,1110000
2,90,1110000,1112500
2,90,1122500,1125000
2,90,1222500,1225000
2,90,1225000,1227500
2,90,1227500,1230000
2,90,1315000,1317500
2,90,1327500,1330000
2,90,1382500,1385000
2,90,1385000,1387500
2,90,1387500,1390000
2,90,1465000,1467500
3,90,327500,330000
3,90,330000,332500
3,90,332500,335000
3,90,335000,337500
3,90,457500,460000
3,90,852500,855000
3,90,862500,865000
3,90,1030000,1032500
3,90,1087500,1090000
3,90,1100000,1102500
3,90,1102500,1105000
3,90,1105000,1107500
3,90,1107500,1110000
3,90,1120000,1122500
3,90,1122500,1125000
3,90,1220000,1222500
3,90,1222500,1225000
3,90,1225000,1227500
3,90,1312500,1315000
3,90,1382500,1385000
3,90,1385000,1387500
4,90,70000,72500
4,90,450000,452500
4,90,452500,455000
4,90,455000,457500
4,90,457500,460000
4,90,870000,872500
4,90,872500,875000
4,90,875000,877500
4,90,877500,880000
4,90,880000,882500
4,90,882500,885000
4,90,885000,887500
4,90,887500,890000
4,90,890000,892500
4,90,892500,895000
4,90,895000,897500
4,90,897500,900000
4,90,900000,902500
4,90,902500,905000
4,90,945000,947500
4,90,962500,965000
4,90,965000,967500
4,90,1202500,1205000
4,90,1205000,1207500
4,90,1207500,1210000
4,90,1210000,1212500
4,90,1212500,1215000
4,90,1215000,1217500
4,90,1295000,1297500
4,90,1297500,1300000
4,90,1300000,1302500
4,90,1302500,1305000
4,90,1305000,1307500
4,90,1307500,1310000
4,90,1310000,1312500
4,90,1327500,1330000
4,90,1330000,1332500
4,90,1370000,1372500
4,90,1372500,1375000
4,90,1375000,1377500
4,90,1397500,1400000
4,90,1417500,1420000
4,90,1420000,1422500
4,90,1422500,1425000
4,90,1427500,1430000
4,90,1432500,1435000
4,90,1435000,1437500
4,90,1467500,1470000
5,90,65000,67500
5,90,67500,70000
5,90,452500,455000
5,90,455000,457500
5,90,867500,870000
5,90,870000,872500
5,90,872500,875000
5,90,875000,877500
5,90,877500,880000
5,90,880000,882500
5,90,882500,885000
5,90,885000,887500
5,90,887500,890000
5,90,890000,892500
5,90,892500,895000
5,90,895000,897500
5,90,897500,900000
5,90,900000,902500
5,90,942500,945000
5,90,945000,947500
5,90,947500,950000
5,90,1200000,1202500
5,90,1202500,1205000
5,90,1205000,1207500
5,90,1207500,1210000
5,90,1210000,1212500
5,90,1212500,1215000
5,90,1272500,1275000
5,90,1275000,1277500
5,90,1295000,1297500
5,90,1297500,1300000
5,90,1300000,1302500
5,90,1302500,1305000
5,90,1305000,1307500
5,90,1307500,1310000
5,90,1320000,1322500
5,90,1332500,1335000
5,90,1370000,1372500
5,90,1372500,1375000
5,90,1375000,1377500
5,90,1395000,1397500
5,90,1415000,1417500
5,90,1417500,1420000
5,90,1420000,1422500
5,90,1425000,1427500
5,90,1430000,1432500
5,90,1432500,1435000
5,90,1465000,1467500
0,91,2500,5000
0,91,17500,20000
0,91,20000,22500
0,91,22500,25000
0,91,42500,45000
0,91,45000,47500
0,91,47500,50000
0,91,50000,52500
0,91,52500,55000
0,91,55000,57500
0,91,57500,60000
0,91,62500,65000
0,91,65000,67500
0,91,67500,70000
0,91,72500,75000
0,91,75000,77500
0,91,77500,80000
0,91,80000,82500
0,91,82500,85000
0,91,85000,87500
0,91,92500,95000
0,91,95000,97500
0,91,97500,100000
0,91,100000,102500
0,91,102500,105000
0,91,105000,107500
0,91,107500,110000
0,91,110000,112500
0,91,112500,115000
0,91,115000,117500
0,91,117500,120000
0,91,120000,122500
0,91,122500,125000
0,91,125000,127500
0,91,135000,137500
0,91,137500,140000
0,91,140000,142500
0,91,142500,145000
0,91,145000,147500
0,91,147500,150000
0,91,150000,152500
0,91,152500,155000
0,91,155000,157500
0,91,157500,160000
0,91,160000,162500
0,91,162500,165000
0,91,167500,170000
0,91,170000,172500
0,91,210000,212500
0,91,212500,215000
0,91,215000,217500
0,91,217500,220000
0,91,220000,222500
0,91,222500,225000
0,91,225000,227500
0,91,227500,230000
0,91,230000,232500
0,91,232500,235000
0,91,235000,237500
0,91,237500,240000
0,91,240000,242500
0,91,242500,245000
0,91,245000,247500
0,91,247500,250000
0,91,250000,252500
0,91,252500,255000
0,91,255000,257500
0,91,257500,260000
0,91,260000,262500
0,91,262500,265000
0,91,265000,267500
0,91,267500,270000
0,91,270000,272500
0,91,272500,275000
0,91,275000,277500
0,91,277500,280000
0,91,280000,282500
0,91,282500,285000
0,91,285000,287500
0,91,342500,345000
0,91,345000,347500
0,91,347500,350000
0,91,350000,352500
0,91,352500,355000
0,91,355000,357500
0,91,357500,360000
0,91,360000,362500
0,91,362500,365000
0,91,557500,560000
0,91,560000,562500
0,91,602500,605000
0,91,607500,610000
0,91,615000,617500
0,91,617500,620000
0,91,620000,622500
0,91,625000,627500
0,91,627500,630000
0,91,630000,632500
0,91,632500,635000
0,91,677500,680000
0,91,680000,682500
0,91,727500,730000
0,91,730000,732500
0,91,732500,735000
0,91,735000,737500
0,91,737500,740000
0,91,740000,742500
0,91,742500,745000
0,91,745000,747500
0,91,747500,750000
0,91,750000,752500
0,91,752500,755000
0,91,757500,760000
0,91,760000,762500
0,91,762500,765000
0,91,765000,767500
0,91,767500,770000
0,91,770000,772500
0,91,772500,775000
0,91,775000,777500
0,91,790000,792500
0,91,792500,795000
0,91,842500,845000
0,91,865000,867500
0,91,867500,870000
0,91,980000,982500
0,91,982500,985000
0,91,987500,990000
0,91,990000,992500
0,91,992500,995000
0,91,995000,997500
0,91,1010000,1012500
0,91,1012500,1015000
0,91,1015000,1017500
0,91,1020000,1022500
0,91,1022500,1025000
0,91,1025000,1027500
0,91,1027500,1030000
0,91,1030000,1032500
0,91,1032500,1035000
0,91,1035000,1037500
0,91,1037500,1040000
0,91,1040000,1042500
0,91,1042500,1045000
0,91,1045000,1047500
0,91,1047500,1050000
0,91,1050000,1052500
0,91,1052500,1055000
0,91,1085000,1087500
0,91,1087500,1090000
0,91,1090000,1092500
0,91,1095000,1097500
0,91,1097500,1100000
0,91,1100000,1102500
0,91,1102500,1105000
0,91,1105000,1107500
0,91,1107500,1110000
0,91,1110000,1112500
0,91,1112500,1115000
0,91,1115000,1117500
0,91,1117500,1120000
0,91,1120000,1122500
0,91,1122500,1125000
0,91,1125000,1127500
0,91,1127500,1130000
0,91,1130000,1132500
0,91,1132500,1135000
0,91,1135000,1137500
0,91,1137500,1140000
0,91,1142500,1145000
0,91,1145000,1147500
0,91,1147500,1150000
0,91,1150000,1152500
0,91,1152500,1155000
0,91,1155000,1157500
0,91,1157500,1160000
0,91,1160000,1162500
0,91,1162500,1165000
0,91,1165000,1167500
0,91,1167500,1170000
0,91,1170000,1172500
0,91,1172500,1175000
0,91,1175000,1177500
0,91,1177500,1180000
0,91,1182500,1185000
0,91,1185000,1187500
0,91,1187500,1190000
0,91,1190000,1192500
0,91,1192500,1195000
0,91,1195000,1197500
0,91,1197500,1200000
0,91,1200000,1202500
0,91,1202500,1205000
0,91,1205000,1207500
0,91,1207500,1210000
0,91,1210000,1212500
0,91,1212500,1215000
0,91,1215000,1217500
0,91,1217500,1220000
0,91,1220000,1222500
0,91,1222500,1225000
0,91,1225000,1227500
0,91,1227500,1230000
0,91,1247500,1250000
0,91,1250000,1252500
0,91,1252500,1255000
0,91,1255000,1257500
0,91,1257500,1260000
0,91,1260000,1262500
0,91,1262500,1265000
0,91,1272500,1275000
0,91,1275000,1277500
0,91,1277500,1280000
0,91,1280000,1282500
0,91,1317500,1320000
0,91,1320000,1322500
0,91,1342500,1345000
0,91,1345000,1347500
0,91,1347500,1350000
0,91,1350000,1352500
0,91,1352500,1355000
0,91,1355000,1357500
0,91,1357500,1360000
0,91,1367500,1370000
0,91,1370000,1372500
0,91,1372500,1375000
0,91,1375000,1377500
0,91,1377500,1380000
0,91,1380000,1382500
0,91,1382500,1385000
0,91,1437500,1440000
0,91,1440000,1442500
0,91,1455000,1457500
0,91,1457500,1460000
0,91,1460000,1462500
0,91,1462500,1465000
0,91,1465000,1467500
0,91,1467500,1470000
0,91,1470000,1472500
0,91,1472500,1475000
1,91,0,2500
1,91,15000,17500
1,91,17500,20000
1,91,20000,22500
1,91,42500,45000
1,91,45000,47500
1,91,47500,50000
1,91,50000,52500
1,91,52500,55000
1,91,55000,57500
1,91,60000,62500
1,91,62500,65000
1,91,65000,67500
1,91,70000,72500
1,91,72500,75000
1,91,75000,77500
1,91,77500,80000
1,91,80000,82500
1,91,82500,85000
1,91,90000,92500
1,91,92500,95000
1,91,95000,97500
1,91,97500,100000
1,91,100000,102500
1,91,102500,105000
1,91,105000,107500
1,91,107500,110000
1,91,110000,112500
1,91,112500,115000
1,91,115000,117500
1,91,117500,120000
1,91,120000,122500
1,91,122500,125000
1,91,132500,135000
1,91,135000,137500
1,91,137500,140000
1,91,140000,142500
1,91,142500,145000
1,91,145000,147500
1,91,147500,150000
1,91,150000,152500
1,91,152500,155000
1,91,155000,157500
1,91,157500,160000
1,91,160000,162500
1,91,165000,167500
1,91,167500,170000
1,91,207500,210000
1,91,210000,212500
1,91,212500,215000
1,91,215000,217500
1,91,217500,220000
1,91,220000,222500
1,91,222500,225000
1,91,225000,227500
1,91,227500,230000
1,91,230000,232500
1,91,232500,235000
1,91,235000,237500
1,91,237500,240000
1,91,240000,242500
1,91,242500,245000
1,91,245000,247500
1,91,247500,250000
1,91,250000,252500
1,91,252500,255000
1,91,255000,257500
1,91,257500,260000
1,91,260000,262500
1,91,262500,265000
1,91,265000,267500
1,91,267500,270000
1,91,270000,272500
1,91,272500,275000
1,91,275000,277500
1,91,277500,280000
1,91,280000,282500
1,91,282500,285000
1,91,342500,345000
1,91,345000,347500
1,91,347500,350000
1,91,350000,352500
1,91,352500,355000
1,91,355000,357500
1,91,357500,360000
1,91,360000,362500
1,91,410000,412500
1,91,412500,415000
1,91,550000,552500
1,91,600000,602500
1,91,602500,605000
1,91,605000,607500
1,91,610000,612500
1,91,617500,620000
1,91,620000,622500
1,91,622500,625000
1,91,627500,630000
1,91,630000,632500
1,91,675000,677500
1,91,677500,680000
1,91,725000,727500
1,91,727500,730000
1,91,730000,732500
1,91,732500,735000
1,91,735000,737500
1,91,737500,740000
1,91,740000,742500
1,91,742500,745000
1,91,745000,747500
1,91,747500,750000
1,91,750000,752500
1,91,755000,757500
1,91,757500,760000
1,91,760000,762500
1,91,762500,765000
1,91,765000,767500
1,91,767500,770000
1,91,770000,772500
1,91,772500,775000
1,91,785000,787500
1,91,840000,842500
1,91,842500,845000
1,91,845000,847500
1,91,977500,980000
1,91,980000,982500
1,91,985000,987500
1,91,987500,990000
1,91,990000,992500
1,91,992500,995000
1,91,995000,997500
1,91,997500,1000000
1,91,1012500,1015000
1,91,1017500,1020000
1,91,1020000,1022500
1,91,1022500,1025000
1,91,1025000,1027500
1,91,1027500,1030000
1,91,1030000,1032500
1,91,1032500,1035000
1,91,1035000,1037500
1,91,1037500,1040000
1,91,1040000,1042500
1,91,1042500,1045000
1,91,1045000,1047500
1,91,1047500,1050000
1,91,1050000,1052500
1,91,1082500,1085000
1,91,1085000,1087500
1,91,1087500,1090000
1,91,1092500,1095000
1,91,1095000,1097500
1,91,1097500,1100000
1,91,1100000,1102500
1,91,1102500,1105000
1,91,1105000,1107500
1,91,1107500,1110000
1,91,1110000,1112500
1,91,1112500,1115000
1,91,1115000,1117500
1,91,1117500,1120000
1,91,1120000,1122500
1,91,1122500,1125000
1,91,1125000,1127500
1,91,1127500,1130000
1,91,1130000,1132500
1,91,1132500,1135000
1,91,1135000,1137500
1,91,1140000,1142500
1,91,1142500,1145000
1,91,1145000,1147500
1,91,1147500,1150000
1,91,1150000,1152500
1,91,1152500,1155000
1,91,1155000,1157500
1,91,1157500,1160000
1,91,1160000,1162500
1,91,1162500,1165000
1,91,1165000,1167500
1,91,1167500,1170000
1,91,1170000,1172500
1,91,1172500,1175000
1,91,1175000,1177500
1,91,1180000,1182500
1,91,1182500,1185000
1,91,1185000,1187500
1,91,1187500,1190000
1,91,1190000,1192500
1,91,1192500,1195000
1,91,1195000,1197500
1,91,1197500,1200000
1,91,1200000,1202500
1,91,1202500,1205000
1,91,1205000,1207500
1,91,1207500,1210000
1,91,1210000,1212500
1,91,1212500,1215000
1,91,1215000,1217500
1,91,1217500,1220000
1,91,1220000,1222500
1,91,1222500,1225000
1,91,1225000,1227500
1,91,1245000,1247500
1,91,1247500,1250000
1,91,1250000,1252500
1,91,1252500,1255000
1,91,1255000,1257500
1,91,1257500,1260000
1,91,1260000,1262500
1,91,1270000,1272500
1,91,1272500,1275000
1,91,1275000,1277500
1,91,1277500,1280000
1,91,1310000,1312500
1,91,1312500,1315000
1,91,1340000,1342500
1,91,1342500,1345000
1,91,1345000,1347500
1,91,1347500,1350000
1,91,1350000,1352500
1,91,1352500,1355000
1,91,1355000,1357500
1,91,1365000,1367500
1,91,1367500,1370000
1,91,1370000,1372500
1,91,1372500,1375000
1,91,1375000,1377500
1,91,1377500,1380000
1,91,1380000,1382500
1,91,1400000,1402500
1,91,1437500,1440000
1,91,1440000,1442500
1,91,1442500,1445000
1,91,1457500,1460000
1,91,1460000,1462500
1,91,1462500,1465000
1,91,1465000,1467500
1,91,1467500,1470000
1,91,1470000,1472500
1,91,1472500,1475000
2,91,22500,25000
2,91,25000,27500
2,91,27500,30000
2,91,30000,32500
2,91,32500,35000
2,91,197500,200000
2,91,322500,325000
2,91,340000,342500
2,91,362500,365000
2,91,365000,367500
2,91,367500,370000
2,91,370000,372500
2,91,372500,375000
2,91,375000,377500
2,91,377500,380000
2,91,380000,382500
2,91,602500,605000
2,91,707500,710000
2,91,710000,712500
2,91,712500,715000
2,91,715000,717500
2,91,717500,720000
2,91,720000,722500
2,91,722500,725000
2,91,725000,727500
2,91,800000,802500
2,91,830000,832500
2,91,832500,835000
2,91,837500,840000
2,91,840000,842500
2,91,842500,845000
2,91,885000,887500
2,91,890000,892500
2,91,892500,895000
2,91,895000,897500
2,91,902500,905000
2,91,945000,947500
2,91,947500,950000
2,91,950000,952500
2,91,952500,955000
2,91,955000,957500
2,91,957500,960000
2,91,960000,962500
2,91,962500,965000
2,91,965000,967500
2,91,967500,970000
2,91,970000,972500
2,91,1090000,1092500
2,91,1282500,1285000
2,91,1322500,1325000
2,91,1325000,1327500
2,91,1327500,1330000
2,91,1330000,1332500
2,91,1332500,1335000
2,91,1335000,1337500
2,91,1337500,1340000
2,91,1340000,1342500
2,91,1342500,1345000
2,91,1387500,1390000
2,91,1435000,1437500
3,91,20000,22500
3,91,22500,25000
3,91,25000,27500
3,91,27500,30000
3,91,30000,32500
3,91,32500,35000
3,91,35000,37500
3,91,195000,197500
3,91,320000,322500
3,91,322500,325000
3,91,325000,327500
3,91,360000,362500
3,91,362500,365000
3,91,365000,367500
3,91,367500,370000
3,91,370000,372500
3,91,372500,375000
3,91,375000,377500
3,91,377500,380000
3,91,600000,602500
3,91,705000,707500
3,91,707500,710000
3,91,710000,712500
3,91,712500,715000
3,91,715000,717500
3,91,717500,720000
3,91,720000,722500
3,91,722500,725000
3,91,797500,800000
3,91,827500,830000
3,91,830000,832500
3,91,832500,835000
3,91,835000,837500
3,91,840000,842500
3,91,867500,870000
3,91,870000,872500
3,91,887500,890000
3,91,892500,895000
3,91,895000,897500
3,91,897500,900000
3,91,942500,945000
3,91,945000,947500
3,91,947500,950000
3,91,950000,952500
3,91,952500,955000
3,91,955000,957500
3,91,957500,960000
3,91,960000,962500
3,91,962500,965000
3,91,965000,967500
3,91,967500,970000
3,91,1087500,1090000
3,91,1280000,1282500
3,91,1320000,1322500
3,91,1322500,1325000
3,91,1325000,1327500
3,91,1327500,1330000
3,91,1330000,1332500
3,91,1332500,1335000
3,91,1335000,1337500
3,91,1337500,1340000
3,91,1340000,1342500
3,91,1385000,1387500
3,91,1400000,1402500
3,91,1402500,1405000
4,91,520000,522500
4,91,547500,550000
4,91,557500,560000
4,91,560000,562500
4,91,670000,672500
4,91,677500,680000
4,91,790000,792500
4,91,1090000,1092500
4,91,1435000,1437500
5,91,410000,412500
5,91,412500,415000
5,91,522500,525000
5,91,550000,552500
5,91,675000,677500
5,91,785000,787500
5,91,1087500,1090000
5,91,1442500,1445000
0,92,67500,70000
0,92,180000,182500
0,92,182500,185000
0,92,187500,190000
0,92,192500,195000
0,92,195000,197500
0,92,210000,212500
0,92,285000,287500
0,92,342500,345000
0,92,345000,347500
0,92,455000,457500
0,92,457500,460000
0,92,712500,715000
0,92,720000,722500
0,92,725000,727500
0,92,752500,755000
0,92,792500,795000
0,92,845000,847500
0,92,972500,975000
0,92,985000,987500
0,92,987500,990000
0,92,990000,992500
0,92,1000000,1002500
0,92,1222500,1225000
0,92,1225000,1227500
0,92,1265000,1267500
0,92,1277500,1280000
0,92,1297500,1300000
0,92,1310000,1312500
0,92,1345000,1347500
0,92,1402500,1405000
0,92,1405000,1407500
0,92,1407500,1410000
0,92,1410000,1412500
0,92,1412500,1415000
0,92,1415000,1417500
0,92,1417500,1420000
0,92,1420000,1422500
0,92,1435000,1437500
1,92,65000,67500
1,92,177500,180000
1,92,180000,182500
1,92,185000,187500
1,92,190000,192500
1,92,192500,195000
1,92,207500,210000
1,92,282500,285000
1,92,340000,342500
1,92,342500,345000
1,92,710000,712500
1,92,717500,720000
1,92,722500,725000
1,92,750000,752500
1,92,777500,780000
1,92,842500,845000
1,92,970000,972500
1,92,982500,985000
1,92,985000,987500
1,92,987500,990000
1,92,997500,1000000
1,92,1220000,1222500
1,92,1222500,1225000
1,92,1225000,1227500
1,92,1260000,1262500
1,92,1267500,1270000
1,92,1280000,1282500
1,92,1300000,1302500
1,92,1400000,1402500
1,92,1402500,1405000
1,92,1405000,1407500
1,92,1407500,1410000
1,92,1410000,1412500
1,92,1412500,1415000
1,92,1415000,1417500
1,92,1417500,1420000
1,92,1432500,1435000
2,92,930000,932500
2,92,932500,935000
2,92,935000,937500
2,92,937500,940000
2,92,940000,942500
2,92,942500,945000
2,92,945000,947500
2,92,947500,950000
2,92,950000,952500
2,92,955000,957500
2,92,957500,960000
2,92,960000,962500
2,92,962500,965000
2,92,965000,967500
2,92,967500,970000
2,92,970000,972500
2,92,1082500,1085000
2,92,1085000,1087500
2,92,1087500,1090000
2,92,1090000,1092500
2,92,1182500,1185000
2,92,1185000,1187500
2,92,1187500,1190000
2,92,1190000,1192500
2,92,1192500,1195000
2,92,1195000,1197500
2,92,1197500,1200000
2,92,1205000,1207500
2,92,1407500,1410000
3,92,927500,930000
3,92,930000,932500
3,92,932500,935000
3,92,935000,937500
3,92,937500,940000
3,92,940000,942500
3,92,942500,945000
3,92,945000,947500
3,92,947500,950000
3,92,950000,952500
3,92,952500,955000
3,92,957500,960000
3,92,960000,962500
3,92,962500,965000
3,92,965000,967500
3,92,967500,970000
3,92,1080000,1082500
3,92,1082500,1085000
3,92,1085000,1087500
3,92,1087500,1090000
3,92,1180000,1182500
3,92,1182500,1185000
3,92,1185000,1187500
3,92,1187500,1190000
3,92,1190000,1192500
3,92,1192500,1195000
3,92,1195000,1197500
3,92,1197500,1200000
3,92,1200000,1202500
3,92,1405000,1407500
4,92,55000,57500
4,92,67500,70000
4,92,85000,87500
4,92,87500,90000
4,92,90000,92500
4,92,92500,95000
4,92,132500,135000
4,92,135000,137500
4,92,322500,325000
4,92,325000,327500
4,92,327500,330000
4,92,330000,332500
4,92,332500,335000
4,92,335000,337500
4,92,337500,340000
4,92,340000,342500
4,92,1097500,1100000
4,92,1105000,1107500
4,92,1190000,1192500
4,92,1192500,1195000
4,92,1195000,1197500
4,92,1197500,1200000
4,92,1205000,1207500
4,92,1245000,1247500
4,92,1265000,1267500
4,92,1297500,1300000
4,92,1310000,1312500
4,92,1342500,1345000
4,92,1345000,1347500
5,92,52500,55000
5,92,65000,67500
5,92,67500,70000
5,92,82500,85000
5,92,85000,87500
5,92,87500,90000
5,92,90000,92500
5,92,125000,127500
5,92,320000,322500
5,92,322500,325000
5,92,325000,327500
5,92,327500,330000
5,92,330000,332500
5,92,332500,335000
5,92,335000,337500
5,92,337500,340000
5,92,1095000,1097500
5,92,1102500,1105000
5,92,1187500,1190000
5,92,1190000,1192500
5,92,1192500,1195000
5,92,1195000,1197500
5,92,1197500,1200000
5,92,1200000,1202500
5,92,1227500,1230000
5,92,1257500,1260000
5,92,1260000,1262500
5,92,1300000,1302500
0,93,142500,145000
0,93,150000,152500
0,93,152500,155000
0,93,180000,182500
0,93,182500,185000
0,93,185000,187500
0,93,287500,290000
0,93,342500,345000
0,93,345000,347500
0,93,347500,350000
0,93,350000,352500
0,93,352500,355000
0,93,355000,357500
0,93,360000,362500
0,93,362500,365000
0,93,382500,385000
0,93,412500,415000
0,93,457500,460000
0,93,727500,730000
0,93,752500,755000
0,93,775000,777500
0,93,792500,795000
0,93,877500,880000
0,93,892500,895000
0,93,905000,907500
0,93,940000,942500
0,93,942500,945000
0,93,945000,947500
0,93,972500,975000
0,93,975000,977500
0,93,977500,980000
0,93,980000,982500
0,93,992500,995000
0,93,1077500,1080000
0,93,1082500,1085000
0,93,1085000,1087500
0,93,1087500,1090000
0,93,1175000,1177500
0,93,1177500,1180000
0,93,1200000,1202500
0,93,1202500,1205000
0,93,1205000,1207500
0,93,1207500,1210000
0,93,1210000,1212500
0,93,1212500,1215000
0,93,1215000,1217500
0,93,1312500,1315000
0,93,1320000,1322500
0,93,1350000,1352500
0,93,1355000,1357500
0,93,1365000,1367500
0,93,1437500,1440000
1,93,65000,67500
1,93,67500,70000
1,93,140000,142500
1,93,147500,150000
1,93,150000,152500
1,93,180000,182500
1,93,182500,185000
1,93,285000,287500
1,93,342500,345000
1,93,345000,347500
1,93,347500,350000
1,93,350000,352500
1,93,352500,355000
1,93,355000,357500
1,93,357500,360000
1,93,380000,382500
1,93,410000,412500
1,93,750000,752500
1,93,772500,775000
1,93,790000,792500
1,93,875000,877500
1,93,890000,892500
1,93,902500,905000
1,93,927500,930000
1,93,930000,932500
1,93,942500,945000
1,93,970000,972500
1,93,972500,975000
1,93,975000,977500
1,93,977500,980000
1,93,990000,992500
1,93,1075000,1077500
1,93,1080000,1082500
1,93,1082500,1085000
1,93,1085000,1087500
1,93,1087500,1090000
1,93,1172500,1175000
1,93,1175000,1177500
1,93,1197500,1200000
1,93,1200000,1202500
1,93,1202500,1205000
1,93,1205000,1207500
1,93,1207500,1210000
1,93,1210000,1212500
1,93,1212500,1215000
1,93,1310000,1312500
1,93,1317500,1320000
1,93,1347500,1350000
1,93,1352500,1355000
1,93,1362500,1365000
1,93,1365000,1367500
1,93,1435000,1437500
2,93,362500,365000
2,93,957500,960000
2,93,960000,962500
2,93,967500,970000
2,93,1177500,1180000
3,93,930000,932500
3,93,955000,957500
3,93,957500,960000
3,93,965000,967500
3,93,1087500,1090000
3,93,1175000,1177500
4,93,55000,57500
4,93,372500,375000
4,93,412500,415000
4,93,415000,417500
4,93,417500,420000
4,93,420000,422500
4,93,422500,425000
4,93,457500,460000
4,93,677500,680000
4,93,787500,790000
4,93,790000,792500
4,93,792500,795000
4,93,882500,885000
4,93,887500,890000
4,93,890000,892500
4,93,892500,895000
4,93,900000,902500
4,93,947500,950000
4,93,950000,952500
4,93,952500,955000
4,93,1255000,1257500
4,93,1257500,1260000
4,93,1260000,1262500
4,93,1262500,1265000
4,93,1265000,1267500
4,93,1267500,1270000
4,93,1270000,1272500
4,93,1325000,1327500
4,93,1327500,1330000
4,93,1407500,1410000
4,93,1410000,1412500
4,93,1412500,1415000
4,93,1415000,1417500
4,93,1417500,1420000
4,93,1422500,1425000
4,93,1425000,1427500
4,93,1430000,1432500
4,93,1432500,1435000
4,93,1435000,1437500
4,93,1440000,1442500
4,93,1447500,1450000
4,93,1450000,1452500
4,93,1452500,1455000
4,93,1462500,1465000
5,93,35000,37500
5,93,52500,55000
5,93,65000,67500
5,93,67500,70000
5,93,370000,372500
5,93,410000,412500
5,93,412500,415000
5,93,415000,417500
5,93,417500,420000
5,93,420000,422500
5,93,422500,425000
5,93,425000,427500
5,93,785000,787500
5,93,787500,790000
5,93,790000,792500
5,93,880000,882500
5,93,885000,887500
5,93,887500,890000
5,93,890000,892500
5,93,897500,900000
5,93,945000,947500
5,93,947500,950000
5,93,950000,952500
5,93,1087500,1090000
5,93,1247500,1250000
5,93,1250000,1252500
5,93,1257500,1260000
5,93,1260000,1262500
5,93,1262500,1265000
5,93,1265000,1267500
5,93,1267500,1270000
5,93,1270000,1272500
5,93,1322500,1325000
5,93,1325000,1327500
5,93,1405000,1407500
5,93,1407500,1410000
5,93,1410000,1412500
5,93,1412500,1415000
5,93,1415000,1417500
5,93,1420000,1422500
5,93,1422500,1425000
5,93,1427500,1430000
5,93,1430000,1432500
5,93,1432500,1435000
5,93,1437500,1440000
5,93,1445000,1447500
5,93,1447500,1450000
5,93,1450000,1452500
5,93,1460000,1462500
5,93,1465000,1467500
0,94,17500,20000
0,94,20000,22500
0,94,22500,25000
0,94,42500,45000
0,94,45000,47500
0,94,47500,50000
0,94,50000,52500
0,94,52500,55000
0,94,55000,57500
0,94,57500,60000
0,94,62500,65000
0,94,65000,67500
0,94,67500,70000
0,94,72500,75000
0,94,75000,77500
0,94,77500,80000
0,94,80000,82500
0,94,82500,85000
0,94,92500,95000
0,94,95000,97500
0,94,97500,100000
0,94,100000,102500
0,94,102500,105000
0,94,105000,107500
0,94,107500,110000
0,94,110000,112500
0,94,112500,115000
0,94,115000,117500
0,94,117500,120000
0,94,120000,122500
0,94,122500,125000
0,94,125000,127500
0,94,127500,130000
0,94,130000,132500
0,94,132500,135000
0,94,135000,137500
0,94,137500,140000
0,94,140000,142500
0,94,142500,145000
0,94,145000,147500
0,94,147500,150000
0,94,150000,152500
0,94,152500,155000
0,94,155000,157500
0,94,157500,160000
0,94,160000,162500
0,94,162500,165000
0,94,165000,167500
0,94,167500,170000
0,94,170000,172500
0,94,172500,175000
0,94,180000,182500
0,94,182500,185000
0,94,185000,187500
0,94,205000,207500
0,94,207500,210000
0,94,210000,212500
0,94,212500,215000
0,94,215000,217500
0,94,217500,220000
0,94,220000,222500
0,94,222500,225000
0,94,225000,227500
0,94,227500,230000
0,94,230000,232500
0,94,232500,235000
0,94,235000,237500
0,94,237500,240000
0,94,240000,242500
0,94,242500,245000
0,94,245000,247500
0,94,247500,250000
0,94,250000,252500
0,94,252500,255000
0,94,255000,257500
0,94,257500,260000
0,94,260000,262500
0,94,262500,265000
0,94,265000,267500
0,94,267500,270000
0,94,270000,272500
0,94,272500,275000
0,94,275000,277500
0,94,277500,280000
0,94,280000,282500
0,94,282500,285000
0,94,285000,287500
0,94,287500,290000
0,94,342500,345000
0,94,345000,347500
0,94,347500,350000
0,94,350000,352500
0,94,352500,355000
0,94,355000,357500
0,94,357500,360000
0,94,360000,362500
0,94,362500,365000
0,94,422500,425000
0,94,457500,460000
0,94,550000,552500
0,94,552500,555000
0,94,555000,557500
0,94,557500,560000
0,94,560000,562500
0,94,602500,605000
0,94,605000,607500
0,94,607500,610000
0,94,610000,612500
0,94,612500,615000
0,94,627500,630000
0,94,630000,632500
0,94,632500,635000
0,94,677500,680000
0,94,680000,682500
0,94,727500,730000
0,94,730000,732500
0,94,732500,735000
0,94,735000,737500
0,94,737500,740000
0,94,740000,742500
0,94,742500,745000
0,94,745000,747500
0,94,747500,750000
0,94,750000,752500
0,94,752500,755000
0,94,755000,757500
0,94,757500,760000
0,94,760000,762500
0,94,762500,765000
0,94,765000,767500
0,94,767500,770000
0,94,770000,772500
0,94,772500,775000
0,94,775000,777500
0,94,790000,792500
0,94,792500,795000
0,94,842500,845000
0,94,845000,847500
0,94,847500,850000
0,94,850000,852500
0,94,852500,855000
0,94,855000,857500
0,94,857500,860000
0,94,905000,907500
0,94,917500,920000
0,94,920000,922500
0,94,922500,925000
0,94,925000,927500
0,94,927500,930000
0,94,980000,982500
0,94,982500,985000
0,94,985000,987500
0,94,987500,990000
0,94,990000,992500
0,94,995000,997500
0,94,997500,1000000
0,94,1000000,1002500
0,94,1007500,1010000
0,94,1010000,1012500
0,94,1012500,1015000
0,94,1022500,1025000
0,94,1025000,1027500
0,94,1027500,1030000
0,94,1032500,1035000
0,94,1035000,1037500
0,94,1037500,1040000
0,94,1040000,1042500
0,94,1042500,1045000
0,94,1045000,1047500
0,94,1047500,1050000
0,94,1050000,1052500
0,94,1052500,1055000
0,94,1082500,1085000
0,94,1087500,1090000
0,94,1090000,1092500
0,94,1102500,1105000
0,94,1107500,1110000
0,94,1110000,1112500
0,94,1112500,1115000
0,94,1115000,1117500
0,94,1117500,1120000
0,94,1120000,1122500
0,94,1122500,1125000
0,94,1125000,1127500
0,94,1127500,1130000
0,94,1130000,1132500
0,94,1132500,1135000
0,94,1135000,1137500
0,94,1137500,1140000
0,94,1140000,1142500
0,94,1142500,1145000
0,94,1145000,1147500
0,94,1147500,1150000
0,94,1150000,1152500
0,94,1152500,1155000
0,94,1155000,1157500
0,94,1157500,1160000
0,94,1160000,1162500
0,94,1162500,1165000
0,94,1165000,1167500
0,94,1167500,1170000
0,94,1170000,1172500
0,94,1172500,1175000
0,94,1175000,1177500
0,94,1177500,1180000
0,94,1182500,1185000
0,94,1185000,1187500
0,94,1195000,1197500
0,94,1202500,1205000
0,94,1205000,1207500
0,94,1217500,1220000
0,94,1220000,1222500
0,94,1222500,1225000
0,94,1225000,1227500
0,94,1227500,1230000
0,94,1247500,1250000
0,94,1250000,1252500
0,94,1252500,1255000
0,94,1255000,1257500
0,94,1272500,1275000
0,94,1275000,1277500
0,94,1277500,1280000
0,94,1280000,1282500
0,94,1347500,1350000
0,94,1350000,1352500
0,94,1352500,1355000
0,94,1355000,1357500
0,94,1357500,1360000
0,94,1380000,1382500
0,94,1382500,1385000
0,94,1385000,1387500
0,94,1387500,1390000
0,94,1390000,1392500
0,94,1392500,1395000
0,94,1395000,1397500
0,94,1397500,1400000
0,94,1400000,1402500
0,94,1402500,1405000
0,94,1437500,1440000
0,94,1440000,1442500
0,94,1442500,1445000
0,94,1445000,1447500
0,94,1447500,1450000
0,94,1450000,1452500
0,94,1452500,1455000
0,94,1455000,1457500
0,94,1457500,1460000
0,94,1460000,1462500
0,94,1462500,1465000
0,94,1465000,1467500
0,94,1467500,1470000
0,94,1470000,1472500
0,94,1472500,1475000
1,94,15000,17500
1,94,17500,20000
1,94,20000,22500
1,94,40000,42500
1,94,42500,45000
1,94,45000,47500
1,94,47500,50000
1,94,50000,52500
1,94,52500,55000
1,94,55000,57500
1,94,60000,62500
1,94,62500,65000
1,94,65000,67500
1,94,70000,72500
1,94,72500,75000
1,94,75000,77500
1,94,77500,80000
1,94,80000,82500
1,94,90000,92500
1,94,92500,95000
1,94,95000,97500
1,94,97500,100000
1,94,100000,102500
1,94,102500,105000
1,94,105000,107500
1,94,107500,110000
1,94,110000,112500
1,94,112500,115000
1,94,115000,117500
1,94,117500,120000
1,94,120000,122500
1,94,122500,125000
1,94,125000,127500
1,94,127500,130000
1,94,130000,132500
1,94,132500,135000
1,94,135000,137500
1,94,137500,140000
1,94,140000,142500
1,94,142500,145000
1,94,145000,147500
1,94,147500,150000
1,94,150000,152500
1,94,152500,155000
1,94,155000,157500
1,94,157500,160000
1,94,160000,162500
1,94,162500,165000
1,94,165000,167500
1,94,167500,170000
1,94,170000,172500
1,94,177500,180000
1,94,180000,182500
1,94,182500,185000
1,94,202500,205000
1,94,205000,207500
1,94,207500,210000
1,94,210000,212500
1,94,212500,215000
1,94,215000,217500
1,94,217500,220000
1,94,220000,222500
1,94,222500,225000
1,94,225000,227500
1,94,227500,230000
1,94,230000,232500
1,94,232500,235000
1,94,235000,237500
1,94,237500,240000
1,94,240000,242500
1,94,242500,245000
1,94,245000,247500
1,94,247500,250000
1,94,250000,252500
1,94,252500,255000
1,94,255000,257500
1,94,257500,260000
1,94,260000,262500
1,94,262500,265000
1,94,265000,267500
1,94,267500,270000
1,94,270000,272500
1,94,272500,275000
1,94,275000,277500
1,94,277500,280000
1,94,280000,282500
1,94,282500,285000
1,94,285000,287500
1,94,340000,342500
1,94,342500,345000
1,94,345000,347500
1,94,347500,350000
1,94,350000,352500
1,94,352500,355000
1,94,355000,357500
1,94,357500,360000
1,94,360000,362500
1,94,410000,412500
1,94,547500,550000
1,94,550000,552500
1,94,552500,555000
1,94,555000,557500
1,94,557500,560000
1,94,600000,602500
1,94,602500,605000
1,94,605000,607500
1,94,607500,610000
1,94,610000,612500
1,94,612500,615000
1,94,615000,617500
1,94,630000,632500
1,94,675000,677500
1,94,677500,680000
1,94,725000,727500
1,94,727500,730000
1,94,730000,732500
1,94,732500,735000
1,94,735000,737500
1,94,737500,740000
1,94,740000,742500
1,94,742500,745000
1,94,745000,747500
1,94,747500,750000
1,94,750000,752500
1,94,752500,755000
1,94,755000,757500
1,94,757500,760000
1,94,760000,762500
1,94,762500,765000
1,94,765000,767500
1,94,767500,770000
1,94,770000,772500
1,94,772500,775000
1,94,785000,787500
1,94,840000,842500
1,94,842500,845000
1,94,845000,847500
1,94,847500,850000
1,94,850000,852500
1,94,852500,855000
1,94,855000,857500
1,94,857500,860000
1,94,860000,862500
1,94,915000,917500
1,94,917500,920000
1,94,920000,922500
1,94,922500,925000
1,94,925000,927500
1,94,927500,930000
1,94,977500,980000
1,94,980000,982500
1,94,982500,985000
1,94,985000,987500
1,94,987500,990000
1,94,992500,995000
1,94,995000,997500
1,94,997500,1000000
1,94,1000000,1002500
1,94,1002500,1005000
1,94,1010000,1012500
1,94,1020000,1022500
1,94,1022500,1025000
1,94,1025000,1027500
1,94,1030000,1032500
1,94,1032500,1035000
1,94,1035000,1037500
1,94,1037500,1040000
1,94,1040000,1042500
1,94,1042500,1045000
1,94,1045000,1047500
1,94,1047500,1050000
1,94,1050000,1052500
1,94,1080000,1082500
1,94,1082500,1085000
1,94,1085000,1087500
1,94,1100000,1102500
1,94,1105000,1107500
1,94,1107500,1110000
1,94,1110000,1112500
1,94,1112500,1115000
1,94,1115000,1117500
1,94,1117500,1120000
1,94,1120000,1122500
1,94,1122500,1125000
1,94,1125000,1127500
1,94,1127500,1130000
1,94,1130000,1132500
1,94,1132500,1135000
1,94,1135000,1137500
1,94,1137500,1140000
1,94,1140000,1142500
1,94,1142500,1145000
1,94,1145000,1147500
1,94,1147500,1150000
1,94,1150000,1152500
1,94,1152500,1155000
1,94,1155000,1157500
1,94,1157500,1160000
1,94,1160000,1162500
1,94,1162500,1165000
1,94,1165000,1167500
1,94,1167500,1170000
1,94,1170000,1172500
1,94,1172500,1175000
1,94,1175000,1177500
1,94,1180000,1182500
1,94,1182500,1185000
1,94,1185000,1187500
1,94,1187500,1190000
1,94,1200000,1202500
1,94,1202500,1205000
1,94,1215000,1217500
1,94,1217500,1220000
1,94,1220000,1222500
1,94,1222500,1225000
1,94,1225000,1227500
1,94,1245000,1247500
1,94,1247500,1250000
1,94,1250000,1252500
1,94,1252500,1255000
1,94,1270000,1272500
1,94,1272500,1275000
1,94,1275000,1277500
1,94,1277500,1280000
1,94,1310000,1312500
1,94,1345000,1347500
1,94,1347500,1350000
1,94,1350000,1352500
1,94,1352500,1355000
1,94,1355000,1357500
1,94,1367500,1370000
1,94,1370000,1372500
1,94,1382500,1385000
1,94,1385000,1387500
1,94,1387500,1390000
1,94,1390000,1392500
1,94,1392500,1395000
1,94,1395000,1397500
1,94,1397500,1400000
1,94,1400000,1402500
1,94,1435000,1437500
1,94,1437500,1440000
1,94,1440000,1442500
1,94,1442500,1445000
1,94,1445000,1447500
1,94,1447500,1450000
1,94,1450000,1452500
1,94,1452500,1455000
1,94,1455000,1457500
1,94,1457500,1460000
1,94,1460000,1462500
1,94,1462500,1465000
1,94,1465000,1467500
1,94,1467500,1470000
1,94,1470000,1472500
1,94,1472500,1475000
2,94,25000,27500
2,94,322500,325000
2,94,325000,327500
2,94,327500,330000
2,94,330000,332500
2,94,332500,335000
2,94,335000,337500
2,94,337500,340000
2,94,362500,365000
2,94,365000,367500
2,94,367500,370000
2,94,370000,372500
2,94,372500,375000
2,94,375000,377500
2,94,377500,380000
2,94,380000,382500
2,94,682500,685000
2,94,685000,687500
2,94,687500,690000
2,94,700000,702500
2,94,702500,705000
2,94,705000,707500
2,94,707500,710000
2,94,710000,712500
2,94,712500,715000
2,94,715000,717500
2,94,717500,720000
2,94,720000,722500
2,94,722500,725000
2,94,725000,727500
2,94,800000,802500
2,94,815000,817500
2,94,817500,820000
2,94,822500,825000
2,94,825000,827500
2,94,827500,830000
2,94,830000,832500
2,94,832500,835000
2,94,902500,905000
2,94,970000,972500
2,94,1037500,1040000
2,94,1040000,1042500
2,94,1090000,1092500
2,94,1097500,1100000
2,94,1257500,1260000
2,94,1260000,1262500
2,94,1262500,1265000
2,94,1265000,1267500
2,94,1267500,1270000
2,94,1280000,1282500
2,94,1282500,1285000
2,94,1287500,1290000
2,94,1290000,1292500
2,94,1292500,1295000
2,94,1295000,1297500
2,94,1297500,1300000
2,94,1302500,1305000
2,94,1305000,1307500
2,94,1307500,1310000
2,94,1310000,1312500
2,94,1337500,1340000
2,94,1342500,1345000
2,94,1345000,1347500
2,94,1407500,1410000
2,94,1422500,1425000
2,94,1427500,1430000
2,94,1430000,1432500
2,94,1432500,1435000
3,94,22500,25000
3,94,320000,322500
3,94,322500,325000
3,94,325000,327500
3,94,327500,330000
3,94,330000,332500
3,94,332500,335000
3,94,335000,337500
3,94,360000,362500
3,94,362500,365000
3,94,365000,367500
3,94,367500,370000
3,94,370000,372500
3,94,372500,375000
3,94,375000,377500
3,94,377500,380000
3,94,680000,682500
3,94,682500,685000
3,94,685000,687500
3,94,697500,700000
3,94,700000,702500
3,94,702500,705000
3,94,705000,707500
3,94,707500,710000
3,94,710000,712500
3,94,712500,715000
3,94,715000,717500
3,94,717500,720000
3,94,720000,722500
3,94,722500,725000
3,94,797500,800000
3,94,812500,815000
3,94,815000,817500
3,94,820000,822500
3,94,822500,825000
3,94,825000,827500
3,94,827500,830000
3,94,830000,832500
3,94,942500,945000
3,94,945000,947500
3,94,1035000,1037500
3,94,1037500,1040000
3,94,1095000,1097500
3,94,1255000,1257500
3,94,1257500,1260000
3,94,1260000,1262500
3,94,1262500,1265000
3,94,1265000,1267500
3,94,1277500,1280000
3,94,1280000,1282500
3,94,1282500,1285000
3,94,1285000,1287500
3,94,1290000,1292500
3,94,1292500,1295000
3,94,1295000,1297500
3,94,1297500,1300000
3,94,1300000,1302500
3,94,1305000,1307500
3,94,1307500,1310000
3,94,1322500,1325000
3,94,1340000,1342500
3,94,1405000,1407500
3,94,1420000,1422500
3,94,1425000,1427500
3,94,1427500,1430000
3,94,1430000,1432500
4,94,1260000,1262500
4,94,1302500,1305000
4,94,1345000,1347500
5,94,1257500,1260000
5,94,1300000,1302500
0,95,42500,45000
0,95,47500,50000
0,95,70000,72500
0,95,72500,75000
0,95,75000,77500
0,95,77500,80000
0,95,80000,82500
0,95,82500,85000
0,95,137500,140000
0,95,160000,162500
0,95,162500,165000
0,95,165000,167500
0,95,167500,170000
0,95,170000,172500
0,95,172500,175000
0,95,200000,202500
0,95,202500,205000
0,95,210000,212500
0,95,212500,215000
0,95,215000,217500
0,95,217500,220000
0,95,220000,222500
0,95,222500,225000
0,95,232500,235000
0,95,235000,237500
0,95,237500,240000
0,95,245000,247500
0,95,267500,270000
0,95,285000,287500
0,95,320000,322500
0,95,327500,330000
0,95,342500,345000
0,95,345000,347500
0,95,347500,350000
0,95,350000,352500
0,95,352500,355000
0,95,355000,357500
0,95,360000,362500
0,95,362500,365000
0,95,412500,415000
0,95,415000,417500
0,95,417500,420000
0,95,420000,422500
0,95,422500,425000
0,95,425000,427500
0,95,427500,430000
0,95,430000,432500
0,95,432500,435000
0,95,435000,437500
0,95,440000,442500
0,95,550000,552500
0,95,552500,555000
0,95,555000,557500
0,95,557500,560000
0,95,560000,562500
0,95,602500,605000
0,95,607500,610000
0,95,677500,680000
0,95,680000,682500
0,95,682500,685000
0,95,685000,687500
0,95,687500,690000
0,95,690000,692500
0,95,692500,695000
0,95,695000,697500
0,95,697500,700000
0,95,700000,702500
0,95,702500,705000
0,95,705000,707500
0,95,707500,710000
0,95,710000,712500
0,95,712500,715000
0,95,715000,717500
0,95,717500,720000
0,95,720000,722500
0,95,722500,725000
0,95,725000,727500
0,95,727500,730000
0,95,730000,732500
0,95,732500,735000
0,95,735000,737500
0,95,740000,742500
0,95,742500,745000
0,95,745000,747500
0,95,747500,750000
0,95,750000,752500
0,95,752500,755000
0,95,755000,757500
0,95,757500,760000
0,95,760000,762500
0,95,762500,765000
0,95,765000,767500
0,95,767500,770000
0,95,770000,772500
0,95,772500,775000
0,95,775000,777500
0,95,792500,795000
0,95,842500,845000
0,95,845000,847500
0,95,847500,850000
0,95,850000,852500
0,95,852500,855000
0,95,855000,857500
0,95,860000,862500
0,95,905000,907500
0,95,907500,910000
0,95,910000,912500
0,95,912500,915000
0,95,915000,917500
0,95,917500,920000
0,95,922500,925000
0,95,925000,927500
0,95,927500,930000
0,95,987500,990000
0,95,990000,992500
0,95,1072500,1075000
0,95,1122500,1125000
0,95,1125000,1127500
0,95,1165000,1167500
0,95,1167500,1170000
0,95,1170000,1172500
0,95,1172500,1175000
0,95,1175000,1177500
0,95,1177500,1180000
0,95,1180000,1182500
0,95,1182500,1185000
0,95,1185000,1187500
0,95,1197500,1200000
0,95,1312500,1315000
0,95,1315000,1317500
1,95,40000,42500
1,95,45000,47500
1,95,65000,67500
1,95,72500,75000
1,95,75000,77500
1,95,77500,80000
1,95,80000,82500
1,95,135000,137500
1,95,157500,160000
1,95,160000,162500
1,95,162500,165000
1,95,165000,167500
1,95,167500,170000
1,95,170000,172500
1,95,197500,200000
1,95,200000,202500
1,95,207500,210000
1,95,210000,212500
1,95,212500,215000
1,95,215000,217500
1,95,217500,220000
1,95,220000,222500
1,95,230000,232500
1,95,232500,235000
1,95,235000,237500
1,95,242500,245000
1,95,265000,267500
1,95,282500,285000
1,95,317500,320000
1,95,325000,327500
1,95,340000,342500
1,95,342500,345000
1,95,345000,347500
1,95,347500,350000
1,95,350000,352500
1,95,352500,355000
1,95,355000,357500
1,95,357500,360000
1,95,380000,382500
1,95,410000,412500
1,95,412500,415000
1,95,415000,417500
1,95,417500,420000
1,95,420000,422500
1,95,422500,425000
1,95,425000,427500
1,95,427500,430000
1,95,430000,432500
1,95,432500,435000
1,95,437500,440000
1,95,547500,550000
1,95,550000,552500
1,95,552500,555000
1,95,555000,557500
1,95,557500,560000
1,95,600000,602500
1,95,605000,607500
1,95,675000,677500
1,95,677500,680000
1,95,680000,682500
1,95,682500,685000
1,95,685000,687500
1,95,687500,690000
1,95,690000,692500
1,95,692500,695000
1,95,695000,697500
1,95,697500,700000
1,95,700000,702500
1,95,702500,705000
1,95,705000,707500
1,95,707500,710000
1,95,710000,712500
1,95,712500,715000
1,95,715000,717500
1,95,717500,720000
1,95,720000,722500
1,95,722500,725000
1,95,725000,727500
1,95,727500,730000
1,95,730000,732500
1,95,732500,735000
1,95,737500,740000
1,95,740000,742500
1,95,742500,745000
1,95,745000,747500
1,95,747500,750000
1,95,750000,752500
1,95,752500,755000
1,95,755000,757500
1,95,757500,760000
1,95,760000,762500
1,95,762500,765000
1,95,765000,767500
1,95,767500,770000
1,95,770000,772500
1,95,772500,775000
1,95,790000,792500
1,95,840000,842500
1,95,842500,845000
1,95,845000,847500
1,95,847500,850000
1,95,850000,852500
1,95,852500,855000
1,95,857500,860000
1,95,905000,907500
1,95,907500,910000
1,95,910000,912500
1,95,912500,915000
1,95,915000,917500
1,95,917500,920000
1,95,920000,922500
1,95,925000,927500
1,95,927500,930000
1,95,985000,987500
1,95,987500,990000
1,95,1070000,1072500
1,95,1120000,1122500
1,95,1122500,1125000
1,95,1162500,1165000
1,95,1165000,1167500
1,95,1167500,1170000
1,95,1170000,1172500
1,95,1172500,1175000
1,95,1175000,1177500
1,95,1177500,1180000
1,95,1180000,1182500
1,95,1182500,1185000
1,95,1195000,1197500
1,95,1312500,1315000
2,95,0,2500
2,95,5000,7500
2,95,7500,10000
2,95,40000,42500
2,95,172500,175000
2,95,192500,195000
2,95,320000,322500
2,95,322500,325000
2,95,387500,390000
2,95,392500,395000
2,95,395000,397500
2,95,397500,400000
2,95,400000,402500
2,95,402500,405000
2,95,405000,407500
2,95,407500,410000
2,95,410000,412500
2,95,412500,415000
2,95,795000,797500
2,95,797500,800000
2,95,800000,802500
2,95,802500,805000
2,95,805000,807500
2,95,807500,810000
2,95,810000,812500
2,95,812500,815000
2,95,815000,817500
2,95,817500,820000
2,95,820000,822500
2,95,822500,825000
2,95,825000,827500
2,95,827500,830000
2,95,830000,832500
2,95,832500,835000
2,95,835000,837500
2,95,837500,840000
2,95,840000,842500
2,95,842500,845000
2,95,902500,905000
2,95,905000,907500
2,95,907500,910000
2,95,940000,942500
2,95,942500,945000
2,95,970000,972500
2,95,972500,975000
2,95,975000,977500
2,95,977500,980000
2,95,980000,982500
2,95,1000000,1002500
2,95,1002500,1005000
2,95,1005000,1007500
2,95,1007500,1010000
2,95,1010000,1012500
2,95,1012500,1015000
2,95,1015000,1017500
2,95,1017500,1020000
2,95,1020000,1022500
2,95,1022500,1025000
2,95,1025000,1027500
2,95,1030000,1032500
2,95,1032500,1035000
2,95,1035000,1037500
2,95,1037500,1040000
2,95,1040000,1042500
2,95,1052500,1055000
2,95,1055000,1057500
2,95,1057500,1060000
2,95,1060000,1062500
2,95,1062500,1065000
2,95,1065000,1067500
2,95,1067500,1070000
2,95,1070000,1072500
2,95,1072500,1075000
2,95,1075000,1077500
2,95,1077500,1080000
2,95,1090000,1092500
2,95,1092500,1095000
2,95,1310000,1312500
2,95,1342500,1345000
2,95,1345000,1347500
3,95,2500,5000
3,95,5000,7500
3,95,37500,40000
3,95,170000,172500
3,95,190000,192500
3,95,317500,320000
3,95,320000,322500
3,95,390000,392500
3,95,392500,395000
3,95,395000,397500
3,95,397500,400000
3,95,400000,402500
3,95,402500,405000
3,95,405000,407500
3,95,407500,410000
3,95,410000,412500
3,95,792500,795000
3,95,795000,797500
3,95,797500,800000
3,95,800000,802500
3,95,802500,805000
3,95,805000,807500
3,95,807500,810000
3,95,810000,812500
3,95,812500,815000
3,95,815000,817500
3,95,817500,820000
3,95,820000,822500
3,95,822500,825000
3,95,825000,827500
3,95,827500,830000
3,95,830000,832500
3,95,832500,835000
3,95,835000,837500
3,95,837500,840000
3,95,840000,842500
3,95,867500,870000
3,95,905000,907500
3,95,927500,930000
3,95,930000,932500
3,95,942500,945000
3,95,945000,947500
3,95,972500,975000
3,95,975000,977500
3,95,977500,980000
3,95,997500,1000000
3,95,1000000,1002500
3,95,1002500,1005000
3,95,1005000,1007500
3,95,1007500,1010000
3,95,1010000,1012500
3,95,1012500,1015000
3,95,1015000,1017500
3,95,1017500,1020000
3,95,1020000,1022500
3,95,1022500,1025000
3,95,1027500,1030000
3,95,1030000,1032500
3,95,1032500,1035000
3,95,1035000,1037500
3,95,1037500,1040000
3,95,1050000,1052500
3,95,1052500,1055000
3,95,1055000,1057500
3,95,1057500,1060000
3,95,1060000,1062500
3,95,1062500,1065000
3,95,1065000,1067500
3,95,1067500,1070000
3,95,1070000,1072500
3,95,1072500,1075000
3,95,1075000,1077500
3,95,1077500,1080000
3,95,1080000,1082500
3,95,1257500,1260000
3,95,1340000,1342500
4,95,55000,57500
4,95,57500,60000
4,95,70000,72500
4,95,905000,907500
4,95,972500,975000
4,95,985000,987500
4,95,1015000,1017500
4,95,1037500,1040000
4,95,1245000,1247500
4,95,1310000,1312500
4,95,1332500,1335000
4,95,1335000,1337500
4,95,1337500,1340000
4,95,1342500,1345000
4,95,1345000,1347500
5,95,52500,55000
5,95,55000,57500
5,95,982500,985000
5,95,1012500,1015000
5,95,1035000,1037500
5,95,1227500,1230000
5,95,1230000,1232500
5,95,1255000,1257500
5,95,1257500,1260000
5,95,1330000,1332500
5,95,1332500,1335000
5,95,1335000,1337500
5,95,1337500,1340000
5,95,1340000,1342500
0,96,10000,12500
0,96,20000,22500
0,96,22500,25000
0,96,25000,27500
0,96,27500,30000
0,96,30000,32500
0,96,35000,37500
0,96,37500,40000
0,96,40000,42500
0,96,52500,55000
0,96,67500,70000
0,96,70000,72500
0,96,72500,75000
0,96,92500,95000
0,96,95000,97500
0,96,100000,102500
0,96,120000,122500
0,96,125000,127500
0,96,145000,147500
0,96,155000,157500
0,96,157500,160000
0,96,165000,167500
0,96,172500,175000
0,96,220000,222500
0,96,222500,225000
0,96,225000,227500
0,96,227500,230000
0,96,230000,232500
0,96,240000,242500
0,96,242500,245000
0,96,245000,247500
0,96,247500,250000
0,96,252500,255000
0,96,257500,260000
0,96,280000,282500
0,96,282500,285000
0,96,337500,340000
0,96,345000,347500
0,96,365000,367500
0,96,370000,372500
0,96,372500,375000
0,96,375000,377500
0,96,377500,380000
0,96,380000,382500
0,96,405000,407500
0,96,407500,410000
0,96,457500,460000
0,96,460000,462500
0,96,462500,465000
0,96,470000,472500
0,96,472500,475000
0,96,475000,477500
0,96,477500,480000
0,96,480000,482500
0,96,482500,485000
0,96,485000,487500
0,96,487500,490000
0,96,490000,492500
0,96,492500,495000
0,96,515000,517500
0,96,527500,530000
0,96,530000,532500
0,96,532500,535000
0,96,535000,537500
0,96,557500,560000
0,96,560000,562500
0,96,565000,567500
0,96,572500,575000
0,96,575000,577500
0,96,577500,580000
0,96,597500,600000
0,96,610000,612500
0,96,612500,615000
0,96,675000,677500
0,96,680000,682500
0,96,695000,697500
0,96,697500,700000
0,96,710000,712500
0,96,712500,715000
0,96,747500,750000
0,96,750000,752500
0,96,752500,755000
0,96,772500,775000
0,96,775000,777500
0,96,777500,780000
0,96,790000,792500
0,96,795000,797500
0,96,800000,802500
0,96,802500,805000
0,96,805000,807500
0,96,812500,815000
0,96,815000,817500
0,96,817500,820000
0,96,822500,825000
0,96,825000,827500
0,96,837500,840000
0,96,840000,842500
0,96,847500,850000
0,96,850000,852500
0,96,852500,855000
0,96,857500,860000
0,96,865000,867500
0,96,867500,870000
0,96,905000,907500
0,96,915000,917500
0,96,920000,922500
0,96,922500,925000
0,96,927500,930000
0,96,930000,932500
0,96,935000,937500
0,96,937500,940000
0,96,940000,942500
0,96,942500,945000
0,96,945000,947500
0,96,947500,950000
0,96,952500,955000
0,96,955000,957500
0,96,957500,960000
0,96,960000,962500
0,96,970000,972500
0,96,972500,975000
0,96,975000,977500
0,96,977500,980000
0,96,980000,982500
0,96,982500,985000
0,96,985000,987500
0,96,987500,990000
0,96,990000,992500
0,96,992500,995000
0,96,995000,997500
0,96,1000000,1002500
0,96,1002500,1005000
0,96,1005000,1007500
0,96,1015000,1017500
0,96,1017500,1020000
0,96,1020000,1022500
0,96,1022500,1025000
0,96,1025000,1027500
0,96,1035000,1037500
0,96,1037500,1040000
0,96,1042500,1045000
0,96,1045000,1047500
0,96,1047500,1050000
0,96,1050000,1052500
0,96,1052500,1055000
0,96,1055000,1057500
0,96,1065000,1067500
0,96,1067500,1070000
0,96,1070000,1072500
0,96,1075000,1077500
0,96,1077500,1080000
0,96,1080000,1082500
0,96,1095000,1097500
0,96,1097500,1100000
0,96,1100000,1102500
0,96,1102500,1105000
0,96,1115000,1117500
0,96,1117500,1120000
0,96,1132500,1135000
0,96,1135000,1137500
0,96,1137500,1140000
0,96,1142500,1145000
0,96,1145000,1147500
0,96,1155000,1157500
0,96,1172500,1175000
0,96,1175000,1177500
0,96,1177500,1180000
0,96,1180000,1182500
0,96,1190000,1192500
0,96,1195000,1197500
0,96,1197500,1200000
0,96,1200000,1202500
0,96,1202500,1205000
0,96,1205000,1207500
0,96,1210000,1212500
0,96,1212500,1215000
0,96,1222500,1225000
0,96,1225000,1227500
0,96,1232500,1235000
0,96,1235000,1237500
0,96,1237500,1240000
0,96,1240000,1242500
0,96,1242500,1245000
0,96,1247500,1250000
0,96,1250000,1252500
0,96,1257500,1260000
0,96,1260000,1262500
0,96,1262500,1265000
0,96,1265000,1267500
0,96,1270000,1272500
0,96,1272500,1275000
0,96,1275000,1277500
0,96,1277500,1280000
0,96,1287500,1290000
0,96,1290000,1292500
0,96,1292500,1295000
1,96,17500,20000
1,96,20000,22500
1,96,22500,25000
1,96,25000,27500
1,96,27500,30000
1,96,32500,35000
1,96,35000,37500
1,96,37500,40000
1,96,50000,52500
1,96,65000,67500
1,96,67500,70000
1,96,70000,72500
1,96,90000,92500
1,96,92500,95000
1,96,97500,100000
1,96,117500,120000
1,96,122500,125000
1,96,142500,145000
1,96,152500,155000
1,96,162500,165000
1,96,170000,172500
1,96,172500,175000
1,96,217500,220000
1,96,220000,222500
1,96,222500,225000
1,96,225000,227500
1,96,227500,230000
1,96,237500,240000
1,96,240000,242500
1,96,242500,245000
1,96,245000,247500
1,96,250000,252500
1,96,255000,257500
1,96,280000,282500
1,96,335000,337500
1,96,342500,345000
1,96,362500,365000
1,96,367500,370000
1,96,370000,372500
1,96,372500,375000
1,96,375000,377500
1,96,377500,380000
1,96,400000,402500
1,96,402500,405000
1,96,455000,457500
1,96,457500,460000
1,96,460000,462500
1,96,467500,470000
1,96,470000,472500
1,96,472500,475000
1,96,475000,477500
1,96,477500,480000
1,96,480000,482500
1,96,482500,485000
1,96,485000,487500
1,96,487500,490000
1,96,490000,492500
1,96,492500,495000
1,96,512500,515000
1,96,515000,517500
1,96,527500,530000
1,96,530000,532500
1,96,532500,535000
1,96,535000,537500
1,96,555000,557500
1,96,557500,560000
1,96,562500,565000
1,96,570000,572500
1,96,572500,575000
1,96,575000,577500
1,96,595000,597500
1,96,607500,610000
1,96,610000,612500
1,96,672500,675000
1,96,677500,680000
1,96,692500,695000
1,96,695000,697500
1,96,697500,700000
1,96,700000,702500
1,96,732500,735000
1,96,735000,737500
1,96,750000,752500
1,96,770000,772500
1,96,772500,775000
1,96,775000,777500
1,96,777500,780000
1,96,792500,795000
1,96,797500,800000
1,96,800000,802500
1,96,802500,805000
1,96,810000,812500
1,96,812500,815000
1,96,815000,817500
1,96,817500,820000
1,96,820000,822500
1,96,835000,837500
1,96,837500,840000
1,96,845000,847500
1,96,847500,850000
1,96,850000,852500
1,96,855000,857500
1,96,862500,865000
1,96,865000,867500
1,96,902500,905000
1,96,912500,915000
1,96,917500,920000
1,96,920000,922500
1,96,925000,927500
1,96,927500,930000
1,96,932500,935000
1,96,935000,937500
1,96,937500,940000
1,96,940000,942500
1,96,942500,945000
1,96,945000,947500
1,96,950000,952500
1,96,952500,955000
1,96,955000,957500
1,96,957500,960000
1,96,967500,970000
1,96,970000,972500
1,96,972500,975000
1,96,975000,977500
1,96,977500,980000
1,96,980000,982500
1,96,982500,985000
1,96,985000,987500
1,96,987500,990000
1,96,990000,992500
1,96,992500,995000
1,96,997500,1000000
1,96,1000000,1002500
1,96,1002500,1005000
1,96,1012500,1015000
1,96,1015000,1017500
1,96,1017500,1020000
1,96,1020000,1022500
1,96,1022500,1025000
1,96,1032500,1035000
1,96,1035000,1037500
1,96,1037500,1040000
1,96,1040000,1042500
1,96,1045000,1047500
1,96,1047500,1050000
1,96,1050000,1052500
1,96,1052500,1055000
1,96,1062500,1065000
1,96,1065000,1067500
1,96,1067500,1070000
1,96,1072500,1075000
1,96,1075000,1077500
1,96,1077500,1080000
1,96,1092500,1095000
1,96,1095000,1097500
1,96,1097500,1100000
1,96,1100000,1102500
1,96,1112500,1115000
1,96,1115000,1117500
1,96,1130000,1132500
1,96,1132500,1135000
1,96,1135000,1137500
1,96,1140000,1142500
1,96,1142500,1145000
1,96,1152500,1155000
1,96,1170000,1172500
1,96,1172500,1175000
1,96,1175000,1177500
1,96,1177500,1180000
1,96,1187500,1190000
1,96,1192500,1195000
1,96,1195000,1197500
1,96,1197500,1200000
1,96,1200000,1202500
1,96,1202500,1205000
1,96,1207500,1210000
1,96,1210000,1212500
1,96,1220000,1222500
1,96,1222500,1225000
1,96,1230000,1232500
1,96,1232500,1235000
1,96,1235000,1237500
1,96,1237500,1240000
1,96,1240000,1242500
1,96,1245000,1247500
1,96,1247500,1250000
1,96,1255000,1257500
1,96,1257500,1260000
1,96,1260000,1262500
1,96,1262500,1265000
1,96,1267500,1270000
1,96,1270000,1272500
1,96,1272500,1275000
1,96,1275000,1277500
1,96,1285000,1287500
1,96,1287500,1290000
1,96,1290000,1292500
2,96,160000,162500
2,96,172500,175000
2,96,177500,180000
2,96,180000,182500
2,96,242500,245000
2,96,282500,285000
3,96,157500,160000
3,96,170000,172500
3,96,175000,177500
3,96,240000,242500
3,96,280000,282500
4,96,167500,170000
4,96,170000,172500
4,96,182500,185000
4,96,185000,187500
4,96,212500,215000
4,96,215000,217500
4,96,235000,237500
4,96,277500,280000
4,96,285000,287500
4,96,287500,290000
4,96,345000,347500
4,96,407500,410000
4,96,455000,457500
4,96,467500,470000
4,96,470000,472500
4,96,542500,545000
4,96,747500,750000
4,96,750000,752500
4,96,1165000,1167500
5,96,165000,167500
5,96,167500,170000
5,96,180000,182500
5,96,182500,185000
5,96,195000,197500
5,96,197500,200000
5,96,232500,235000
5,96,267500,270000
5,96,282500,285000
5,96,285000,287500
5,96,342500,345000
5,96,452500,455000
5,96,465000,467500
5,96,467500,470000
5,96,535000,537500
5,96,537500,540000
5,96,732500,735000
5,96,735000,737500
5,96,1162500,1165000
5,96,1277500,1280000
0,97,47500,50000
0,97,50000,52500
0,97,127500,130000
0,97,130000,132500
0,97,142500,145000
0,97,147500,150000
0,97,222500,225000
0,97,227500,230000
0,97,230000,232500
0,97,237500,240000
0,97,262500,265000
0,97,267500,270000
0,97,270000,272500
0,97,280000,282500
0,97,282500,285000
0,97,317500,320000
0,97,320000,322500
0,97,370000,372500
0,97,390000,392500
0,97,392500,395000
0,97,405000,407500
0,97,407500,410000
0,97,415000,417500
0,97,417500,420000
0,97,420000,422500
0,97,442500,445000
0,97,450000,452500
0,97,455000,457500
0,97,492500,495000
0,97,535000,537500
0,97,537500,540000
0,97,540000,542500
0,97,542500,545000
0,97,545000,547500
0,97,547500,550000
0,97,550000,552500
0,97,610000,612500
0,97,755000,757500
0,97,762500,765000
0,97,765000,767500
0,97,767500,770000
0,97,770000,772500
0,97,772500,775000
0,97,775000,777500
0,97,777500,780000
0,97,780000,782500
0,97,782500,785000
0,97,785000,787500
0,97,787500,790000
0,97,1165000,1167500
1,97,45000,47500
1,97,47500,50000
1,97,85000,87500
1,97,127500,130000
1,97,140000,142500
1,97,145000,147500
1,97,220000,222500
1,97,225000,227500
1,97,227500,230000
1,97,235000,237500
1,97,260000,262500
1,97,265000,267500
1,97,267500,270000
1,97,277500,280000
1,97,280000,282500
1,97,282500,285000
1,97,325000,327500
1,97,390000,392500
1,97,400000,402500
1,97,412500,415000
1,97,415000,417500
1,97,417500,420000
1,97,440000,442500
1,97,447500,450000
1,97,452500,455000
1,97,457500,460000
1,97,460000,462500
1,97,495000,497500
1,97,535000,537500
1,97,537500,540000
1,97,540000,542500
1,97,542500,545000
1,97,545000,547500
1,97,547500,550000
1,97,607500,610000
1,97,752500,755000
1,97,760000,762500
1,97,762500,765000
1,97,765000,767500
1,97,767500,770000
1,97,770000,772500
1,97,772500,775000
1,97,775000,777500
1,97,777500,780000
1,97,780000,782500
1,97,782500,785000
1,97,785000,787500
1,97,1162500,1165000
2,97,320000,322500
2,97,322500,325000
2,97,467500,470000
2,97,590000,592500
2,97,592500,595000
3,97,302500,305000
3,97,320000,322500
3,97,322500,325000
3,97,587500,590000
3,97,590000,592500
4,97,0,2500
4,97,15000,17500
4,97,17500,20000
4,97,25000,27500
4,97,35000,37500
4,97,42500,45000
4,97,45000,47500
4,97,47500,50000
4,97,65000,67500
4,97,70000,72500
4,97,72500,75000
4,97,75000,77500
4,97,77500,80000
4,97,80000,82500
4,97,85000,87500
4,97,105000,107500
4,97,107500,110000
4,97,125000,127500
4,97,127500,130000
4,97,185000,187500
4,97,187500,190000
4,97,190000,192500
4,97,192500,195000
4,97,195000,197500
4,97,197500,200000
4,97,200000,202500
4,97,202500,205000
4,97,205000,207500
4,97,207500,210000
4,97,210000,212500
4,97,212500,215000
4,97,215000,217500
4,97,217500,220000
4,97,220000,222500
4,97,232500,235000
4,97,237500,240000
4,97,240000,242500
4,97,262500,265000
4,97,275000,277500
4,97,277500,280000
4,97,372500,375000
4,97,377500,380000
4,97,390000,392500
4,97,405000,407500
4,97,407500,410000
4,97,432500,435000
4,97,455000,457500
4,97,457500,460000
4,97,492500,495000
4,97,555000,557500
4,97,557500,560000
4,97,582500,585000
4,97,590000,592500
4,97,592500,595000
4,97,595000,597500
4,97,597500,600000
4,97,607500,610000
4,97,612500,615000
4,97,615000,617500
4,97,617500,620000
4,97,625000,627500
4,97,627500,630000
4,97,630000,632500
4,97,632500,635000
4,97,655000,657500
4,97,660000,662500
4,97,662500,665000
4,97,665000,667500
4,97,667500,670000
4,97,670000,672500
4,97,672500,675000
4,97,675000,677500
4,97,677500,680000
4,97,680000,682500
4,97,682500,685000
4,97,685000,687500
4,97,687500,690000
4,97,690000,692500
4,97,692500,695000
4,97,695000,697500
4,97,697500,700000
4,97,700000,702500
4,97,705000,707500
4,97,750000,752500
4,97,752500,755000
4,97,760000,762500
4,97,762500,765000
4,97,765000,767500
4,97,790000,792500
4,97,792500,795000
4,97,810000,812500
4,97,812500,815000
4,97,815000,817500
4,97,857500,860000
4,97,877500,880000
4,97,880000,882500
4,97,882500,885000
4,97,885000,887500
4,97,887500,890000
4,97,890000,892500
4,97,892500,895000
4,97,895000,897500
4,97,965000,967500
4,97,977500,980000
4,97,980000,982500
4,97,990000,992500
4,97,992500,995000
4,97,1002500,1005000
4,97,1010000,1012500
4,97,1012500,1015000
4,97,1017500,1020000
4,97,1030000,1032500
4,97,1035000,1037500
4,97,1040000,1042500
4,97,1042500,1045000
4,97,1057500,1060000
4,97,1072500,1075000
4,97,1122500,1125000
4,97,1125000,1127500
4,97,1155000,1157500
4,97,1160000,1162500
4,97,1162500,1165000
4,97,1220000,1222500
4,97,1222500,1225000
4,97,1227500,1230000
4,97,1230000,1232500
4,97,1277500,1280000
4,97,1280000,1282500
4,97,1282500,1285000
5,97,12500,15000
5,97,15000,17500
5,97,20000,22500
5,97,27500,30000
5,97,37500,40000
5,97,40000,42500
5,97,45000,47500
5,97,60000,62500
5,97,62500,65000
5,97,67500,70000
5,97,72500,75000
5,97,75000,77500
5,97,77500,80000
5,97,82500,85000
5,97,85000,87500
5,97,87500,90000
5,97,120000,122500
5,97,122500,125000
5,97,182500,185000
5,97,185000,187500
5,97,187500,190000
5,97,190000,192500
5,97,192500,195000
5,97,195000,197500
5,97,197500,200000
5,97,200000,202500
5,97,202500,205000
5,97,205000,207500
5,97,207500,210000
5,97,210000,212500
5,97,212500,215000
5,97,215000,217500
5,97,217500,220000
5,97,230000,232500
5,97,232500,235000
5,97,235000,237500
5,97,260000,262500
5,97,272500,275000
5,97,275000,277500
5,97,322500,325000
5,97,372500,375000
5,97,375000,377500
5,97,400000,402500
5,97,430000,432500
5,97,452500,455000
5,97,455000,457500
5,97,457500,460000
5,97,460000,462500
5,97,552500,555000
5,97,555000,557500
5,97,580000,582500
5,97,587500,590000
5,97,590000,592500
5,97,592500,595000
5,97,595000,597500
5,97,605000,607500
5,97,610000,612500
5,97,612500,615000
5,97,615000,617500
5,97,622500,625000
5,97,625000,627500
5,97,627500,630000
5,97,630000,632500
5,97,632500,635000
5,97,635000,637500
5,97,657500,660000
5,97,660000,662500
5,97,662500,665000
5,97,665000,667500
5,97,667500,670000
5,97,670000,672500
5,97,672500,675000
5,97,675000,677500
5,97,677500,680000
5,97,680000,682500
5,97,682500,685000
5,97,685000,687500
5,97,687500,690000
5,97,690000,692500
5,97,692500,695000
5,97,695000,697500
5,97,697500,700000
5,97,702500,705000
5,97,712500,715000
5,97,715000,717500
5,97,750000,752500
5,97,757500,760000
5,97,760000,762500
5,97,762500,765000
5,97,787500,790000
5,97,790000,792500
5,97,795000,797500
5,97,812500,815000
5,97,815000,817500
5,97,817500,820000
5,97,860000,862500
5,97,880000,882500
5,97,882500,885000
5,97,885000,887500
5,97,887500,890000
5,97,890000,892500
5,97,892500,895000
5,97,895000,897500
5,97,897500,900000
5,97,967500,970000
5,97,982500,985000
5,97,985000,987500
5,97,997500,1000000
5,97,1005000,1007500
5,97,1015000,1017500
5,97,1020000,1022500
5,97,1032500,1035000
5,97,1037500,1040000
5,97,1052500,1055000
5,97,1055000,1057500
5,97,1060000,1062500
5,97,1070000,1072500
5,97,1072500,1075000
5,97,1075000,1077500
5,97,1122500,1125000
5,97,1127500,1130000
5,97,1130000,1132500
5,97,1157500,1160000
5,97,1167500,1170000
5,97,1170000,1172500
5,97,1225000,1227500
5,97,1227500,1230000
5,97,1235000,1237500
5,97,1280000,1282500
5,97,1290000,1292500
0,98,10000,12500
0,98,12500,15000
0,98,15000,17500
0,98,50000,52500
0,98,172500,175000
0,98,175000,177500
0,98,177500,180000
0,98,230000,232500
0,98,232500,235000
0,98,277500,280000
0,98,280000,282500
0,98,295000,297500
0,98,297500,300000
0,98,315000,317500
0,98,317500,320000
0,98,330000,332500
0,98,332500,335000
0,98,335000,337500
0,98,385000,387500
0,98,402500,405000
0,98,410000,412500
0,98,450000,452500
0,98,495000,497500
0,98,500000,502500
0,98,507500,510000
0,98,512500,515000
0,98,725000,727500
0,98,727500,730000
0,98,730000,732500
0,98,732500,735000
0,98,735000,737500
0,98,737500,740000
0,98,740000,742500
0,98,742500,745000
0,98,745000,747500
0,98,747500,750000
0,98,750000,752500
0,98,760000,762500
0,98,762500,765000
0,98,765000,767500
0,98,767500,770000
0,98,777500,780000
0,98,785000,787500
0,98,787500,790000
1,98,7500,10000
1,98,10000,12500
1,98,12500,15000
1,98,47500,50000
1,98,90000,92500
1,98,92500,95000
1,98,170000,172500
1,98,172500,175000
1,98,175000,177500
1,98,182500,185000
1,98,227500,230000
1,98,230000,232500
1,98,275000,277500
1,98,277500,280000
1,98,292500,295000
1,98,295000,297500
1,98,312500,315000
1,98,315000,317500
1,98,327500,330000
1,98,330000,332500
1,98,332500,335000
1,98,382500,385000
1,98,400000,402500
1,98,407500,410000
1,98,447500,450000
1,98,450000,452500
1,98,497500,500000
1,98,505000,507500
1,98,510000,512500
1,98,722500,725000
1,98,725000,727500
1,98,727500,730000
1,98,730000,732500
1,98,732500,735000
1,98,735000,737500
1,98,737500,740000
1,98,740000,742500
1,98,742500,745000
1,98,745000,747500
1,98,747500,750000
1,98,757500,760000
1,98,760000,762500
1,98,762500,765000
1,98,765000,767500
1,98,767500,770000
1,98,770000,772500
1,98,780000,782500
2,98,7500,10000
2,98,17500,20000
2,98,40000,42500
2,98,170000,172500
2,98,177500,180000
2,98,180000,182500
2,98,182500,185000
2,98,190000,192500
2,98,197500,200000
2,98,200000,202500
2,98,217500,220000
2,98,220000,222500
2,98,272500,275000
2,98,275000,277500
2,98,282500,285000
2,98,302500,305000
2,98,317500,320000
2,98,320000,322500
2,98,340000,342500
2,98,342500,345000
2,98,347500,350000
2,98,365000,367500
2,98,367500,370000
2,98,380000,382500
2,98,382500,385000
2,98,387500,390000
2,98,402500,405000
2,98,405000,407500
2,98,467500,470000
2,98,487500,490000
2,98,492500,495000
2,98,507500,510000
2,98,510000,512500
2,98,512500,515000
2,98,515000,517500
2,98,517500,520000
2,98,520000,522500
2,98,522500,525000
2,98,525000,527500
2,98,527500,530000
2,98,530000,532500
2,98,532500,535000
2,98,535000,537500
2,98,537500,540000
2,98,540000,542500
2,98,542500,545000
2,98,717500,720000
3,98,15000,17500
3,98,37500,40000
3,98,167500,170000
3,98,175000,177500
3,98,177500,180000
3,98,180000,182500
3,98,185000,187500
3,98,195000,197500
3,98,197500,200000
3,98,205000,207500
3,98,215000,217500
3,98,217500,220000
3,98,270000,272500
3,98,272500,275000
3,98,280000,282500
3,98,300000,302500
3,98,315000,317500
3,98,317500,320000
3,98,337500,340000
3,98,340000,342500
3,98,345000,347500
3,98,350000,352500
3,98,377500,380000
3,98,380000,382500
3,98,385000,387500
3,98,400000,402500
3,98,402500,405000
3,98,465000,467500
3,98,485000,487500
3,98,490000,492500
3,98,505000,507500
3,98,507500,510000
3,98,510000,512500
3,98,512500,515000
3,98,515000,517500
3,98,517500,520000
3,98,520000,522500
3,98,522500,525000
3,98,525000,527500
3,98,527500,530000
3,98,530000,532500
3,98,532500,535000
3,98,535000,537500
3,98,537500,540000
3,98,540000,542500
3,98,715000,717500
4,98,127500,130000
4,98,130000,132500
4,98,132500,135000
4,98,135000,137500
4,98,137500,140000
4,98,140000,142500
4,98,142500,145000
4,98,157500,160000
4,98,162500,165000
4,98,165000,167500
4,98,190000,192500
4,98,197500,200000
4,98,200000,202500
4,98,202500,205000
4,98,210000,212500
4,98,212500,215000
4,98,215000,217500
4,98,217500,220000
4,98,247500,250000
4,98,250000,252500
4,98,280000,282500
4,98,317500,320000
4,98,340000,342500
4,98,342500,345000
4,98,365000,367500
4,98,367500,370000
4,98,370000,372500
4,98,387500,390000
4,98,447500,450000
4,98,467500,470000
4,98,487500,490000
4,98,492500,495000
4,98,512500,515000
4,98,522500,525000
4,98,542500,545000
4,98,717500,720000
4,98,732500,735000
4,98,735000,737500
4,98,737500,740000
4,98,790000,792500
4,98,807500,810000
4,98,810000,812500
4,98,880000,882500
5,98,125000,127500
5,98,127500,130000
5,98,130000,132500
5,98,132500,135000
5,98,135000,137500
5,98,137500,140000
5,98,140000,142500
5,98,155000,157500
5,98,160000,162500
5,98,162500,165000
5,98,185000,187500
5,98,195000,197500
5,98,197500,200000
5,98,200000,202500
5,98,202500,205000
5,98,205000,207500
5,98,212500,215000
5,98,215000,217500
5,98,245000,247500
5,98,247500,250000
5,98,277500,280000
5,98,315000,317500
5,98,337500,340000
5,98,340000,342500
5,98,367500,370000
5,98,385000,387500
5,98,445000,447500
5,98,465000,467500
5,98,485000,487500
5,98,490000,492500
5,98,510000,512500
5,98,520000,522500
5,98,540000,542500
5,98,715000,717500
5,98,730000,732500
5,98,732500,735000
5,98,735000,737500
5,98,787500,790000
5,98,805000,807500
5,98,807500,810000
0,99,10000,12500
0,99,20000,22500
0,99,37500,40000
0,99,40000,42500
0,99,55000,57500
0,99,65000,67500
0,99,67500,70000
0,99,70000,72500
0,99,90000,92500
0,99,92500,95000
0,99,95000,97500
0,99,97500,100000
0,99,100000,102500
0,99,112500,115000
0,99,115000,117500
0,99,117500,120000
0,99,120000,122500
0,99,122500,125000
0,99,150000,152500
0,99,152500,155000
0,99,185000,187500
0,99,187500,190000
0,99,190000,192500
0,99,192500,195000
0,99,195000,197500
0,99,222500,225000
0,99,240000,242500
0,99,242500,245000
0,99,285000,287500
0,99,335000,337500
0,99,337500,340000
0,99,340000,342500
0,99,342500,345000
0,99,372500,375000
0,99,377500,380000
0,99,390000,392500
0,99,400000,402500
0,99,402500,405000
0,99,405000,407500
0,99,407500,410000
0,99,450000,452500
0,99,455000,457500
0,99,457500,460000
0,99,460000,462500
0,99,462500,465000
0,99,465000,467500
0,99,470000,472500
0,99,472500,475000
0,99,515000,517500
0,99,517500,520000
0,99,557500,560000
0,99,567500,570000
0,99,585000,587500
0,99,610000,612500
0,99,637500,640000
0,99,662500,665000
0,99,665000,667500
0,99,710000,712500
0,99,712500,715000
0,99,742500,745000
0,99,745000,747500
0,99,747500,750000
0,99,750000,752500
0,99,772500,775000
0,99,777500,780000
0,99,790000,792500
0,99,792500,795000
0,99,795000,797500
0,99,797500,800000
0,99,802500,805000
0,99,805000,807500
0,99,807500,810000
0,99,810000,812500
0,99,812500,815000
0,99,870000,872500
0,99,877500,880000
0,99,895000,897500
0,99,952500,955000
0,99,970000,972500
0,99,972500,975000
0,99,975000,977500
0,99,977500,980000
0,99,980000,982500
0,99,982500,985000
0,99,985000,987500
0,99,987500,990000
0,99,990000,992500
0,99,992500,995000
0,99,995000,997500
0,99,1017500,1020000
0,99,1025000,1027500
0,99,1027500,1030000
0,99,1030000,1032500
0,99,1032500,1035000
0,99,1035000,1037500
0,99,1042500,1045000
0,99,1045000,1047500
0,99,1050000,1052500
0,99,1052500,1055000
0,99,1055000,1057500
0,99,1057500,1060000
0,99,1060000,1062500
0,99,1062500,1065000
0,99,1065000,1067500
0,99,1067500,1070000
0,99,1077500,1080000
0,99,1080000,1082500
0,99,1087500,1090000
0,99,1090000,1092500
0,99,1092500,1095000
0,99,1095000,1097500
0,99,1102500,1105000
0,99,1107500,1110000
0,99,1165000,1167500
0,99,1177500,1180000
0,99,1185000,1187500
0,99,1222500,1225000
0,99,1232500,1235000
0,99,1240000,1242500
0,99,1257500,1260000
0,99,1285000,1287500
0,99,1287500,1290000
0,99,1290000,1292500
0,99,1292500,1295000
0,99,1295000,1297500
1,99,17500,20000
1,99,35000,37500
1,99,37500,40000
1,99,52500,55000
1,99,62500,65000
1,99,65000,67500
1,99,67500,70000
1,99,87500,90000
1,99,90000,92500
1,99,92500,95000
1,99,95000,97500
1,99,97500,100000
1,99,110000,112500
1,99,112500,115000
1,99,115000,117500
1,99,117500,120000
1,99,120000,122500
1,99,147500,150000
1,99,150000,152500
1,99,182500,185000
1,99,185000,187500
1,99,187500,190000
1,99,190000,192500
1,99,192500,195000
1,99,195000,197500
1,99,217500,220000
1,99,220000,222500
1,99,237500,240000
1,99,242500,245000
1,99,327500,330000
1,99,337500,340000
1,99,340000,342500
1,99,370000,372500
1,99,375000,377500
1,99,387500,390000
1,99,400000,402500
1,99,402500,405000
1,99,405000,407500
1,99,447500,450000
1,99,452500,455000
1,99,455000,457500
1,99,457500,460000
1,99,460000,462500
1,99,462500,465000
1,99,467500,470000
1,99,470000,472500
1,99,492500,495000
1,99,502500,505000
1,99,512500,515000
1,99,515000,517500
1,99,537500,540000
1,99,555000,557500
1,99,565000,567500
1,99,582500,585000
1,99,607500,610000
1,99,635000,637500
1,99,660000,662500
1,99,662500,665000
1,99,692500,695000
1,99,695000,697500
1,99,742500,745000
1,99,745000,747500
1,99,747500,750000
1,99,775000,777500
1,99,777500,780000
1,99,787500,790000
1,99,790000,792500
1,99,792500,795000
1,99,795000,797500
1,99,797500,800000
1,99,800000,802500
1,99,805000,807500
1,99,807500,810000
1,99,810000,812500
1,99,867500,870000
1,99,875000,877500
1,99,892500,895000
1,99,950000,952500
1,99,967500,970000
1,99,970000,972500
1,99,972500,975000
1,99,975000,977500
1,99,977500,980000
1,99,980000,982500
1,99,982500,985000
1,99,985000,987500
1,99,987500,990000
1,99,990000,992500
1,99,992500,995000
1,99,1015000,1017500
1,99,1022500,1025000
1,99,1025000,1027500
1,99,1027500,1030000
1,99,1030000,1032500
1,99,1032500,1035000
1,99,1040000,1042500
1,99,1042500,1045000
1,99,1047500,1050000
1,99,1050000,1052500
1,99,1052500,1055000
1,99,1055000,1057500
1,99,1057500,1060000
1,99,1060000,1062500
1,99,1062500,1065000
1,99,1065000,1067500
1,99,1075000,1077500
1,99,1077500,1080000
1,99,1085000,1087500
1,99,1087500,1090000
1,99,1090000,1092500
1,99,1092500,1095000
1,99,1100000,1102500
1,99,1105000,1107500
1,99,1162500,1165000
1,99,1175000,1177500
1,99,1182500,1185000
1,99,1220000,1222500
1,99,1230000,1232500
1,99,1237500,1240000
1,99,1255000,1257500
1,99,1282500,1285000
1,99,1285000,1287500
1,99,1287500,1290000
1,99,1290000,1292500
1,99,1292500,1295000
2,99,0,2500
2,99,132500,135000
2,99,135000,137500
2,99,137500,140000
3,99,132500,135000
3,99,135000,137500
4,99,172500,175000
4,99,210000,212500
4,99,212500,215000
4,99,215000,217500
4,99,222500,225000
4,99,240000,242500
4,99,275000,277500
4,99,277500,280000
4,99,290000,292500
4,99,312500,315000
4,99,315000,317500
4,99,320000,322500
4,99,322500,325000
4,99,325000,327500
4,99,352500,355000
4,99,407500,410000
4,99,462500,465000
4,99,467500,470000
4,99,470000,472500
4,99,520000,522500
4,99,565000,567500
4,99,585000,587500
4,99,597500,600000
4,99,750000,752500
4,99,785000,787500
4,99,787500,790000
4,99,1280000,1282500
5,99,165000,167500
5,99,197500,200000
5,99,212500,215000
5,99,220000,222500
5,99,237500,240000
5,99,260000,262500
5,99,262500,265000
5,99,272500,275000
5,99,275000,277500
5,99,287500,290000
5,99,290000,292500
5,99,310000,312500
5,99,312500,315000
5,99,317500,320000
5,99,320000,322500
5,99,322500,325000
5,99,325000,327500
5,99,355000,357500
5,99,405000,407500
5,99,460000,462500
5,99,465000,467500
5,99,467500,470000
5,99,502500,505000
5,99,517500,520000
5,99,537500,540000
5,99,562500,565000
5,99,582500,585000
5,99,595000,597500
5,99,747500,750000
5,99,777500,780000
5,99,780000,782500
5,99,1277500,1280000
0,100,15000,17500
0,100,32500,35000
0,100,40000,42500
0,100,50000,52500
0,100,52500,55000
0,100,55000,57500
0,100,57500,60000
0,100,60000,62500
0,100,62500,65000
0,100,67500,70000
0,100,75000,77500
0,100,80000,82500
0,100,82500,85000
0,100,85000,87500
0,100,87500,90000
0,100,92500,95000
0,100,107500,110000
0,100,112500,115000
0,100,115000,117500
0,100,117500,120000
0,100,120000,122500
0,100,125000,127500
0,100,145000,147500
0,100,147500,150000
0,100,150000,152500
0,100,152500,155000
0,100,155000,157500
0,100,157500,160000
0,100,195000,197500
0,100,197500,200000
0,100,200000,202500
0,100,202500,205000
0,100,205000,207500
0,100,207500,210000
0,100,210000,212500
0,100,212500,215000
0,100,215000,217500
0,100,217500,220000
0,100,220000,222500
0,100,222500,225000
0,100,225000,227500
0,100,227500,230000
0,100,230000,232500
0,100,232500,235000
0,100,262500,265000
0,100,265000,267500
0,100,267500,270000
0,100,270000,272500
0,100,272500,275000
0,100,275000,277500
0,100,277500,280000
0,100,282500,285000
0,100,337500,340000
0,100,347500,350000
0,100,350000,352500
0,100,370000,372500
0,100,372500,375000
0,100,390000,392500
0,100,392500,395000
0,100,397500,400000
0,100,400000,402500
0,100,402500,405000
0,100,405000,407500
0,100,407500,410000
0,100,410000,412500
0,100,412500,415000
0,100,415000,417500
0,100,417500,420000
0,100,420000,422500
0,100,422500,425000
0,100,425000,427500
0,100,427500,430000
0,100,430000,432500
0,100,437500,440000
0,100,455000,457500
0,100,470000,472500
0,100,497500,500000
0,100,515000,517500
0,100,517500,520000
0,100,520000,522500
0,100,522500,525000
0,100,525000,527500
0,100,527500,530000
0,100,545000,547500
0,100,547500,550000
0,100,550000,552500
0,100,552500,555000
0,100,565000,567500
0,100,567500,570000
0,100,592500,595000
0,100,595000,597500
0,100,600000,602500
0,100,602500,605000
0,100,605000,607500
0,100,610000,612500
0,100,617500,620000
0,100,707500,710000
0,100,710000,712500
0,100,712500,715000
0,100,747500,750000
0,100,750000,752500
0,100,755000,757500
0,100,772500,775000
0,100,775000,777500
0,100,777500,780000
0,100,780000,782500
0,100,782500,785000
0,100,790000,792500
0,100,815000,817500
0,100,917500,920000
0,100,920000,922500
0,100,1000000,1002500
0,100,1002500,1005000
0,100,1047500,1050000
0,100,1050000,1052500
0,100,1150000,1152500
0,100,1167500,1170000
0,100,1170000,1172500
0,100,1227500,1230000
0,100,1230000,1232500
0,100,1232500,1235000
0,100,1280000,1282500
0,100,1282500,1285000
0,100,1285000,1287500
0,100,1287500,1290000
0,100,1290000,1292500
0,100,1305000,1307500
0,100,1310000,1312500
0,100,1312500,1315000
0,100,1315000,1317500
0,100,1317500,1320000
0,100,1320000,1322500
0,100,1322500,1325000
0,100,1325000,1327500
0,100,1327500,1330000
0,100,1330000,1332500
0,100,1332500,1335000
0,100,1335000,1337500
0,100,1337500,1340000
0,100,1340000,1342500
0,100,1342500,1345000
0,100,1345000,1347500
0,100,1347500,1350000
1,100,12500,15000
1,100,30000,32500
1,100,37500,40000
1,100,47500,50000
1,100,50000,52500
1,100,52500,55000
1,100,55000,57500
1,100,57500,60000
1,100,60000,62500
1,100,65000,67500
1,100,72500,75000
1,100,77500,80000
1,100,80000,82500
1,100,82500,85000
1,100,85000,87500
1,100,90000,92500
1,100,105000,107500
1,100,110000,112500
1,100,112500,115000
1,100,115000,117500
1,100,117500,120000
1,100,122500,125000
1,100,142500,145000
1,100,145000,147500
1,100,147500,150000
1,100,150000,152500
1,100,152500,155000
1,100,155000,157500
1,100,192500,195000
1,100,195000,197500
1,100,197500,200000
1,100,200000,202500
1,100,202500,205000
1,100,205000,207500
1,100,207500,210000
1,100,210000,212500
1,100,212500,215000
1,100,215000,217500
1,100,217500,220000
1,100,220000,222500
1,100,222500,225000
1,100,225000,227500
1,100,227500,230000
1,100,230000,232500
1,100,232500,235000
1,100,235000,237500
1,100,260000,262500
1,100,262500,265000
1,100,265000,267500
1,100,267500,270000
1,100,270000,272500
1,100,272500,275000
1,100,275000,277500
1,100,280000,282500
1,100,282500,285000
1,100,390000,392500
1,100,395000,397500
1,100,397500,400000
1,100,400000,402500
1,100,402500,405000
1,100,405000,407500
1,100,407500,410000
1,100,410000,412500
1,100,412500,415000
1,100,415000,417500
1,100,417500,420000
1,100,420000,422500
1,100,422500,425000
1,100,425000,427500
1,100,427500,430000
1,100,435000,437500
1,100,452500,455000
1,100,470000,472500
1,100,492500,495000
1,100,495000,497500
1,100,500000,502500
1,100,515000,517500
1,100,517500,520000
1,100,520000,522500
1,100,522500,525000
1,100,525000,527500
1,100,527500,530000
1,100,530000,532500
1,100,547500,550000
1,100,550000,552500
1,100,562500,565000
1,100,565000,567500
1,100,590000,592500
1,100,592500,595000
1,100,597500,600000
1,100,600000,602500
1,100,602500,605000
1,100,607500,610000
1,100,615000,617500
1,100,705000,707500
1,100,707500,710000
1,100,710000,712500
1,100,712500,715000
1,100,752500,755000
1,100,770000,772500
1,100,772500,775000
1,100,775000,777500
1,100,777500,780000
1,100,780000,782500
1,100,787500,790000
1,100,812500,815000
1,100,915000,917500
1,100,917500,920000
1,100,965000,967500
1,100,997500,1000000
1,100,1000000,1002500
1,100,1045000,1047500
1,100,1047500,1050000
1,100,1147500,1150000
1,100,1165000,1167500
1,100,1167500,1170000
1,100,1190000,1192500
1,100,1225000,1227500
1,100,1227500,1230000
1,100,1230000,1232500
1,100,1277500,1280000
1,100,1280000,1282500
1,100,1282500,1285000
1,100,1285000,1287500
1,100,1287500,1290000
1,100,1302500,1305000
1,100,1307500,1310000
1,100,1310000,1312500
1,100,1312500,1315000
1,100,1315000,1317500
1,100,1317500,1320000
1,100,1320000,1322500
1,100,1322500,1325000
1,100,1325000,1327500
1,100,1327500,1330000
1,100,1330000,1332500
1,100,1332500,1335000
1,100,1335000,1337500
1,100,1337500,1340000
1,100,1340000,1342500
1,100,1342500,1345000
1,100,1345000,1347500
1,100,1347500,1350000
2,100,2500,5000
2,100,10000,12500
3,100,0,2500
3,100,7500,10000
4,100,0,2500
4,100,32500,35000
4,100,42500,45000
4,100,55000,57500
4,100,65000,67500
4,100,70000,72500
4,100,72500,75000
4,100,90000,92500
4,100,127500,130000
4,100,195000,197500
4,100,197500,200000
4,100,200000,202500
4,100,202500,205000
4,100,205000,207500
4,100,207500,210000
4,100,210000,212500
4,100,212500,215000
4,100,215000,217500
4,100,217500,220000
4,100,220000,222500
4,100,222500,225000
4,100,245000,247500
4,100,277500,280000
4,100,280000,282500
4,100,390000,392500
4,100,452500,455000
4,100,455000,457500
4,100,457500,460000
4,100,467500,470000
4,100,470000,472500
4,100,555000,557500
4,100,585000,587500
4,100,587500,590000
4,100,590000,592500
4,100,610000,612500
4,100,647500,650000
4,100,650000,652500
4,100,652500,655000
4,100,747500,750000
4,100,750000,752500
4,100,752500,755000
4,100,790000,792500
4,100,810000,812500
4,100,837500,840000
4,100,842500,845000
4,100,845000,847500
4,100,847500,850000
4,100,852500,855000
4,100,860000,862500
4,100,900000,902500
4,100,927500,930000
4,100,952500,955000
4,100,955000,957500
4,100,962500,965000
4,100,965000,967500
4,100,1000000,1002500
4,100,1007500,1010000
4,100,1015000,1017500
4,100,1017500,1020000
4,100,1027500,1030000
4,100,1040000,1042500
4,100,1045000,1047500
4,100,1062500,1065000
4,100,1095000,1097500
4,100,1102500,1105000
4,100,1110000,1112500
4,100,1152500,1155000
4,100,1172500,1175000
4,100,1227500,1230000
4,100,1245000,1247500
5,100,30000,32500
5,100,40000,42500
5,100,52500,55000
5,100,62500,65000
5,100,67500,70000
5,100,70000,72500
5,100,87500,90000
5,100,120000,122500
5,100,192500,195000
5,100,195000,197500
5,100,197500,200000
5,100,200000,202500
5,100,202500,205000
5,100,205000,207500
5,100,207500,210000
5,100,210000,212500
5,100,212500,215000
5,100,215000,217500
5,100,217500,220000
5,100,220000,222500
5,100,232500,235000
5,100,235000,237500
5,100,275000,277500
5,100,277500,280000
5,100,282500,285000
5,100,285000,287500
5,100,357500,360000
5,100,450000,452500
5,100,452500,455000
5,100,455000,457500
5,100,462500,465000
5,100,465000,467500
5,100,492500,495000
5,100,552500,555000
5,100,582500,585000
5,100,585000,587500
5,100,587500,590000
5,100,607500,610000
5,100,645000,647500
5,100,647500,650000
5,100,650000,652500
5,100,712500,715000
5,100,715000,717500
5,100,750000,752500
5,100,787500,790000
5,100,797500,800000
5,100,825000,827500
5,100,827500,830000
5,100,840000,842500
5,100,845000,847500
5,100,850000,852500
5,100,857500,860000
5,100,897500,900000
5,100,925000,927500
5,100,950000,952500
5,100,952500,955000
5,100,960000,962500
5,100,962500,965000
5,100,967500,970000
5,100,997500,1000000
5,100,1005000,1007500
5,100,1012500,1015000
5,100,1015000,1017500
5,100,1025000,1027500
5,100,1037500,1040000
5,100,1042500,1045000
5,100,1060000,1062500
5,100,1100000,1102500
5,100,1107500,1110000
5,100,1150000,1152500
5,100,1170000,1172500
5,100,1225000,1227500
5,100,1242500,1245000
0,101,10000,12500
0,101,102500,105000
0,101,140000,142500
0,101,277500,280000
0,101,287500,290000
0,101,290000,292500
0,101,292500,295000
0,101,295000,297500
0,101,302500,305000
0,101,305000,307500
0,101,307500,310000
0,101,310000,312500
0,101,312500,315000
0,101,315000,317500
0,101,317500,320000
0,101,320000,322500
0,101,347500,350000
0,101,385000,387500
0,101,402500,405000
0,101,457500,460000
0,101,465000,467500
0,101,477500,480000
0,101,480000,482500
0,101,482500,485000
0,101,500000,502500
0,101,512500,515000
0,101,530000,532500
0,101,532500,535000
0,101,547500,550000
0,101,550000,552500
0,101,610000,612500
0,101,757500,760000
0,101,762500,765000
0,101,765000,767500
0,101,767500,770000
0,101,770000,772500
0,101,772500,775000
0,101,775000,777500
0,101,777500,780000
0,101,780000,782500
0,101,785000,787500
0,101,787500,790000
0,101,790000,792500
0,101,805000,807500
1,101,7500,10000
1,101,100000,102500
1,101,137500,140000
1,101,275000,277500
1,101,285000,287500
1,101,287500,290000
1,101,290000,292500
1,101,292500,295000
1,101,300000,302500
1,101,302500,305000
1,101,305000,307500
1,101,307500,310000
1,101,310000,312500
1,101,312500,315000
1,101,315000,317500
1,101,317500,320000
1,101,345000,347500
1,101,382500,385000
1,101,400000,402500
1,101,455000,457500
1,101,462500,465000
1,101,475000,477500
1,101,477500,480000
1,101,480000,482500
1,101,497500,500000
1,101,510000,512500
1,101,527500,530000
1,101,530000,532500
1,101,545000,547500
1,101,547500,550000
1,101,607500,610000
1,101,755000,757500
1,101,760000,762500
1,101,762500,765000
1,101,765000,767500
1,101,767500,770000
1,101,770000,772500
1,101,772500,775000
1,101,775000,777500
1,101,777500,780000
1,101,782500,785000
1,101,785000,787500
1,101,787500,790000
1,101,802500,805000
2,101,7500,10000
2,101,10000,12500
2,101,230000,232500
2,101,232500,235000
2,101,237500,240000
2,101,252500,255000
2,101,255000,257500
2,101,257500,260000
2,101,320000,322500
2,101,382500,385000
2,101,400000,402500
2,101,405000,407500
2,101,447500,450000
2,101,490000,492500
2,101,492500,495000
2,101,550000,552500
2,101,552500,555000
2,101,585000,587500
3,101,7500,10000
3,101,227500,230000
3,101,230000,232500
3,101,235000,237500
3,101,250000,252500
3,101,252500,255000
3,101,255000,257500
3,101,317500,320000
3,101,320000,322500
3,101,380000,382500
3,101,397500,400000
3,101,402500,405000
3,101,445000,447500
3,101,487500,490000
3,101,490000,492500
3,101,547500,550000
3,101,550000,552500
3,101,582500,585000
4,101,50000,52500
4,101,52500,55000
4,101,132500,135000
4,101,135000,137500
4,101,167500,170000
4,101,230000,232500
4,101,317500,320000
4,101,357500,360000
4,101,450000,452500
4,101,452500,455000
4,101,485000,487500
4,101,487500,490000
4,101,490000,492500
4,101,492500,495000
4,101,880000,882500
5,101,47500,50000
5,101,50000,52500
5,101,130000,132500
5,101,132500,135000
5,101,165000,167500
5,101,227500,230000
5,101,315000,317500
5,101,322500,325000
5,101,355000,357500
5,101,447500,450000
5,101,450000,452500
5,101,482500,485000
5,101,485000,487500
5,101,487500,490000
5,101,490000,492500
5,101,877500,880000
0,102,195000,197500
0,102,232500,235000
0,102,360000,362500
0,102,380000,382500
0,102,382500,385000
1,102,192500,195000
1,102,230000,232500
1,102,360000,362500
1,102,380000,382500
2,102,0,2500
2,102,12500,15000
2,102,40000,42500
2,102,160000,162500
2,102,162500,165000
2,102,177500,180000
2,102,180000,182500
2,102,195000,197500
2,102,322500,325000
2,102,462500,465000
2,102,465000,467500
2,102,757500,760000
3,102,157500,160000
3,102,160000,162500
3,102,175000,177500
3,102,177500,180000
3,102,192500,195000
3,102,320000,322500
3,102,460000,462500
3,102,462500,465000
3,102,465000,467500
3,102,755000,757500
4,102,10000,12500
4,102,87500,90000
4,102,167500,170000
4,102,190000,192500
4,102,197500,200000
4,102,200000,202500
4,102,202500,205000
4,102,205000,207500
4,102,207500,210000
4,102,232500,235000
4,102,337500,340000
4,102,347500,350000
4,102,350000,352500
4,102,357500,360000
4,102,360000,362500
4,102,380000,382500
4,102,405000,407500
4,102,440000,442500
4,102,450000,452500
4,102,495000,497500
4,102,540000,542500
4,102,542500,545000
4,102,632500,635000
4,102,635000,637500
4,102,645000,647500
4,102,647500,650000
4,102,650000,652500
4,102,700000,702500
4,102,702500,705000
4,102,712500,715000
4,102,715000,717500
4,102,1010000,1012500
4,102,1282500,1285000
4,102,1320000,1322500
4,102,1322500,1325000
4,102,1325000,1327500
5,102,7500,10000
5,102,165000,167500
5,102,187500,190000
5,102,195000,197500
5,102,197500,200000
5,102,200000,202500
5,102,202500,205000
5,102,205000,207500
5,102,230000,232500
5,102,250000,252500
5,102,282500,285000
5,102,347500,350000
5,102,350000,352500
5,102,352500,355000
5,102,402500,405000
5,102,410000,412500
5,102,447500,450000
5,102,465000,467500
5,102,467500,470000
5,102,492500,495000
5,102,502500,505000
5,102,537500,540000
5,102,540000,542500
5,102,590000,592500
5,102,637500,640000
5,102,647500,650000
5,102,712500,715000
5,102,1027500,1030000
5,102,1102500,1105000
5,102,1285000,1287500
5,102,1317500,1320000
5,102,1320000,1322500
5,102,1322500,1325000
5,102,1325000,1327500
0,103,37500,40000
0,103,40000,42500
0,103,47500,50000
0,103,130000,132500
0,103,132500,135000
0,103,135000,137500
0,103,145000,147500
0,103,147500,150000
0,103,150000,152500
0,103,152500,155000
0,103,155000,157500
0,103,157500,160000
0,103,162500,165000
0,103,165000,167500
0,103,167500,170000
0,103,185000,187500
0,103,190000,192500
0,103,220000,222500
0,103,227500,230000
0,103,230000,232500
0,103,232500,235000
0,103,237500,240000
0,103,240000,242500
0,103,242500,245000
0,103,245000,247500
0,103,247500,250000
0,103,250000,252500
0,103,280000,282500
0,103,282500,285000
0,103,292500,295000
0,103,390000,392500
0,103,392500,395000
0,103,395000,397500
0,103,397500,400000
0,103,400000,402500
0,103,407500,410000
0,103,450000,452500
0,103,457500,460000
0,103,470000,472500
0,103,472500,475000
0,103,490000,492500
0,103,492500,495000
0,103,512500,515000
0,103,585000,587500
0,103,587500,590000
0,103,600000,602500
0,103,602500,605000
0,103,615000,617500
0,103,617500,620000
0,103,620000,622500
0,103,622500,625000
0,103,755000,757500
0,103,762500,765000
0,103,765000,767500
0,103,805000,807500
0,103,812500,815000
0,103,967500,970000
0,103,980000,982500
0,103,982500,985000
0,103,985000,987500
0,103,987500,990000
0,103,990000,992500
0,103,992500,995000
0,103,997500,1000000
0,103,1015000,1017500
0,103,1025000,1027500
0,103,1027500,1030000
0,103,1037500,1040000
0,103,1052500,1055000
0,103,1055000,1057500
0,103,1057500,1060000
0,103,1060000,1062500
0,103,1062500,1065000
0,103,1077500,1080000
0,103,1080000,1082500
0,103,1082500,1085000
0,103,1122500,1125000
0,103,1125000,1127500
0,103,1127500,1130000
0,103,1130000,1132500
0,103,1167500,1170000
0,103,1170000,1172500
1,103,35000,37500
1,103,37500,40000
1,103,45000,47500
1,103,127500,130000
1,103,130000,132500
1,103,132500,135000
1,103,142500,145000
1,103,145000,147500
1,103,147500,150000
1,103,150000,152500
1,103,152500,155000
1,103,155000,157500
1,103,160000,162500
1,103,162500,165000
1,103,165000,167500
1,103,182500,185000
1,103,187500,190000
1,103,190000,192500
1,103,225000,227500
1,103,227500,230000
1,103,230000,232500
1,103,235000,237500
1,103,237500,240000
1,103,240000,242500
1,103,242500,245000
1,103,245000,247500
1,103,247500,250000
1,103,277500,280000
1,103,280000,282500
1,103,290000,292500
1,103,292500,295000
1,103,387500,390000
1,103,390000,392500
1,103,392500,395000
1,103,395000,397500
1,103,397500,400000
1,103,405000,407500
1,103,455000,457500
1,103,470000,472500
1,103,480000,482500
1,103,482500,485000
1,103,515000,517500
1,103,582500,585000
1,103,585000,587500
1,103,597500,600000
1,103,600000,602500
1,103,612500,615000
1,103,615000,617500
1,103,617500,620000
1,103,620000,622500
1,103,752500,755000
1,103,755000,757500
1,103,757500,760000
1,103,802500,805000
1,103,810000,812500
1,103,965000,967500
1,103,977500,980000
1,103,980000,982500
1,103,982500,985000
1,103,985000,987500
1,103,987500,990000
1,103,990000,992500
1,103,995000,997500
1,103,1012500,1015000
1,103,1022500,1025000
1,103,1025000,1027500
1,103,1035000,1037500
1,103,1050000,1052500
1,103,1052500,1055000
1,103,1055000,1057500
1,103,1057500,1060000
1,103,1060000,1062500
1,103,1075000,1077500
1,103,1077500,1080000
1,103,1080000,1082500
1,103,1120000,1122500
1,103,1122500,1125000
1,103,1125000,1127500
1,103,1127500,1130000
1,103,1165000,1167500
1,103,1167500,1170000
2,103,0,2500
2,103,12500,15000
2,103,167500,170000
2,103,170000,172500
2,103,177500,180000
2,103,180000,182500
2,103,182500,185000
2,103,220000,222500
2,103,235000,237500
2,103,280000,282500
2,103,327500,330000
2,103,360000,362500
2,103,380000,382500
2,103,402500,405000
2,103,447500,450000
2,103,450000,452500
2,103,452500,455000
2,103,455000,457500
2,103,467500,470000
2,103,495000,497500
2,103,592500,595000
2,103,607500,610000
2,103,610000,612500
3,103,10000,12500
3,103,165000,167500
3,103,167500,170000
3,103,175000,177500
3,103,177500,180000
3,103,180000,182500
3,103,192500,195000
3,103,232500,235000
3,103,277500,280000
3,103,325000,327500
3,103,357500,360000
3,103,377500,380000
3,103,400000,402500
3,103,440000,442500
3,103,442500,445000
3,103,450000,452500
3,103,452500,455000
3,103,462500,465000
3,103,465000,467500
3,103,492500,495000
3,103,495000,497500
3,103,590000,592500
3,103,605000,607500
3,103,607500,610000
4,103,172500,175000
4,103,175000,177500
4,103,177500,180000
4,103,220000,222500
4,103,240000,242500
4,103,282500,285000
4,103,360000,362500
4,103,380000,382500
4,103,390000,392500
4,103,402500,405000
4,103,470000,472500
4,103,602500,605000
4,103,605000,607500
4,103,762500,765000
4,103,765000,767500
5,103,170000,172500
5,103,172500,175000
5,103,175000,177500
5,103,190000,192500
5,103,192500,195000
5,103,237500,240000
5,103,280000,282500
5,103,357500,360000
5,103,377500,380000
5,103,380000,382500
5,103,387500,390000
5,103,400000,402500
5,103,600000,602500
5,103,602500,605000
5,103,755000,757500
5,103,757500,760000
0,104,195000,197500
0,104,200000,202500
0,104,202500,205000
0,104,212500,215000
0,104,237500,240000
0,104,292500,295000
0,104,295000,297500
0,104,297500,300000
0,104,300000,302500
0,104,337500,340000
0,104,340000,342500
0,104,380000,382500
0,104,382500,385000
0,104,387500,390000
0,104,395000,397500
0,104,397500,400000
0,104,400000,402500
0,104,402500,405000
0,104,462500,465000
0,104,475000,477500
0,104,492500,495000
0,104,505000,507500
0,104,507500,510000
0,104,510000,512500
0,104,512500,515000
0,104,515000,517500
0,104,535000,537500
1,104,192500,195000
1,104,197500,200000
1,104,200000,202500
1,104,210000,212500
1,104,235000,237500
1,104,290000,292500
1,104,292500,295000
1,104,295000,297500
1,104,297500,300000
1,104,335000,337500
1,104,337500,340000
1,104,377500,380000
1,104,380000,382500
1,104,385000,387500
1,104,392500,395000
1,104,395000,397500
1,104,397500,400000
1,104,400000,402500
1,104,460000,462500
1,104,472500,475000
1,104,490000,492500
1,104,502500,505000
1,104,505000,507500
1,104,507500,510000
1,104,510000,512500
1,104,512500,515000
1,104,532500,535000
2,104,0,2500
2,104,40000,42500
2,104,180000,182500
2,104,182500,185000
2,104,217500,220000
2,104,220000,222500
2,104,222500,225000
2,104,225000,227500
2,104,232500,235000
2,104,247500,250000
2,104,277500,280000
2,104,305000,307500
2,104,310000,312500
2,104,312500,315000
2,104,320000,322500
2,104,322500,325000
2,104,345000,347500
2,104,390000,392500
2,104,392500,395000
2,104,407500,410000
2,104,410000,412500
2,104,412500,415000
2,104,415000,417500
2,104,417500,420000
2,104,447500,450000
2,104,450000,452500
2,104,452500,455000
2,104,455000,457500
2,104,462500,465000
2,104,465000,467500
2,104,467500,470000
2,104,470000,472500
2,104,472500,475000
2,104,485000,487500
2,104,487500,490000
2,104,490000,492500
2,104,492500,495000
2,104,507500,510000
2,104,585000,587500
2,104,587500,590000
2,104,592500,595000
2,104,610000,612500
2,104,747500,750000
3,104,37500,40000
3,104,175000,177500
3,104,177500,180000
3,104,215000,217500
3,104,217500,220000
3,104,220000,222500
3,104,222500,225000
3,104,230000,232500
3,104,245000,247500
3,104,275000,277500
3,104,302500,305000
3,104,307500,310000
3,104,310000,312500
3,104,315000,317500
3,104,317500,320000
3,104,342500,345000
3,104,387500,390000
3,104,390000,392500
3,104,405000,407500
3,104,407500,410000
3,104,410000,412500
3,104,412500,415000
3,104,415000,417500
3,104,417500,420000
3,104,420000,422500
3,104,450000,452500
3,104,452500,455000
3,104,460000,462500
3,104,462500,465000
3,104,465000,467500
3,104,467500,470000
3,104,470000,472500
3,104,482500,485000
3,104,485000,487500
3,104,487500,490000
3,104,490000,492500
3,104,505000,507500
3,104,582500,585000
3,104,585000,587500
3,104,590000,592500
3,104,607500,610000
3,104,720000,722500
3,104,722500,725000
4,104,200000,202500
4,104,207500,210000
4,104,210000,212500
4,104,212500,215000
4,104,215000,217500
4,104,232500,235000
4,104,310000,312500
4,104,312500,315000
4,104,315000,317500
4,104,320000,322500
4,104,362500,365000
4,104,452500,455000
4,104,455000,457500
4,104,457500,460000
4,104,465000,467500
4,104,480000,482500
4,104,482500,485000
4,104,587500,590000
4,104,592500,595000
4,104,720000,722500
4,104,747500,750000
5,104,197500,200000
5,104,205000,207500
5,104,207500,210000
5,104,210000,212500
5,104,212500,215000
5,104,230000,232500
5,104,307500,310000
5,104,310000,312500
5,104,312500,315000
5,104,315000,317500
5,104,317500,320000
5,104,360000,362500
5,104,450000,452500
5,104,452500,455000
5,104,455000,457500
5,104,462500,465000
5,104,475000,477500
5,104,477500,480000
5,104,585000,587500
5,104,590000,592500
5,104,717500,720000
5,104,720000,722500
5,104,722500,725000
5,104,997500,1000000
5,104,1000000,1002500
0,105,360000,362500
0,105,462500,465000
1,105,340000,342500
1,105,460000,462500
2,105,0,2500
2,105,2500,5000
2,105,162500,165000
2,105,180000,182500
2,105,190000,192500
2,105,192500,195000
2,105,237500,240000
2,105,247500,250000
2,105,270000,272500
2,105,272500,275000
2,105,275000,277500
2,105,277500,280000
2,105,282500,285000
2,105,462500,465000
2,105,547500,550000
2,105,670000,672500
2,105,687500,690000
2,105,690000,692500
2,105,692500,695000
2,105,765000,767500
2,105,767500,770000
2,105,770000,772500
3,105,0,2500
3,105,5000,7500
3,105,160000,162500
3,105,177500,180000
3,105,187500,190000
3,105,190000,192500
3,105,235000,237500
3,105,245000,247500
3,105,247500,250000
3,105,270000,272500
3,105,272500,275000
3,105,275000,277500
3,105,280000,282500
3,105,282500,285000
3,105,380000,382500
3,105,460000,462500
3,105,545000,547500
3,105,547500,550000
3,105,685000,687500
3,105,687500,690000
3,105,690000,692500
3,105,762500,765000
3,105,765000,767500
3,105,767500,770000
4,105,5000,7500
4,105,40000,42500
4,105,87500,90000
4,105,122500,125000
4,105,167500,170000
4,105,180000,182500
4,105,182500,185000
4,105,207500,210000
4,105,222500,225000
4,105,235000,237500
4,105,252500,255000
4,105,267500,270000
4,105,270000,272500
4,105,280000,282500
4,105,347500,350000
4,105,350000,352500
4,105,357500,360000
4,105,360000,362500
4,105,362500,365000
4,105,365000,367500
4,105,370000,372500
4,105,372500,375000
4,105,380000,382500
4,105,415000,417500
4,105,445000,447500
4,105,447500,450000
4,105,452500,455000
4,105,467500,470000
4,105,507500,510000
4,105,510000,512500
4,105,592500,595000
4,105,610000,612500
4,105,632500,635000
4,105,672500,675000
4,105,682500,685000
4,105,685000,687500
4,105,710000,712500
4,105,712500,715000
4,105,772500,775000
4,105,775000,777500
4,105,777500,780000
4,105,1162500,1165000
4,105,1165000,1167500
4,105,1342500,1345000
4,105,1345000,1347500
4,105,1347500,1350000
5,105,2500,5000
5,105,37500,40000
5,105,165000,167500
5,105,177500,180000
5,105,180000,182500
5,105,195000,197500
5,105,197500,200000
5,105,220000,222500
5,105,232500,235000
5,105,250000,252500
5,105,257500,260000
5,105,260000,262500
5,105,277500,280000
5,105,282500,285000
5,105,285000,287500
5,105,330000,332500
5,105,347500,350000
5,105,350000,352500
5,105,352500,355000
5,105,360000,362500
5,105,362500,365000
5,105,367500,370000
5,105,370000,372500
5,105,377500,380000
5,105,405000,407500
5,105,417500,420000
5,105,450000,452500
5,105,465000,467500
5,105,492500,495000
5,105,495000,497500
5,105,505000,507500
5,105,507500,510000
5,105,547500,550000
5,105,607500,610000
5,105,637500,640000
5,105,670000,672500
5,105,675000,677500
5,105,677500,680000
5,105,707500,710000
5,105,710000,712500
5,105,770000,772500
5,105,772500,775000
5,105,775000,777500
5,105,777500,780000
5,105,1345000,1347500
5,105,1347500,1350000
0,106,47500,50000
0,106,50000,52500
0,106,125000,127500
0,106,130000,132500
0,106,132500,135000
0,106,145000,147500
0,106,147500,150000
0,106,150000,152500
0,106,152500,155000
0,106,155000,157500
0,106,157500,160000
0,106,162500,165000
0,106,165000,167500
0,106,190000,192500
0,106,192500,195000
0,106,195000,197500
0,106,197500,200000
0,106,200000,202500
0,106,202500,205000
0,106,227500,230000
0,106,230000,232500
0,106,232500,235000
0,106,235000,237500
0,106,237500,240000
0,106,240000,242500
0,106,242500,245000
0,106,245000,247500
0,106,247500,250000
0,106,250000,252500
0,106,362500,365000
0,106,365000,367500
0,106,380000,382500
0,106,395000,397500
0,106,397500,400000
0,106,400000,402500
0,106,460000,462500
0,106,462500,465000
0,106,470000,472500
0,106,585000,587500
0,106,587500,590000
0,106,605000,607500
0,106,607500,610000
0,106,637500,640000
0,106,682500,685000
0,106,685000,687500
0,106,687500,690000
0,106,690000,692500
0,106,692500,695000
0,106,695000,697500
0,106,697500,700000
0,106,700000,702500
0,106,702500,705000
0,106,705000,707500
0,106,707500,710000
0,106,710000,712500
0,106,752500,755000
0,106,787500,790000
0,106,805000,807500
0,106,812500,815000
0,106,967500,970000
0,106,1025000,1027500
0,106,1027500,1030000
0,106,1060000,1062500
0,106,1062500,1065000
1,106,45000,47500
1,106,47500,50000
1,106,120000,122500
1,106,122500,125000
1,106,127500,130000
1,106,130000,132500
1,106,142500,145000
1,106,145000,147500
1,106,147500,150000
1,106,150000,152500
1,106,152500,155000
1,106,155000,157500
1,106,160000,162500
1,106,162500,165000
1,106,187500,190000
1,106,190000,192500
1,106,192500,195000
1,106,195000,197500
1,106,197500,200000
1,106,200000,202500
1,106,202500,205000
1,106,225000,227500
1,106,227500,230000
1,106,230000,232500
1,106,232500,235000
1,106,235000,237500
1,106,237500,240000
1,106,240000,242500
1,106,242500,245000
1,106,245000,247500
1,106,247500,250000
1,106,360000,362500
1,106,362500,365000
1,106,377500,380000
1,106,392500,395000
1,106,395000,397500
1,106,397500,400000
1,106,457500,460000
1,106,460000,462500
1,106,467500,470000
1,106,500000,502500
1,106,502500,505000
1,106,515000,517500
1,106,582500,585000
1,106,585000,587500
1,106,597500,600000
1,106,635000,637500
1,106,680000,682500
1,106,682500,685000
1,106,685000,687500
1,106,687500,690000
1,106,690000,692500
1,106,692500,695000
1,106,695000,697500
1,106,697500,700000
1,106,700000,702500
1,106,702500,705000
1,106,705000,707500
1,106,707500,710000
1,106,750000,752500
1,106,777500,780000
1,106,780000,782500
1,106,802500,805000
1,106,810000,812500
1,106,965000,967500
1,106,1022500,1025000
1,106,1025000,1027500
1,106,1057500,1060000
1,106,1060000,1062500
2,106,2500,5000
2,106,5000,7500
2,106,12500,15000
2,106,167500,170000
2,106,172500,175000
2,106,175000,177500
2,106,177500,180000
2,106,180000,182500
2,106,182500,185000
2,106,225000,227500
2,106,237500,240000
2,106,357500,360000
2,106,362500,365000
2,106,370000,372500
2,106,435000,437500
2,106,437500,440000
2,106,440000,442500
2,106,442500,445000
2,106,445000,447500
2,106,447500,450000
2,106,450000,452500
2,106,452500,455000
2,106,462500,465000
2,106,465000,467500
2,106,467500,470000
2,106,495000,497500
2,106,497500,500000
2,106,590000,592500
2,106,592500,595000
2,106,595000,597500
2,106,607500,610000
2,106,610000,612500
2,106,612500,615000
2,106,615000,617500
2,106,617500,620000
2,106,620000,622500
2,106,622500,625000
2,106,625000,627500
2,106,627500,630000
2,106,632500,635000
2,106,635000,637500
2,106,732500,735000
2,106,735000,737500
2,106,995000,997500
2,106,1050000,1052500
2,106,1097500,1100000
2,106,1140000,1142500
2,106,1157500,1160000
2,106,1170000,1172500
2,106,1172500,1175000
3,106,0,2500
3,106,10000,12500
3,106,165000,167500
3,106,170000,172500
3,106,172500,175000
3,106,175000,177500
3,106,177500,180000
3,106,180000,182500
3,106,222500,225000
3,106,235000,237500
3,106,277500,280000
3,106,350000,352500
3,106,360000,362500
3,106,367500,370000
3,106,432500,435000
3,106,435000,437500
3,106,437500,440000
3,106,440000,442500
3,106,442500,445000
3,106,445000,447500
3,106,447500,450000
3,106,450000,452500
3,106,460000,462500
3,106,462500,465000
3,106,465000,467500
3,106,492500,495000
3,106,495000,497500
3,106,587500,590000
3,106,590000,592500
3,106,592500,595000
3,106,595000,597500
3,106,607500,610000
3,106,610000,612500
3,106,612500,615000
3,106,615000,617500
3,106,617500,620000
3,106,620000,622500
3,106,622500,625000
3,106,625000,627500
3,106,627500,630000
3,106,630000,632500
3,106,717500,720000
3,106,755000,757500
3,106,992500,995000
3,106,1047500,1050000
3,106,1095000,1097500
3,106,1137500,1140000
3,106,1155000,1157500
3,106,1167500,1170000
3,106,1170000,1172500
4,106,170000,172500
4,106,177500,180000
4,106,185000,187500
4,106,195000,197500
4,106,235000,237500
4,106,240000,242500
4,106,247500,250000
4,106,250000,252500
4,106,282500,285000
4,106,390000,392500
4,106,392500,395000
4,106,450000,452500
4,106,452500,455000
4,106,587500,590000
4,106,605000,607500
4,106,607500,610000
5,106,167500,170000
5,106,175000,177500
5,106,182500,185000
5,106,192500,195000
5,106,202500,205000
5,106,205000,207500
5,106,232500,235000
5,106,237500,240000
5,106,245000,247500
5,106,247500,250000
5,106,277500,280000
5,106,280000,282500
5,106,387500,390000
5,106,390000,392500
5,106,447500,450000
5,106,450000,452500
5,106,585000,587500
5,106,597500,600000
5,106,755000,757500
0,107,2500,5000
0,107,15000,17500
0,107,52500,55000
0,107,55000,57500
0,107,125000,127500
0,107,167500,170000
0,107,185000,187500
0,107,190000,192500
0,107,205000,207500
0,107,225000,227500
0,107,242500,245000
0,107,245000,247500
0,107,247500,250000
0,107,260000,262500
0,107,262500,265000
0,107,265000,267500
0,107,267500,270000
0,107,270000,272500
0,107,272500,275000
0,107,275000,277500
0,107,277500,280000
0,107,282500,285000
0,107,287500,290000
0,107,290000,292500
0,107,292500,295000
0,107,295000,297500
0,107,297500,300000
0,107,300000,302500
0,107,312500,315000
0,107,315000,317500
0,107,317500,320000
0,107,335000,337500
0,107,337500,340000
0,107,340000,342500
0,107,360000,362500
0,107,362500,365000
0,107,365000,367500
0,107,367500,370000
0,107,390000,392500
0,107,407500,410000
0,107,410000,412500
0,107,412500,415000
0,107,415000,417500
0,107,417500,420000
0,107,420000,422500
0,107,452500,455000
0,107,460000,462500
0,107,462500,465000
0,107,465000,467500
0,107,470000,472500
0,107,502500,505000
0,107,505000,507500
0,107,507500,510000
0,107,510000,512500
0,107,512500,515000
0,107,517500,520000
0,107,520000,522500
0,107,522500,525000
0,107,525000,527500
0,107,527500,530000
0,107,532500,535000
0,107,535000,537500
0,107,537500,540000
0,107,540000,542500
0,107,547500,550000
0,107,550000,552500
0,107,552500,555000
0,107,592500,595000
0,107,657500,660000
0,107,660000,662500
0,107,712500,715000
0,107,812500,815000
0,107,1162500,1165000
0,107,1165000,1167500
0,107,1230000,1232500
0,107,1232500,1235000
1,107,0,2500
1,107,2500,5000
1,107,12500,15000
1,107,50000,52500
1,107,52500,55000
1,107,122500,125000
1,107,165000,167500
1,107,182500,185000
1,107,187500,190000
1,107,202500,205000
1,107,222500,225000
1,107,240000,242500
1,107,242500,245000
1,107,245000,247500
1,107,257500,260000
1,107,260000,262500
1,107,262500,265000
1,107,265000,267500
1,107,267500,270000
1,107,270000,272500
1,107,272500,275000
1,107,275000,277500
1,107,280000,282500
1,107,285000,287500
1,107,290000,292500
1,107,292500,295000
1,107,295000,297500
1,107,297500,300000
1,107,310000,312500
1,107,312500,315000
1,107,315000,317500
1,107,335000,337500
1,107,337500,340000
1,107,360000,362500
1,107,362500,365000
1,107,365000,367500
1,107,387500,390000
1,107,407500,410000
1,107,410000,412500
1,107,412500,415000
1,107,415000,417500
1,107,417500,420000
1,107,450000,452500
1,107,452500,455000
1,107,460000,462500
1,107,462500,465000
1,107,467500,470000
1,107,502500,505000
1,107,505000,507500
1,107,507500,510000
1,107,510000,512500
1,107,515000,517500
1,107,517500,520000
1,107,520000,522500
1,107,522500,525000
1,107,525000,527500
1,107,530000,532500
1,107,532500,535000
1,107,535000,537500
1,107,537500,540000
1,107,545000,547500
1,107,547500,550000
1,107,550000,552500
1,107,590000,592500
1,107,655000,657500
1,107,657500,660000
1,107,710000,712500
1,107,810000,812500
1,107,1160000,1162500
1,107,1162500,1165000
1,107,1227500,1230000
1,107,1230000,1232500
2,107,0,2500
2,107,42500,45000
2,107,167500,170000
2,107,180000,182500
2,107,182500,185000
2,107,220000,222500
2,107,222500,225000
2,107,227500,230000
2,107,232500,235000
2,107,235000,237500
2,107,252500,255000
2,107,277500,280000
2,107,280000,282500
2,107,302500,305000
2,107,305000,307500
2,107,307500,310000
2,107,310000,312500
2,107,320000,322500
2,107,322500,325000
2,107,325000,327500
2,107,447500,450000
2,107,492500,495000
2,107,495000,497500
2,107,535000,537500
2,107,542500,545000
2,107,567500,570000
2,107,587500,590000
2,107,590000,592500
2,107,632500,635000
2,107,647500,650000
2,107,650000,652500
2,107,652500,655000
2,107,1165000,1167500
2,107,1167500,1170000
3,107,40000,42500
3,107,165000,167500
3,107,177500,180000
3,107,180000,182500
3,107,217500,220000
3,107,220000,222500
3,107,225000,227500
3,107,230000,232500
3,107,232500,235000
3,107,250000,252500
3,107,275000,277500
3,107,277500,280000
3,107,300000,302500
3,107,302500,305000
3,107,305000,307500
3,107,307500,310000
3,107,317500,320000
3,107,320000,322500
3,107,322500,325000
3,107,325000,327500
3,107,445000,447500
3,107,490000,492500
3,107,492500,495000
3,107,495000,497500
3,107,532500,535000
3,107,540000,542500
3,107,565000,567500
3,107,585000,587500
3,107,587500,590000
3,107,630000,632500
3,107,645000,647500
3,107,647500,650000
3,107,650000,652500
3,107,1162500,1165000
3,107,1165000,1167500
4,107,222500,225000
4,107,232500,235000
4,107,720000,722500
4,107,722500,725000
4,107,757500,760000
4,107,1012500,1015000
5,107,220000,222500
5,107,230000,232500
5,107,717500,720000
5,107,720000,722500
5,107,755000,757500
5,107,997500,1000000
0,108,2500,5000
0,108,10000,12500
0,108,27500,30000
0,108,32500,35000
0,108,35000,37500
0,108,57500,60000
0,108,92500,95000
0,108,95000,97500
0,108,97500,100000
0,108,102500,105000
0,108,105000,107500
0,108,110000,112500
0,108,117500,120000
0,108,122500,125000
0,108,125000,127500
0,108,127500,130000
0,108,130000,132500
0,108,140000,142500
0,108,142500,145000
0,108,145000,147500
0,108,147500,150000
0,108,162500,165000
0,108,197500,200000
0,108,200000,202500
0,108,220000,222500
0,108,317500,320000
0,108,357500,360000
0,108,360000,362500
0,108,362500,365000
0,108,367500,370000
0,108,370000,372500
0,108,372500,375000
0,108,375000,377500
0,108,377500,380000
0,108,390000,392500
0,108,392500,395000
0,108,395000,397500
0,108,397500,400000
0,108,400000,402500
0,108,402500,405000
0,108,415000,417500
0,108,427500,430000
0,108,432500,435000
0,108,435000,437500
0,108,437500,440000
0,108,462500,465000
0,108,465000,467500
0,108,467500,470000
0,108,470000,472500
0,108,472500,475000
0,108,475000,477500
0,108,477500,480000
0,108,522500,525000
0,108,525000,527500
0,108,527500,530000
0,108,530000,532500
0,108,532500,535000
0,108,540000,542500
0,108,542500,545000
0,108,545000,547500
0,108,547500,550000
0,108,550000,552500
0,108,567500,570000
0,108,570000,572500
0,108,572500,575000
0,108,575000,577500
0,108,577500,580000
0,108,580000,582500
0,108,582500,585000
0,108,585000,587500
0,108,600000,602500
0,108,602500,605000
0,108,607500,610000
0,108,610000,612500
0,108,612500,615000
0,108,615000,617500
0,108,617500,620000
0,108,620000,622500
0,108,622500,625000
0,108,625000,627500
0,108,627500,630000
0,108,630000,632500
0,108,632500,635000
0,108,635000,637500
0,108,637500,640000
0,108,640000,642500
0,108,650000,652500
0,108,652500,655000
0,108,655000,657500
0,108,657500,660000
0,108,660000,662500
0,108,662500,665000
0,108,672500,675000
0,108,695000,697500
0,108,702500,705000
0,108,705000,707500
0,108,750000,752500
0,108,752500,755000
0,108,755000,757500
0,108,757500,760000
0,108,767500,770000
0,108,770000,772500
0,108,782500,785000
0,108,785000,787500
0,108,792500,795000
0,108,795000,797500
0,108,797500,800000
0,108,800000,802500
0,108,805000,807500
0,108,810000,812500
0,108,812500,815000
0,108,815000,817500
0,108,817500,820000
0,108,820000,822500
0,108,822500,825000
0,108,825000,827500
0,108,827500,830000
0,108,835000,837500
0,108,840000,842500
0,108,842500,845000
0,108,845000,847500
0,108,847500,850000
0,108,852500,855000
0,108,855000,857500
0,108,857500,860000
0,108,860000,862500
0,108,862500,865000
0,108,865000,867500
0,108,870000,872500
0,108,875000,877500
0,108,877500,880000
0,108,880000,882500
0,108,887500,890000
0,108,890000,892500
0,108,892500,895000
0,108,895000,897500
0,108,897500,900000
0,108,900000,902500
0,108,902500,905000
0,108,905000,907500
0,108,907500,910000
0,108,910000,912500
0,108,912500,915000
0,108,915000,917500
0,108,917500,920000
0,108,920000,922500
0,108,922500,925000
0,108,925000,927500
0,108,927500,930000
0,108,930000,932500
0,108,932500,935000
0,108,935000,937500
0,108,937500,940000
0,108,940000,942500
0,108,942500,945000
0,108,945000,947500
0,108,947500,950000
0,108,967500,970000
0,108,970000,972500
0,108,972500,975000
0,108,975000,977500
0,108,985000,987500
0,108,987500,990000
0,108,995000,997500
0,108,997500,1000000
0,108,1000000,1002500
0,108,1005000,1007500
0,108,1007500,1010000
0,108,1010000,1012500
0,108,1012500,1015000
0,108,1015000,1017500
0,108,1025000,1027500
0,108,1040000,1042500
0,108,1042500,1045000
0,108,1045000,1047500
0,108,1047500,1050000
0,108,1050000,1052500
0,108,1052500,1055000
0,108,1055000,1057500
0,108,1057500,1060000
0,108,1060000,1062500
0,108,1062500,1065000
0,108,1065000,1067500
0,108,1067500,1070000
0,108,1070000,1072500
0,108,1072500,1075000
0,108,1075000,1077500
0,108,1077500,1080000
0,108,1080000,1082500
0,108,1082500,1085000
0,108,1085000,1087500
0,108,1087500,1090000
0,108,1090000,1092500
0,108,1092500,1095000
0,108,1095000,1097500
0,108,1097500,1100000
0,108,1100000,1102500
0,108,1105000,1107500
0,108,1107500,1110000
0,108,1110000,1112500
0,108,1112500,1115000
0,108,1117500,1120000
0,108,1122500,1125000
1,108,0,2500
1,108,7500,10000
1,108,25000,27500
1,108,30000,32500
1,108,32500,35000
1,108,55000,57500
1,108,90000,92500
1,108,92500,95000
1,108,95000,97500
1,108,100000,102500
1,108,102500,105000
1,108,107500,110000
1,108,115000,117500
1,108,120000,122500
1,108,122500,125000
1,108,125000,127500
1,108,127500,130000
1,108,137500,140000
1,108,140000,142500
1,108,142500,145000
1,108,145000,147500
1,108,160000,162500
1,108,195000,197500
1,108,197500,200000
1,108,217500,220000
1,108,315000,317500
1,108,355000,357500
1,108,357500,360000
1,108,360000,362500
1,108,365000,367500
1,108,367500,370000
1,108,370000,372500
1,108,372500,375000
1,108,375000,377500
1,108,387500,390000
1,108,390000,392500
1,108,392500,395000
1,108,395000,397500
1,108,397500,400000
1,108,400000,402500
1,108,412500,415000
1,108,425000,427500
1,108,430000,432500
1,108,432500,435000
1,108,435000,437500
1,108,460000,462500
1,108,462500,465000
1,108,465000,467500
1,108,467500,470000
1,108,470000,472500
1,108,472500,475000
1,108,475000,477500
1,108,520000,522500
1,108,522500,525000
1,108,525000,527500
1,108,527500,530000
1,108,530000,532500
1,108,537500,540000
1,108,540000,542500
1,108,542500,545000
1,108,545000,547500
1,108,547500,550000
1,108,565000,567500
1,108,567500,570000
1,108,570000,572500
1,108,572500,575000
1,108,575000,577500
1,108,577500,580000
1,108,580000,582500
1,108,582500,585000
1,108,597500,600000
1,108,600000,602500
1,108,605000,607500
1,108,607500,610000
1,108,610000,612500
1,108,612500,615000
1,108,615000,617500
1,108,617500,620000
1,108,620000,622500
1,108,622500,625000
1,108,625000,627500
1,108,627500,630000
1,108,630000,632500
1,108,632500,635000
1,108,635000,637500
1,108,637500,640000
1,108,647500,650000
1,108,650000,652500
1,108,652500,655000
1,108,655000,657500
1,108,657500,660000
1,108,660000,662500
1,108,670000,672500
1,108,692500,695000
1,108,700000,702500
1,108,702500,705000
1,108,747500,750000
1,108,750000,752500
1,108,752500,755000
1,108,755000,757500
1,108,765000,767500
1,108,767500,770000
1,108,780000,782500
1,108,782500,785000
1,108,790000,792500
1,108,792500,795000
1,108,795000,797500
1,108,797500,800000
1,108,802500,805000
1,108,807500,810000
1,108,810000,812500
1,108,812500,815000
1,108,815000,817500
1,108,817500,820000
1,108,820000,822500
1,108,822500,825000
1,108,825000,827500
1,108,832500,835000
1,108,837500,840000
1,108,840000,842500
1,108,842500,845000
1,108,845000,847500
1,108,850000,852500
1,108,852500,855000
1,108,855000,857500
1,108,857500,860000
1,108,860000,862500
1,108,862500,865000
1,108,867500,870000
1,108,872500,875000
1,108,875000,877500
1,108,877500,880000
1,108,885000,887500
1,108,887500,890000
1,108,890000,892500
1,108,892500,895000
1,108,895000,897500
1,108,897500,900000
1,108,900000,902500
1,108,902500,905000
1,108,905000,907500
1,108,907500,910000
1,108,910000,912500
1,108,912500,915000
1,108,915000,917500
1,108,917500,920000
1,108,920000,922500
1,108,922500,925000
1,108,925000,927500
1,108,927500,930000
1,108,930000,932500
1,108,932500,935000
1,108,935000,937500
1,108,937500,940000
1,108,940000,942500
1,108,942500,945000
1,108,945000,947500
1,108,965000,967500
1,108,967500,970000
1,108,970000,972500
1,108,972500,975000
1,108,982500,985000
1,108,985000,987500
1,108,992500,995000
1,108,995000,997500
1,108,997500,1000000
1,108,1002500,1005000
1,108,1005000,1007500
1,108,1007500,1010000
1,108,1010000,1012500
1,108,1012500,1015000
1,108,1015000,1017500
1,108,1022500,1025000
1,108,1037500,1040000
1,108,1040000,1042500
1,108,1042500,1045000
1,108,1045000,1047500
1,108,1047500,1050000
1,108,1050000,1052500
1,108,1052500,1055000
1,108,1055000,1057500
1,108,1057500,1060000
1,108,1060000,1062500
1,108,1062500,1065000
1,108,1065000,1067500
1,108,1067500,1070000
1,108,1070000,1072500
1,108,1072500,1075000
1,108,1075000,1077500
1,108,1077500,1080000
1,108,1080000,1082500
1,108,1082500,1085000
1,108,1085000,1087500
1,108,1087500,1090000
1,108,1090000,1092500
1,108,1092500,1095000
1,108,1095000,1097500
1,108,1097500,1100000
1,108,1102500,1105000
1,108,1105000,1107500
1,108,1107500,1110000
1,108,1110000,1112500
1,108,1115000,1117500
1,108,1120000,1122500
2,108,7500,10000
2,108,107500,110000
2,108,150000,152500
2,108,157500,160000
2,108,170000,172500
2,108,172500,175000
2,108,175000,177500
2,108,220000,222500
2,108,232500,235000
2,108,235000,237500
2,108,237500,240000
2,108,245000,247500
2,108,247500,250000
2,108,250000,252500
2,108,252500,255000
2,108,255000,257500
2,108,260000,262500
2,108,262500,265000
2,108,265000,267500
2,108,267500,270000
2,108,270000,272500
2,108,272500,275000
2,108,275000,277500
2,108,277500,280000
2,108,280000,282500
2,108,285000,287500
2,108,287500,290000
2,108,292500,295000
2,108,295000,297500
2,108,297500,300000
2,108,300000,302500
2,108,305000,307500
2,108,307500,310000
2,108,322500,325000
2,108,325000,327500
2,108,335000,337500
2,108,380000,382500
2,108,415000,417500
2,108,417500,420000
2,108,420000,422500
2,108,452500,455000
2,108,457500,460000
2,108,497500,500000
2,108,500000,502500
2,108,515000,517500
2,108,645000,647500
2,108,667500,670000
2,108,677500,680000
2,108,680000,682500
2,108,1027500,1030000
3,108,5000,7500
3,108,105000,107500
3,108,147500,150000
3,108,155000,157500
3,108,167500,170000
3,108,170000,172500
3,108,172500,175000
3,108,217500,220000
3,108,230000,232500
3,108,232500,235000
3,108,235000,237500
3,108,242500,245000
3,108,245000,247500
3,108,247500,250000
3,108,250000,252500
3,108,252500,255000
3,108,257500,260000
3,108,260000,262500
3,108,262500,265000
3,108,265000,267500
3,108,267500,270000
3,108,270000,272500
3,108,272500,275000
3,108,275000,277500
3,108,277500,280000
3,108,282500,285000
3,108,285000,287500
3,108,290000,292500
3,108,292500,295000
3,108,295000,297500
3,108,297500,300000
3,108,302500,305000
3,108,305000,307500
3,108,320000,322500
3,108,322500,325000
3,108,332500,335000
3,108,377500,380000
3,108,412500,415000
3,108,415000,417500
3,108,417500,420000
3,108,450000,452500
3,108,455000,457500
3,108,495000,497500
3,108,497500,500000
3,108,512500,515000
3,108,642500,645000
3,108,665000,667500
3,108,675000,677500
3,108,677500,680000
3,108,1025000,1027500
4,108,0,2500
4,108,2500,5000
4,108,12500,15000
4,108,25000,27500
4,108,27500,30000
4,108,30000,32500
4,108,32500,35000
4,108,35000,37500
4,108,37500,40000
4,108,40000,42500
4,108,42500,45000
4,108,45000,47500
4,108,55000,57500
4,108,65000,67500
4,108,75000,77500
4,108,100000,102500
4,108,102500,105000
4,108,105000,107500
4,108,110000,112500
4,108,112500,115000
4,108,117500,120000
4,108,120000,122500
4,108,122500,125000
4,108,125000,127500
4,108,137500,140000
4,108,140000,142500
4,108,145000,147500
4,108,162500,165000
4,108,197500,200000
4,108,200000,202500
4,108,202500,205000
4,108,220000,222500
4,108,222500,225000
4,108,225000,227500
4,108,227500,230000
4,108,460000,462500
4,108,462500,465000
4,108,712500,715000
4,108,767500,770000
4,108,770000,772500
4,108,772500,775000
4,108,775000,777500
4,108,777500,780000
4,108,780000,782500
4,108,782500,785000
4,108,785000,787500
4,108,787500,790000
4,108,797500,800000
4,108,805000,807500
4,108,810000,812500
4,108,812500,815000
4,108,817500,820000
4,108,820000,822500
4,108,822500,825000
4,108,825000,827500
4,108,835000,837500
4,108,842500,845000
4,108,862500,865000
4,108,865000,867500
4,108,867500,870000
4,108,870000,872500
4,108,875000,877500
4,108,877500,880000
4,108,882500,885000
4,108,890000,892500
4,108,892500,895000
4,108,895000,897500
4,108,922500,925000
4,108,925000,927500
4,108,940000,942500
4,108,942500,945000
4,108,947500,950000
4,108,952500,955000
4,108,970000,972500
4,108,972500,975000
4,108,992500,995000
4,108,1007500,1010000
4,108,1010000,1012500
4,108,1012500,1015000
4,108,1015000,1017500
4,108,1020000,1022500
4,108,1025000,1027500
4,108,1027500,1030000
4,108,1037500,1040000
4,108,1042500,1045000
4,108,1055000,1057500
4,108,1057500,1060000
4,108,1060000,1062500
4,108,1065000,1067500
4,108,1067500,1070000
4,108,1070000,1072500
4,108,1075000,1077500
4,108,1077500,1080000
4,108,1080000,1082500
4,108,1082500,1085000
4,108,1085000,1087500
4,108,1090000,1092500
4,108,1092500,1095000
4,108,1095000,1097500
4,108,1105000,1107500
4,108,1107500,1110000
4,108,1110000,1112500
4,108,1112500,1115000
4,108,1117500,1120000
4,108,1122500,1125000
5,108,0,2500
5,108,10000,12500
5,108,22500,25000
5,108,25000,27500
5,108,27500,30000
5,108,30000,32500
5,108,32500,35000
5,108,35000,37500
5,108,37500,40000
5,108,40000,42500
5,108,42500,45000
5,108,52500,55000
5,108,62500,65000
5,108,72500,75000
5,108,97500,100000
5,108,100000,102500
5,108,102500,105000
5,108,107500,110000
5,108,110000,112500
5,108,115000,117500
5,108,117500,120000
5,108,120000,122500
5,108,122500,125000
5,108,135000,137500
5,108,137500,140000
5,108,142500,145000
5,108,160000,162500
5,108,195000,197500
5,108,197500,200000
5,108,200000,202500
5,108,217500,220000
5,108,220000,222500
5,108,222500,225000
5,108,225000,227500
5,108,457500,460000
5,108,460000,462500
5,108,710000,712500
5,108,765000,767500
5,108,767500,770000
5,108,770000,772500
5,108,772500,775000
5,108,775000,777500
5,108,777500,780000
5,108,780000,782500
5,108,782500,785000
5,108,785000,787500
5,108,795000,797500
5,108,802500,805000
5,108,807500,810000
5,108,810000,812500
5,108,815000,817500
5,108,817500,820000
5,108,820000,822500
5,108,822500,825000
5,108,832500,835000
5,108,840000,842500
5,108,860000,862500
5,108,862500,865000
5,108,865000,867500
5,108,867500,870000
5,108,872500,875000
5,108,875000,877500
5,108,880000,882500
5,108,887500,890000
5,108,890000,892500
5,108,892500,895000
5,108,920000,922500
5,108,922500,925000
5,108,937500,940000
5,108,940000,942500
5,108,945000,947500
5,108,950000,952500
5,108,967500,970000
5,108,970000,972500
5,108,990000,992500
5,108,1005000,1007500
5,108,1007500,1010000
5,108,1010000,1012500
5,108,1012500,1015000
5,108,1015000,1017500
5,108,1017500,1020000
5,108,1022500,1025000
5,108,1025000,1027500
5,108,1035000,1037500
5,108,1040000,1042500
5,108,1052500,1055000
5,108,1055000,1057500
5,108,1057500,1060000
5,108,1062500,1065000
5,108,1065000,1067500
5,108,1067500,1070000
5,108,1072500,1075000
5,108,1075000,1077500
5,108,1077500,1080000
5,108,1080000,1082500
5,108,1082500,1085000
5,108,1087500,1090000
5,108,1090000,1092500
5,108,1092500,1095000
5,108,1102500,1105000
5,108,1105000,1107500
5,108,1107500,1110000
5,108,1110000,1112500
5,108,1115000,1117500
5,108,1120000,1122500
0,109,10000,12500
0,109,15000,17500
0,109,17500,20000
0,109,20000,22500
0,109,22500,25000
0,109,32500,35000
0,109,45000,47500
0,109,47500,50000
0,109,50000,52500
0,109,52500,55000
0,109,55000,57500
0,109,57500,60000
0,109,60000,62500
0,109,62500,65000
0,109,70000,72500
0,109,72500,75000
0,109,75000,77500
0,109,77500,80000
0,109,80000,82500
0,109,82500,85000
0,109,85000,87500
0,109,92500,95000
0,109,95000,97500
0,109,97500,100000
0,109,120000,122500
0,109,122500,125000
0,109,127500,130000
0,109,130000,132500
0,109,132500,135000
0,109,135000,137500
0,109,137500,140000
0,109,140000,142500
0,109,142500,145000
0,109,145000,147500
0,109,147500,150000
0,109,157500,160000
0,109,160000,162500
0,109,170000,172500
0,109,172500,175000
0,109,177500,180000
0,109,187500,190000
0,109,190000,192500
0,109,192500,195000
0,109,195000,197500
0,109,197500,200000
0,109,205000,207500
0,109,207500,210000
0,109,210000,212500
0,109,212500,215000
0,109,215000,217500
0,109,227500,230000
0,109,230000,232500
0,109,232500,235000
0,109,240000,242500
0,109,242500,245000
0,109,302500,305000
0,109,312500,315000
0,109,315000,317500
0,109,317500,320000
0,109,320000,322500
0,109,327500,330000
0,109,332500,335000
0,109,337500,340000
0,109,350000,352500
0,109,355000,357500
0,109,357500,360000
0,109,360000,362500
0,109,382500,385000
0,109,392500,395000
0,109,395000,397500
0,109,397500,400000
0,109,400000,402500
0,109,402500,405000
0,109,405000,407500
0,109,417500,420000
0,109,420000,422500
0,109,437500,440000
0,109,440000,442500
0,109,442500,445000
0,109,445000,447500
0,109,447500,450000
0,109,465000,467500
0,109,467500,470000
0,109,475000,477500
0,109,477500,480000
0,109,480000,482500
0,109,482500,485000
0,109,500000,502500
0,109,540000,542500
0,109,542500,545000
0,109,545000,547500
0,109,547500,550000
0,109,552500,555000
0,109,555000,557500
0,109,560000,562500
0,109,567500,570000
0,109,570000,572500
0,109,602500,605000
0,109,605000,607500
0,109,607500,610000
0,109,610000,612500
0,109,615000,617500
0,109,622500,625000
0,109,625000,627500
0,109,627500,630000
0,109,635000,637500
0,109,637500,640000
0,109,640000,642500
0,109,657500,660000
0,109,660000,662500
0,109,667500,670000
0,109,670000,672500
0,109,672500,675000
0,109,675000,677500
0,109,680000,682500
0,109,685000,687500
0,109,687500,690000
0,109,702500,705000
0,109,705000,707500
0,109,710000,712500
0,109,732500,735000
0,109,737500,740000
0,109,747500,750000
0,109,762500,765000
0,109,765000,767500
0,109,775000,777500
0,109,777500,780000
0,109,780000,782500
0,109,787500,790000
0,109,795000,797500
0,109,797500,800000
0,109,802500,805000
0,109,805000,807500
0,109,807500,810000
0,109,810000,812500
0,109,815000,817500
0,109,820000,822500
0,109,827500,830000
0,109,835000,837500
0,109,837500,840000
0,109,840000,842500
0,109,842500,845000
0,109,845000,847500
0,109,847500,850000
0,109,860000,862500
0,109,887500,890000
0,109,890000,892500
0,109,892500,895000
0,109,895000,897500
0,109,897500,900000
0,109,900000,902500
0,109,902500,905000
0,109,905000,907500
0,109,910000,912500
0,109,912500,915000
0,109,917500,920000
0,109,920000,922500
0,109,922500,925000
0,109,925000,927500
0,109,927500,930000
0,109,930000,932500
0,109,932500,935000
0,109,935000,937500
0,109,940000,942500
0,109,942500,945000
0,109,945000,947500
0,109,960000,962500
0,109,962500,965000
0,109,965000,967500
0,109,967500,970000
0,109,970000,972500
0,109,972500,975000
0,109,975000,977500
0,109,980000,982500
0,109,987500,990000
0,109,990000,992500
0,109,995000,997500
0,109,997500,1000000
0,109,1000000,1002500
0,109,1002500,1005000
0,109,1005000,1007500
0,109,1047500,1050000
0,109,1062500,1065000
0,109,1117500,1120000
1,109,7500,10000
1,109,12500,15000
1,109,15000,17500
1,109,17500,20000
1,109,20000,22500
1,109,30000,32500
1,109,42500,45000
1,109,45000,47500
1,109,47500,50000
1,109,50000,52500
1,109,52500,55000
1,109,55000,57500
1,109,57500,60000
1,109,60000,62500
1,109,67500,70000
1,109,70000,72500
1,109,72500,75000
1,109,75000,77500
1,109,77500,80000
1,109,80000,82500
1,109,82500,85000
1,109,90000,92500
1,109,92500,95000
1,109,95000,97500
1,109,117500,120000
1,109,120000,122500
1,109,125000,127500
1,109,127500,130000
1,109,130000,132500
1,109,132500,135000
1,109,135000,137500
1,109,137500,140000
1,109,140000,142500
1,109,142500,145000
1,109,145000,147500
1,109,155000,157500
1,109,157500,160000
1,109,167500,170000
1,109,170000,172500
1,109,175000,177500
1,109,185000,187500
1,109,187500,190000
1,109,190000,192500
1,109,192500,195000
1,109,195000,197500
1,109,202500,205000
1,109,205000,207500
1,109,207500,210000
1,109,210000,212500
1,109,212500,215000
1,109,225000,227500
1,109,227500,230000
1,109,230000,232500
1,109,237500,240000
1,109,240000,242500
1,109,300000,302500
1,109,310000,312500
1,109,312500,315000
1,109,315000,317500
1,109,317500,320000
1,109,325000,327500
1,109,330000,332500
1,109,335000,337500
1,109,347500,350000
1,109,352500,355000
1,109,355000,357500
1,109,357500,360000
1,109,380000,382500
1,109,387500,390000
1,109,390000,392500
1,109,395000,397500
1,109,397500,400000
1,109,400000,402500
1,109,402500,405000
1,109,415000,417500
1,109,417500,420000
1,109,430000,432500
1,109,440000,442500
1,109,442500,445000
1,109,445000,447500
1,109,462500,465000
1,109,465000,467500
1,109,467500,470000
1,109,470000,472500
1,109,477500,480000
1,109,480000,482500
1,109,497500,500000
1,109,537500,540000
1,109,540000,542500
1,109,542500,545000
1,109,545000,547500
1,109,550000,552500
1,109,552500,555000
1,109,557500,560000
1,109,565000,567500
1,109,567500,570000
1,109,592500,595000
1,109,595000,597500
1,109,605000,607500
1,109,607500,610000
1,109,612500,615000
1,109,617500,620000
1,109,625000,627500
1,109,627500,630000
1,109,630000,632500
1,109,637500,640000
1,109,655000,657500
1,109,657500,660000
1,109,665000,667500
1,109,667500,670000
1,109,670000,672500
1,109,672500,675000
1,109,677500,680000
1,109,682500,685000
1,109,685000,687500
1,109,700000,702500
1,109,702500,705000
1,109,707500,710000
1,109,730000,732500
1,109,735000,737500
1,109,745000,747500
1,109,760000,762500
1,109,762500,765000
1,109,765000,767500
1,109,777500,780000
1,109,785000,787500
1,109,787500,790000
1,109,790000,792500
1,109,800000,802500
1,109,802500,805000
1,109,805000,807500
1,109,807500,810000
1,109,812500,815000
1,109,817500,820000
1,109,820000,822500
1,109,822500,825000
1,109,832500,835000
1,109,835000,837500
1,109,837500,840000
1,109,840000,842500
1,109,842500,845000
1,109,845000,847500
1,109,857500,860000
1,109,882500,885000
1,109,885000,887500
1,109,890000,892500
1,109,892500,895000
1,109,895000,897500
1,109,897500,900000
1,109,900000,902500
1,109,902500,905000
1,109,907500,910000
1,109,910000,912500
1,109,915000,917500
1,109,917500,920000
1,109,920000,922500
1,109,922500,925000
1,109,925000,927500
1,109,927500,930000
1,109,930000,932500
1,109,932500,935000
1,109,935000,937500
1,109,937500,940000
1,109,942500,945000
1,109,957500,960000
1,109,960000,962500
1,109,962500,965000
1,109,965000,967500
1,109,967500,970000
1,109,970000,972500
1,109,972500,975000
1,109,977500,980000
1,109,985000,987500
1,109,987500,990000
1,109,992500,995000
1,109,995000,997500
1,109,997500,1000000
1,109,1000000,1002500
1,109,1002500,1005000
1,109,1045000,1047500
1,109,1060000,1062500
1,109,1115000,1117500
2,109,12500,15000
2,109,22500,25000
2,109,200000,202500
2,109,882500,885000
2,109,947500,950000
2,109,1035000,1037500
2,109,1067500,1070000
3,109,10000,12500
3,109,20000,22500
3,109,197500,200000
3,109,880000,882500
3,109,945000,947500
3,109,1032500,1035000
3,109,1065000,1067500
3,109,1122500,1125000
4,109,12500,15000
4,109,22500,25000
4,109,25000,27500
4,109,27500,30000
4,109,32500,35000
4,109,35000,37500
4,109,105000,107500
4,109,110000,112500
4,109,145000,147500
4,109,200000,202500
4,109,230000,232500
4,109,262500,265000
4,109,270000,272500
4,109,275000,277500
4,109,277500,280000
4,109,280000,282500
4,109,285000,287500
4,109,292500,295000
4,109,295000,297500
4,109,297500,300000
4,109,360000,362500
4,109,362500,365000
4,109,365000,367500
4,109,392500,395000
4,109,415000,417500
4,109,442500,445000
4,109,622500,625000
4,109,625000,627500
4,109,627500,630000
4,109,635000,637500
4,109,675000,677500
4,109,677500,680000
4,109,780000,782500
4,109,782500,785000
4,109,840000,842500
4,109,842500,845000
4,109,845000,847500
4,109,857500,860000
4,109,860000,862500
4,109,862500,865000
4,109,870000,872500
4,109,877500,880000
4,109,902500,905000
4,109,912500,915000
4,109,915000,917500
4,109,930000,932500
4,109,975000,977500
4,109,977500,980000
4,109,980000,982500
4,109,982500,985000
4,109,985000,987500
4,109,987500,990000
4,109,990000,992500
4,109,995000,997500
4,109,997500,1000000
4,109,1000000,1002500
4,109,1002500,1005000
4,109,1005000,1007500
4,109,1007500,1010000
4,109,1010000,1012500
4,109,1012500,1015000
4,109,1017500,1020000
4,109,1020000,1022500
4,109,1022500,1025000
4,109,1025000,1027500
4,109,1027500,1030000
4,109,1060000,1062500
4,109,1067500,1070000
4,109,1087500,1090000
4,109,1110000,1112500
5,109,10000,12500
5,109,20000,22500
5,109,22500,25000
5,109,25000,27500
5,109,30000,32500
5,109,32500,35000
5,109,102500,105000
5,109,107500,110000
5,109,142500,145000
5,109,197500,200000
5,109,227500,230000
5,109,260000,262500
5,109,267500,270000
5,109,272500,275000
5,109,275000,277500
5,109,277500,280000
5,109,282500,285000
5,109,290000,292500
5,109,292500,295000
5,109,295000,297500
5,109,357500,360000
5,109,360000,362500
5,109,362500,365000
5,109,387500,390000
5,109,390000,392500
5,109,412500,415000
5,109,440000,442500
5,109,625000,627500
5,109,627500,630000
5,109,630000,632500
5,109,672500,675000
5,109,675000,677500
5,109,777500,780000
5,109,780000,782500
5,109,837500,840000
5,109,840000,842500
5,109,842500,845000
5,109,855000,857500
5,109,857500,860000
5,109,860000,862500
5,109,867500,870000
5,109,875000,877500
5,109,900000,902500
5,109,910000,912500
5,109,912500,915000
5,109,927500,930000
5,109,972500,975000
5,109,975000,977500
5,109,977500,980000
5,109,980000,982500
5,109,982500,985000
5,109,985000,987500
5,109,987500,990000
5,109,992500,995000
5,109,995000,997500
5,109,997500,1000000
5,109,1000000,1002500
5,109,1002500,1005000
5,109,1005000,1007500
5,109,1007500,1010000
5,109,1010000,1012500
5,109,1015000,1017500
5,109,1020000,1022500
5,109,1022500,1025000
5,109,1025000,1027500
5,109,1057500,1060000
5,109,1065000,1067500
5,109,1085000,1087500
5,109,1107500,1110000
5,109,1122500,1125000
0,110,2500,5000
0,110,5000,7500
0,110,12500,15000
0,110,15000,17500
0,110,20000,22500
0,110,22500,25000
0,110,40000,42500
0,110,47500,50000
0,110,52500,55000
0,110,55000,57500
0,110,60000,62500
0,110,62500,65000
0,110,70000,72500
0,110,72500,75000
0,110,82500,85000
0,110,87500,90000
0,110,97500,100000
0,110,100000,102500
0,110,102500,105000
0,110,110000,112500
0,110,112500,115000
0,110,127500,130000
0,110,130000,132500
0,110,132500,135000
0,110,135000,137500
0,110,137500,140000
0,110,147500,150000
0,110,150000,152500
0,110,157500,160000
0,110,160000,162500
0,110,170000,172500
0,110,172500,175000
0,110,175000,177500
0,110,177500,180000
0,110,182500,185000
0,110,187500,190000
0,110,190000,192500
0,110,192500,195000
0,110,195000,197500
0,110,197500,200000
0,110,205000,207500
0,110,207500,210000
0,110,210000,212500
0,110,212500,215000
0,110,215000,217500
0,110,217500,220000
0,110,220000,222500
0,110,225000,227500
0,110,227500,230000
0,110,230000,232500
0,110,232500,235000
0,110,235000,237500
0,110,237500,240000
0,110,240000,242500
0,110,242500,245000
0,110,257500,260000
0,110,260000,262500
0,110,287500,290000
0,110,292500,295000
0,110,295000,297500
0,110,302500,305000
0,110,312500,315000
0,110,315000,317500
0,110,317500,320000
0,110,320000,322500
0,110,327500,330000
0,110,330000,332500
0,110,332500,335000
0,110,337500,340000
0,110,340000,342500
0,110,347500,350000
0,110,350000,352500
0,110,352500,355000
0,110,355000,357500
0,110,360000,362500
0,110,362500,365000
0,110,367500,370000
0,110,370000,372500
0,110,372500,375000
0,110,375000,377500
0,110,377500,380000
0,110,390000,392500
0,110,392500,395000
0,110,395000,397500
0,110,397500,400000
0,110,400000,402500
0,110,405000,407500
0,110,410000,412500
0,110,412500,415000
0,110,415000,417500
0,110,422500,425000
0,110,425000,427500
0,110,427500,430000
0,110,430000,432500
0,110,432500,435000
0,110,435000,437500
0,110,437500,440000
0,110,440000,442500
0,110,450000,452500
0,110,452500,455000
0,110,455000,457500
0,110,457500,460000
0,110,460000,462500
0,110,465000,467500
0,110,467500,470000
0,110,470000,472500
0,110,472500,475000
0,110,475000,477500
0,110,477500,480000
0,110,480000,482500
0,110,482500,485000
0,110,485000,487500
0,110,487500,490000
0,110,490000,492500
0,110,492500,495000
0,110,495000,497500
0,110,502500,505000
0,110,505000,507500
0,110,507500,510000
0,110,510000,512500
0,110,512500,515000
0,110,532500,535000
0,110,535000,537500
0,110,537500,540000
0,110,540000,542500
0,110,542500,545000
0,110,545000,547500
0,110,547500,550000
0,110,550000,552500
0,110,552500,555000
0,110,555000,557500
0,110,557500,560000
0,110,560000,562500
0,110,562500,565000
0,110,570000,572500
0,110,572500,575000
0,110,575000,577500
0,110,577500,580000
0,110,580000,582500
0,110,582500,585000
0,110,595000,597500
0,110,597500,600000
0,110,600000,602500
0,110,602500,605000
0,110,605000,607500
0,110,607500,610000
0,110,610000,612500
0,110,612500,615000
0,110,615000,617500
0,110,617500,620000
0,110,622500,625000
0,110,625000,627500
0,110,627500,630000
0,110,630000,632500
0,110,632500,635000
0,110,635000,637500
0,110,637500,640000
0,110,640000,642500
0,110,642500,645000
0,110,645000,647500
0,110,657500,660000
0,110,660000,662500
0,110,662500,665000
0,110,665000,667500
0,110,667500,670000
0,110,670000,672500
0,110,672500,675000
0,110,675000,677500
0,110,677500,680000
0,110,680000,682500
0,110,682500,685000
0,110,685000,687500
0,110,687500,690000
0,110,690000,692500
0,110,695000,697500
0,110,697500,700000
0,110,700000,702500
0,110,702500,705000
0,110,705000,707500
0,110,710000,712500
0,110,715000,717500
0,110,717500,720000
0,110,720000,722500
0,110,725000,727500
0,110,727500,730000
0,110,730000,732500
0,110,732500,735000
0,110,735000,737500
0,110,737500,740000
0,110,740000,742500
0,110,742500,745000
0,110,745000,747500
0,110,747500,750000
0,110,750000,752500
0,110,752500,755000
0,110,755000,757500
0,110,757500,760000
0,110,760000,762500
0,110,762500,765000
0,110,765000,767500
0,110,767500,770000
0,110,772500,775000
0,110,775000,777500
0,110,785000,787500
0,110,787500,790000
0,110,790000,792500
0,110,792500,795000
0,110,795000,797500
0,110,797500,800000
0,110,800000,802500
0,110,815000,817500
0,110,817500,820000
0,110,820000,822500
0,110,825000,827500
0,110,827500,830000
0,110,830000,832500
0,110,840000,842500
0,110,842500,845000
0,110,847500,850000
0,110,850000,852500
0,110,862500,865000
0,110,880000,882500
0,110,882500,885000
0,110,885000,887500
0,110,887500,890000
0,110,890000,892500
0,110,895000,897500
0,110,955000,957500
0,110,965000,967500
0,110,967500,970000
0,110,970000,972500
0,110,972500,975000
1,110,0,2500
1,110,2500,5000
1,110,10000,12500
1,110,12500,15000
1,110,17500,20000
1,110,20000,22500
1,110,37500,40000
1,110,45000,47500
1,110,50000,52500
1,110,52500,55000
1,110,57500,60000
1,110,60000,62500
1,110,67500,70000
1,110,70000,72500
1,110,80000,82500
1,110,85000,87500
1,110,95000,97500
1,110,97500,100000
1,110,100000,102500
1,110,107500,110000
1,110,110000,112500
1,110,125000,127500
1,110,127500,130000
1,110,130000,132500
1,110,132500,135000
1,110,135000,137500
1,110,145000,147500
1,110,147500,150000
1,110,155000,157500
1,110,157500,160000
1,110,165000,167500
1,110,167500,170000
1,110,172500,175000
1,110,175000,177500
1,110,180000,182500
1,110,185000,187500
1,110,187500,190000
1,110,190000,192500
1,110,192500,195000
1,110,195000,197500
1,110,202500,205000
1,110,205000,207500
1,110,207500,210000
1,110,210000,212500
1,110,212500,215000
1,110,215000,217500
1,110,217500,220000
1,110,222500,225000
1,110,225000,227500
1,110,227500,230000
1,110,230000,232500
1,110,232500,235000
1,110,235000,237500
1,110,237500,240000
1,110,240000,242500
1,110,255000,257500
1,110,257500,260000
1,110,285000,287500
1,110,290000,292500
1,110,292500,295000
1,110,300000,302500
1,110,310000,312500
1,110,312500,315000
1,110,315000,317500
1,110,317500,320000
1,110,325000,327500
1,110,327500,330000
1,110,330000,332500
1,110,335000,337500
1,110,337500,340000
1,110,345000,347500
1,110,347500,350000
1,110,350000,352500
1,110,352500,355000
1,110,357500,360000
1,110,360000,362500
1,110,365000,367500
1,110,367500,370000
1,110,370000,372500
1,110,372500,375000
1,110,375000,377500
1,110,387500,390000
1,110,390000,392500
1,110,392500,395000
1,110,395000,397500
1,110,397500,400000
1,110,402500,405000
1,110,407500,410000
1,110,410000,412500
1,110,412500,415000
1,110,420000,422500
1,110,422500,425000
1,110,425000,427500
1,110,427500,430000
1,110,430000,432500
1,110,432500,435000
1,110,435000,437500
1,110,437500,440000
1,110,447500,450000
1,110,450000,452500
1,110,452500,455000
1,110,455000,457500
1,110,457500,460000
1,110,462500,465000
1,110,465000,467500
1,110,467500,470000
1,110,470000,472500
1,110,472500,475000
1,110,475000,477500
1,110,477500,480000
1,110,480000,482500
1,110,482500,485000
1,110,485000,487500
1,110,487500,490000
1,110,490000,492500
1,110,492500,495000
1,110,500000,502500
1,110,502500,505000
1,110,505000,507500
1,110,507500,510000
1,110,510000,512500
1,110,517500,520000
1,110,520000,522500
1,110,535000,537500
1,110,537500,540000
1,110,540000,542500
1,110,542500,545000
1,110,545000,547500
1,110,547500,550000
1,110,550000,552500
1,110,552500,555000
1,110,555000,557500
1,110,557500,560000
1,110,560000,562500
1,110,562500,565000
1,110,565000,567500
1,110,572500,575000
1,110,575000,577500
1,110,577500,580000
1,110,580000,582500
1,110,592500,595000
1,110,595000,597500
1,110,597500,600000
1,110,600000,602500
1,110,602500,605000
1,110,605000,607500
1,110,607500,610000
1,110,610000,612500
1,110,612500,615000
1,110,615000,617500
1,110,620000,622500
1,110,622500,625000
1,110,625000,627500
1,110,627500,630000
1,110,630000,632500
1,110,632500,635000
1,110,635000,637500
1,110,637500,640000
1,110,640000,642500
1,110,642500,645000
1,110,645000,647500
1,110,647500,650000
1,110,660000,662500
1,110,662500,665000
1,110,665000,667500
1,110,667500,670000
1,110,670000,672500
1,110,672500,675000
1,110,675000,677500
1,110,677500,680000
1,110,680000,682500
1,110,682500,685000
1,110,685000,687500
1,110,687500,690000
1,110,690000,692500
1,110,692500,695000
1,110,697500,700000
1,110,700000,702500
1,110,702500,705000
1,110,707500,710000
1,110,712500,715000
1,110,715000,717500
1,110,717500,720000
1,110,722500,725000
1,110,725000,727500
1,110,727500,730000
1,110,730000,732500
1,110,732500,735000
1,110,735000,737500
1,110,737500,740000
1,110,740000,742500
1,110,742500,745000
1,110,745000,747500
1,110,747500,750000
1,110,750000,752500
1,110,752500,755000
1,110,755000,757500
1,110,757500,760000
1,110,760000,762500
1,110,762500,765000
1,110,765000,767500
1,110,770000,772500
1,110,772500,775000
1,110,782500,785000
1,110,785000,787500
1,110,787500,790000
1,110,790000,792500
1,110,792500,795000
1,110,795000,797500
1,110,797500,800000
1,110,812500,815000
1,110,815000,817500
1,110,817500,820000
1,110,822500,825000
1,110,825000,827500
1,110,827500,830000
1,110,837500,840000
1,110,840000,842500
1,110,845000,847500
1,110,847500,850000
1,110,860000,862500
1,110,877500,880000
1,110,880000,882500
1,110,882500,885000
1,110,885000,887500
1,110,887500,890000
1,110,892500,895000
1,110,952500,955000
1,110,962500,965000
1,110,965000,967500
1,110,967500,970000
1,110,970000,972500
2,110,0,2500
2,110,5000,7500
2,110,12500,15000
2,110,22500,25000
2,110,100000,102500
2,110,102500,105000
2,110,107500,110000
2,110,112500,115000
2,110,150000,152500
2,110,200000,202500
2,110,217500,220000
2,110,225000,227500
2,110,227500,230000
2,110,230000,232500
2,110,235000,237500
2,110,237500,240000
2,110,245000,247500
2,110,247500,250000
2,110,250000,252500
2,110,252500,255000
2,110,260000,262500
2,110,262500,265000
2,110,270000,272500
2,110,275000,277500
2,110,297500,300000
2,110,300000,302500
2,110,307500,310000
2,110,322500,325000
2,110,377500,380000
2,110,380000,382500
2,110,385000,387500
2,110,387500,390000
2,110,690000,692500
2,110,707500,710000
2,110,720000,722500
2,110,722500,725000
2,110,740000,742500
2,110,765000,767500
2,110,790000,792500
2,110,800000,802500
2,110,832500,835000
2,110,837500,840000
2,110,850000,852500
2,110,870000,872500
2,110,880000,882500
2,110,882500,885000
2,110,1020000,1022500
2,110,1027500,1030000
2,110,1032500,1035000
2,110,1035000,1037500
3,110,2500,5000
3,110,10000,12500
3,110,20000,22500
3,110,97500,100000
3,110,100000,102500
3,110,105000,107500
3,110,110000,112500
3,110,147500,150000
3,110,197500,200000
3,110,215000,217500
3,110,222500,225000
3,110,225000,227500
3,110,227500,230000
3,110,232500,235000
3,110,235000,237500
3,110,242500,245000
3,110,245000,247500
3,110,247500,250000
3,110,250000,252500
3,110,257500,260000
3,110,260000,262500
3,110,267500,270000
3,110,272500,275000
3,110,295000,297500
3,110,297500,300000
3,110,305000,307500
3,110,320000,322500
3,110,375000,377500
3,110,377500,380000
3,110,382500,385000
3,110,385000,387500
3,110,687500,690000
3,110,705000,707500
3,110,717500,720000
3,110,720000,722500
3,110,737500,740000
3,110,762500,765000
3,110,787500,790000
3,110,797500,800000
3,110,830000,832500
3,110,835000,837500
3,110,847500,850000
3,110,867500,870000
3,110,877500,880000
3,110,880000,882500
3,110,1017500,1020000
3,110,1025000,1027500
3,110,1030000,1032500
3,110,1032500,1035000
3,110,1122500,1125000
0,111,10000,12500
0,111,32500,35000
0,111,35000,37500
0,111,57500,60000
0,111,65000,67500
0,111,95000,97500
0,111,97500,100000
0,111,100000,102500
0,111,102500,105000
0,111,122500,125000
0,111,125000,127500
0,111,127500,130000
0,111,130000,132500
0,111,132500,135000
0,111,140000,142500
0,111,142500,145000
0,111,145000,147500
0,111,200000,202500
0,111,205000,207500
0,111,317500,320000
0,111,360000,362500
0,111,367500,370000
0,111,370000,372500
0,111,372500,375000
0,111,375000,377500
0,111,390000,392500
0,111,392500,395000
0,111,395000,397500
0,111,397500,400000
0,111,400000,402500
0,111,402500,405000
0,111,405000,407500
0,111,427500,430000
0,111,435000,437500
0,111,437500,440000
0,111,467500,470000
0,111,475000,477500
0,111,520000,522500
0,111,540000,542500
0,111,542500,545000
0,111,545000,547500
0,111,547500,550000
0,111,550000,552500
0,111,567500,570000
0,111,570000,572500
0,111,572500,575000
0,111,575000,577500
0,111,577500,580000
0,111,580000,582500
0,111,582500,585000
0,111,585000,587500
0,111,600000,602500
0,111,602500,605000
0,111,605000,607500
0,111,607500,610000
0,111,610000,612500
0,111,615000,617500
0,111,617500,620000
0,111,620000,622500
0,111,622500,625000
0,111,625000,627500
0,111,627500,630000
0,111,630000,632500
0,111,632500,635000
0,111,637500,640000
0,111,640000,642500
0,111,650000,652500
0,111,657500,660000
0,111,660000,662500
0,111,662500,665000
0,111,695000,697500
0,111,755000,757500
0,111,767500,770000
0,111,770000,772500
0,111,772500,775000
0,111,782500,785000
0,111,790000,792500
0,111,792500,795000
0,111,795000,797500
0,111,797500,800000
0,111,805000,807500
0,111,807500,810000
0,111,810000,812500
0,111,812500,815000
0,111,820000,822500
0,111,822500,825000
0,111,825000,827500
0,111,827500,830000
0,111,835000,837500
0,111,840000,842500
0,111,842500,845000
0,111,845000,847500
0,111,847500,850000
0,111,852500,855000
0,111,855000,857500
0,111,857500,860000
0,111,860000,862500
0,111,862500,865000
0,111,865000,867500
0,111,867500,870000
0,111,870000,872500
0,111,875000,877500
0,111,877500,880000
0,111,880000,882500
0,111,890000,892500
0,111,892500,895000
0,111,895000,897500
0,111,897500,900000
0,111,900000,902500
0,111,902500,905000
0,111,905000,907500
0,111,907500,910000
0,111,910000,912500
0,111,912500,915000
0,111,915000,917500
0,111,917500,920000
0,111,920000,922500
0,111,922500,925000
0,111,925000,927500
0,111,927500,930000
0,111,930000,932500
0,111,932500,935000
0,111,935000,937500
0,111,937500,940000
0,111,940000,942500
0,111,942500,945000
0,111,945000,947500
0,111,967500,970000
0,111,970000,972500
0,111,972500,975000
0,111,975000,977500
0,111,977500,980000
0,111,980000,982500
0,111,982500,985000
0,111,985000,987500
0,111,987500,990000
0,111,990000,992500
0,111,995000,997500
0,111,997500,1000000
0,111,1000000,1002500
0,111,1005000,1007500
0,111,1007500,1010000
0,111,1010000,1012500
0,111,1012500,1015000
0,111,1015000,1017500
0,111,1017500,1020000
0,111,1025000,1027500
0,111,1037500,1040000
0,111,1040000,1042500
0,111,1042500,1045000
0,111,1045000,1047500
0,111,1052500,1055000
0,111,1055000,1057500
0,111,1057500,1060000
0,111,1060000,1062500
0,111,1062500,1065000
0,111,1072500,1075000
0,111,1075000,1077500
0,111,1085000,1087500
0,111,1087500,1090000
0,111,1090000,1092500
0,111,1105000,1107500
0,111,1110000,1112500
1,111,7500,10000
1,111,30000,32500
1,111,32500,35000
1,111,55000,57500
1,111,62500,65000
1,111,92500,95000
1,111,95000,97500
1,111,97500,100000
1,111,100000,102500
1,111,120000,122500
1,111,122500,125000
1,111,125000,127500
1,111,127500,130000
1,111,130000,132500
1,111,137500,140000
1,111,140000,142500
1,111,142500,145000
1,111,197500,200000
1,111,202500,205000
1,111,315000,317500
1,111,357500,360000
1,111,365000,367500
1,111,367500,370000
1,111,370000,372500
1,111,372500,375000
1,111,387500,390000
1,111,390000,392500
1,111,392500,395000
1,111,395000,397500
1,111,397500,400000
1,111,400000,402500
1,111,402500,405000
1,111,425000,427500
1,111,432500,435000
1,111,435000,437500
1,111,465000,467500
1,111,472500,475000
1,111,517500,520000
1,111,537500,540000
1,111,540000,542500
1,111,542500,545000
1,111,545000,547500
1,111,547500,550000
1,111,565000,567500
1,111,567500,570000
1,111,570000,572500
1,111,572500,575000
1,111,575000,577500
1,111,577500,580000
1,111,580000,582500
1,111,582500,585000
1,111,597500,600000
1,111,600000,602500
1,111,602500,605000
1,111,605000,607500
1,111,607500,610000
1,111,612500,615000
1,111,615000,617500
1,111,617500,620000
1,111,620000,622500
1,111,622500,625000
1,111,625000,627500
1,111,627500,630000
1,111,630000,632500
1,111,635000,637500
1,111,637500,640000
1,111,647500,650000
1,111,655000,657500
1,111,657500,660000
1,111,660000,662500
1,111,692500,695000
1,111,752500,755000
1,111,765000,767500
1,111,767500,770000
1,111,770000,772500
1,111,780000,782500
1,111,787500,790000
1,111,790000,792500
1,111,792500,795000
1,111,795000,797500
1,111,802500,805000
1,111,805000,807500
1,111,807500,810000
1,111,810000,812500
1,111,817500,820000
1,111,820000,822500
1,111,822500,825000
1,111,825000,827500
1,111,832500,835000
1,111,837500,840000
1,111,840000,842500
1,111,842500,845000
1,111,845000,847500
1,111,850000,852500
1,111,852500,855000
1,111,855000,857500
1,111,857500,860000
1,111,860000,862500
1,111,862500,865000
1,111,865000,867500
1,111,867500,870000
1,111,872500,875000
1,111,875000,877500
1,111,877500,880000
1,111,887500,890000
1,111,890000,892500
1,111,892500,895000
1,111,895000,897500
1,111,897500,900000
1,111,900000,902500
1,111,902500,905000
1,111,905000,907500
1,111,907500,910000
1,111,910000,912500
1,111,912500,915000
1,111,915000,917500
1,111,917500,920000
1,111,920000,922500
1,111,922500,925000
1,111,925000,927500
1,111,927500,930000
1,111,930000,932500
1,111,932500,935000
1,111,935000,937500
1,111,937500,940000
1,111,940000,942500
1,111,942500,945000
1,111,965000,967500
1,111,967500,970000
1,111,970000,972500
1,111,972500,975000
1,111,975000,977500
1,111,977500,980000
1,111,980000,982500
1,111,982500,985000
1,111,985000,987500
1,111,987500,990000
1,111,992500,995000
1,111,995000,997500
1,111,997500,1000000
1,111,1002500,1005000
1,111,1005000,1007500
1,111,1007500,1010000
1,111,1010000,1012500
1,111,1012500,1015000
1,111,1015000,1017500
1,111,1022500,1025000
1,111,1035000,1037500
1,111,1037500,1040000
1,111,1040000,1042500
1,111,1042500,1045000
1,111,1050000,1052500
1,111,1052500,1055000
1,111,1055000,1057500
1,111,1057500,1060000
1,111,1060000,1062500
1,111,1070000,1072500
1,111,1072500,1075000
1,111,1082500,1085000
1,111,1085000,1087500
1,111,1087500,1090000
1,111,1102500,1105000
1,111,1107500,1110000
2,111,5000,7500
2,111,7500,10000
2,111,12500,15000
2,111,15000,17500
2,111,22500,25000
2,111,62500,65000
2,111,102500,105000
2,111,105000,107500
2,111,107500,110000
2,111,150000,152500
2,111,175000,177500
2,111,177500,180000
2,111,180000,182500
2,111,205000,207500
2,111,207500,210000
2,111,210000,212500
2,111,217500,220000
2,111,222500,225000
2,111,232500,235000
2,111,235000,237500
2,111,237500,240000
2,111,242500,245000
2,111,245000,247500
2,111,247500,250000
2,111,250000,252500
2,111,252500,255000
2,111,255000,257500
2,111,257500,260000
2,111,260000,262500
2,111,262500,265000
2,111,265000,267500
2,111,267500,270000
2,111,270000,272500
2,111,272500,275000
2,111,275000,277500
2,111,277500,280000
2,111,280000,282500
2,111,282500,285000
2,111,285000,287500
2,111,287500,290000
2,111,290000,292500
2,111,292500,295000
2,111,295000,297500
2,111,297500,300000
2,111,300000,302500
2,111,305000,307500
2,111,307500,310000
2,111,310000,312500
2,111,315000,317500
2,111,317500,320000
2,111,320000,322500
2,111,322500,325000
2,111,325000,327500
2,111,330000,332500
2,111,332500,335000
2,111,335000,337500
2,111,337500,340000
2,111,340000,342500
2,111,342500,345000
2,111,345000,347500
2,111,347500,350000
2,111,350000,352500
2,111,352500,355000
2,111,380000,382500
2,111,382500,385000
2,111,415000,417500
2,111,417500,420000
2,111,420000,422500
2,111,422500,425000
2,111,452500,455000
2,111,457500,460000
2,111,482500,485000
2,111,485000,487500
2,111,487500,490000
2,111,497500,500000
2,111,500000,502500
2,111,515000,517500
2,111,517500,520000
2,111,555000,557500
2,111,557500,560000
2,111,560000,562500
2,111,562500,565000
2,111,587500,590000
2,111,642500,645000
2,111,645000,647500
2,111,647500,650000
2,111,665000,667500
2,111,667500,670000
2,111,675000,677500
2,111,677500,680000
2,111,680000,682500
2,111,682500,685000
2,111,685000,687500
2,111,687500,690000
2,111,690000,692500
2,111,717500,720000
2,111,720000,722500
2,111,1022500,1025000
2,111,1027500,1030000
2,111,1035000,1037500
3,111,2500,5000
3,111,5000,7500
3,111,10000,12500
3,111,12500,15000
3,111,20000,22500
3,111,60000,62500
3,111,100000,102500
3,111,102500,105000
3,111,105000,107500
3,111,147500,150000
3,111,172500,175000
3,111,175000,177500
3,111,177500,180000
3,111,202500,205000
3,111,205000,207500
3,111,207500,210000
3,111,215000,217500
3,111,220000,222500
3,111,230000,232500
3,111,232500,235000
3,111,235000,237500
3,111,240000,242500
3,111,242500,245000
3,111,245000,247500
3,111,247500,250000
3,111,250000,252500
3,111,252500,255000
3,111,255000,257500
3,111,257500,260000
3,111,260000,262500
3,111,262500,265000
3,111,265000,267500
3,111,267500,270000
3,111,270000,272500
3,111,272500,275000
3,111,275000,277500
3,111,277500,280000
3,111,280000,282500
3,111,282500,285000
3,111,285000,287500
3,111,287500,290000
3,111,290000,292500
3,111,292500,295000
3,111,295000,297500
3,111,297500,300000
3,111,302500,305000
3,111,305000,307500
3,111,307500,310000
3,111,312500,315000
3,111,315000,317500
3,111,317500,320000
3,111,320000,322500
3,111,322500,325000
3,111,327500,330000
3,111,330000,332500
3,111,332500,335000
3,111,335000,337500
3,111,337500,340000
3,111,340000,342500
3,111,342500,345000
3,111,345000,347500
3,111,347500,350000
3,111,350000,352500
3,111,377500,380000
3,111,380000,382500
3,111,412500,415000
3,111,415000,417500
3,111,417500,420000
3,111,420000,422500
3,111,450000,452500
3,111,455000,457500
3,111,480000,482500
3,111,482500,485000
3,111,485000,487500
3,111,495000,497500
3,111,497500,500000
3,111,512500,515000
3,111,515000,517500
3,111,552500,555000
3,111,555000,557500
3,111,557500,560000
3,111,560000,562500
3,111,585000,587500
3,111,640000,642500
3,111,642500,645000
3,111,645000,647500
3,111,662500,665000
3,111,665000,667500
3,111,672500,675000
3,111,675000,677500
3,111,677500,680000
3,111,680000,682500
3,111,682500,685000
3,111,685000,687500
3,111,687500,690000
3,111,715000,717500
3,111,717500,720000
3,111,1020000,1022500
3,111,1025000,1027500
3,111,1032500,1035000
3,111,1122500,1125000
4,111,12500,15000
4,111,17500,20000
4,111,22500,25000
4,111,27500,30000
4,111,30000,32500
4,111,32500,35000
4,111,35000,37500
4,111,40000,42500
4,111,42500,45000
4,111,45000,47500
4,111,47500,50000
4,111,67500,70000
4,111,100000,102500
4,111,102500,105000
4,111,110000,112500
4,111,112500,115000
4,111,117500,120000
4,111,120000,122500
4,111,122500,125000
4,111,137500,140000
4,111,140000,142500
4,111,145000,147500
4,111,152500,155000
4,111,162500,165000
4,111,197500,200000
4,111,200000,202500
4,111,202500,205000
4,111,205000,207500
4,111,220000,222500
4,111,222500,225000
4,111,225000,227500
4,111,227500,230000
4,111,570000,572500
4,111,772500,775000
4,111,775000,777500
4,111,777500,780000
4,111,780000,782500
4,111,782500,785000
4,111,785000,787500
4,111,787500,790000
4,111,800000,802500
4,111,805000,807500
4,111,807500,810000
4,111,812500,815000
4,111,815000,817500
4,111,817500,820000
4,111,822500,825000
4,111,835000,837500
4,111,855000,857500
4,111,865000,867500
4,111,867500,870000
4,111,870000,872500
4,111,875000,877500
4,111,877500,880000
4,111,880000,882500
4,111,882500,885000
4,111,892500,895000
4,111,947500,950000
4,111,992500,995000
4,111,1010000,1012500
4,111,1012500,1015000
4,111,1015000,1017500
4,111,1017500,1020000
4,111,1020000,1022500
4,111,1025000,1027500
4,111,1067500,1070000
4,111,1075000,1077500
4,111,1077500,1080000
4,111,1082500,1085000
4,111,1090000,1092500
4,111,1092500,1095000
4,111,1095000,1097500
4,111,1105000,1107500
4,111,1107500,1110000
4,111,1110000,1112500
5,111,10000,12500
5,111,15000,17500
5,111,20000,22500
5,111,25000,27500
5,111,27500,30000
5,111,30000,32500
5,111,32500,35000
5,111,37500,40000
5,111,40000,42500
5,111,42500,45000
5,111,45000,47500
5,111,65000,67500
5,111,97500,100000
5,111,100000,102500
5,111,107500,110000
5,111,110000,112500
5,111,115000,117500
5,111,117500,120000
5,111,120000,122500
5,111,135000,137500
5,111,137500,140000
5,111,142500,145000
5,111,150000,152500
5,111,160000,162500
5,111,195000,197500
5,111,197500,200000
5,111,200000,202500
5,111,202500,205000
5,111,217500,220000
5,111,220000,222500
5,111,222500,225000
5,111,225000,227500
5,111,567500,570000
5,111,770000,772500
5,111,772500,775000
5,111,775000,777500
5,111,777500,780000
5,111,780000,782500
5,111,782500,785000
5,111,785000,787500
5,111,797500,800000
5,111,802500,805000
5,111,805000,807500
5,111,810000,812500
5,111,812500,815000
5,111,815000,817500
5,111,820000,822500
5,111,832500,835000
5,111,852500,855000
5,111,862500,865000
5,111,865000,867500
5,111,867500,870000
5,111,872500,875000
5,111,875000,877500
5,111,877500,880000
5,111,880000,882500
5,111,890000,892500
5,111,945000,947500
5,111,990000,992500
5,111,1007500,1010000
5,111,1010000,1012500
5,111,1012500,1015000
5,111,1015000,1017500
5,111,1017500,1020000
5,111,1022500,1025000
5,111,1065000,1067500
5,111,1072500,1075000
5,111,1075000,1077500
5,111,1080000,1082500
5,111,1087500,1090000
5,111,1090000,1092500
5,111,1092500,1095000
5,111,1102500,1105000
5,111,1105000,1107500
5,111,1107500,1110000
0,112,0,2500
0,112,2500,5000
0,112,10000,12500
0,112,12500,15000
0,112,17500,20000
0,112,20000,22500
0,112,22500,25000
0,112,30000,32500
0,112,32500,35000
0,112,35000,37500
0,112,45000,47500
0,112,47500,50000
0,112,50000,52500
0,112,52500,55000
0,112,55000,57500
0,112,60000,62500
0,112,62500,65000
0,112,70000,72500
0,112,72500,75000
0,112,75000,77500
0,112,77500,80000
0,112,80000,82500
0,112,82500,85000
0,112,85000,87500
0,112,90000,92500
0,112,92500,95000
0,112,97500,100000
0,112,120000,122500
0,112,130000,132500
0,112,132500,135000
0,112,135000,137500
0,112,137500,140000
0,112,140000,142500
0,112,145000,147500
0,112,147500,150000
0,112,150000,152500
0,112,157500,160000
0,112,160000,162500
0,112,165000,167500
0,112,167500,170000
0,112,170000,172500
0,112,172500,175000
0,112,177500,180000
0,112,187500,190000
0,112,190000,192500
0,112,192500,195000
0,112,195000,197500
0,112,197500,200000
0,112,205000,207500
0,112,207500,210000
0,112,212500,215000
0,112,215000,217500
0,112,222500,225000
0,112,232500,235000
0,112,235000,237500
0,112,240000,242500
0,112,245000,247500
0,112,267500,270000
0,112,270000,272500
0,112,272500,275000
0,112,275000,277500
0,112,277500,280000
0,112,302500,305000
0,112,312500,315000
0,112,315000,317500
0,112,350000,352500
0,112,352500,355000
0,112,355000,357500
0,112,357500,360000
0,112,360000,362500
0,112,362500,365000
0,112,365000,367500
0,112,367500,370000
0,112,370000,372500
0,112,372500,375000
0,112,375000,377500
0,112,377500,380000
0,112,380000,382500
0,112,382500,385000
0,112,390000,392500
0,112,392500,395000
0,112,395000,397500
0,112,400000,402500
0,112,402500,405000
0,112,405000,407500
0,112,410000,412500
0,112,437500,440000
0,112,440000,442500
0,112,442500,445000
0,112,445000,447500
0,112,447500,450000
0,112,462500,465000
0,112,465000,467500
0,112,470000,472500
0,112,475000,477500
0,112,477500,480000
0,112,480000,482500
0,112,482500,485000
0,112,562500,565000
0,112,565000,567500
0,112,590000,592500
0,112,592500,595000
0,112,602500,605000
0,112,605000,607500
0,112,607500,610000
0,112,610000,612500
0,112,617500,620000
0,112,622500,625000
0,112,630000,632500
0,112,632500,635000
0,112,637500,640000
0,112,640000,642500
0,112,685000,687500
0,112,725000,727500
0,112,727500,730000
0,112,730000,732500
0,112,735000,737500
0,112,737500,740000
0,112,740000,742500
0,112,745000,747500
0,112,747500,750000
0,112,750000,752500
0,112,752500,755000
0,112,755000,757500
0,112,767500,770000
0,112,770000,772500
0,112,772500,775000
0,112,775000,777500
0,112,777500,780000
0,112,782500,785000
0,112,785000,787500
0,112,792500,795000
0,112,795000,797500
0,112,797500,800000
0,112,817500,820000
0,112,820000,822500
0,112,825000,827500
0,112,830000,832500
0,112,835000,837500
0,112,840000,842500
0,112,842500,845000
0,112,845000,847500
0,112,847500,850000
0,112,850000,852500
0,112,857500,860000
0,112,862500,865000
0,112,865000,867500
0,112,870000,872500
0,112,875000,877500
0,112,877500,880000
0,112,880000,882500
0,112,887500,890000
0,112,890000,892500
0,112,892500,895000
0,112,895000,897500
0,112,897500,900000
0,112,900000,902500
0,112,902500,905000
0,112,905000,907500
0,112,910000,912500
0,112,912500,915000
0,112,915000,917500
0,112,917500,920000
0,112,920000,922500
0,112,922500,925000
0,112,925000,927500
0,112,927500,930000
0,112,930000,932500
0,112,932500,935000
0,112,935000,937500
0,112,940000,942500
0,112,942500,945000
0,112,945000,947500
0,112,947500,950000
0,112,960000,962500
0,112,962500,965000
0,112,965000,967500
0,112,967500,970000
0,112,970000,972500
0,112,972500,975000
0,112,975000,977500
0,112,977500,980000
0,112,980000,982500
0,112,987500,990000
0,112,990000,992500
0,112,995000,997500
0,112,997500,1000000
0,112,1002500,1005000
0,112,1005000,1007500
0,112,1007500,1010000
0,112,1012500,1015000
0,112,1015000,1017500
0,112,1025000,1027500
0,112,1030000,1032500
0,112,1047500,1050000
0,112,1050000,1052500
0,112,1060000,1062500
0,112,1062500,1065000
0,112,1080000,1082500
0,112,1085000,1087500
0,112,1100000,1102500
0,112,1105000,1107500
0,112,1115000,1117500
0,112,1117500,1120000
1,112,0,2500
1,112,7500,10000
1,112,10000,12500
1,112,15000,17500
1,112,17500,20000
1,112,20000,22500
1,112,27500,30000
1,112,30000,32500
1,112,32500,35000
1,112,42500,45000
1,112,45000,47500
1,112,47500,50000
1,112,50000,52500
1,112,52500,55000
1,112,57500,60000
1,112,60000,62500
1,112,67500,70000
1,112,72500,75000
1,112,75000,77500
1,112,77500,80000
1,112,80000,82500
1,112,82500,85000
1,112,87500,90000
1,112,90000,92500
1,112,95000,97500
1,112,117500,120000
1,112,125000,127500
1,112,127500,130000
1,112,132500,135000
1,112,135000,137500
1,112,137500,140000
1,112,142500,145000
1,112,145000,147500
1,112,147500,150000
1,112,155000,157500
1,112,157500,160000
1,112,162500,165000
1,112,165000,167500
1,112,167500,170000
1,112,170000,172500
1,112,175000,177500
1,112,185000,187500
1,112,187500,190000
1,112,190000,192500
1,112,192500,195000
1,112,195000,197500
1,112,202500,205000
1,112,205000,207500
1,112,210000,212500
1,112,212500,215000
1,112,220000,222500
1,112,230000,232500
1,112,232500,235000
1,112,237500,240000
1,112,240000,242500
1,112,242500,245000
1,112,265000,267500
1,112,267500,270000
1,112,270000,272500
1,112,272500,275000
1,112,275000,277500
1,112,300000,302500
1,112,310000,312500
1,112,312500,315000
1,112,347500,350000
1,112,350000,352500
1,112,352500,355000
1,112,355000,357500
1,112,357500,360000
1,112,360000,362500
1,112,362500,365000
1,112,365000,367500
1,112,367500,370000
1,112,370000,372500
1,112,372500,375000
1,112,375000,377500
1,112,377500,380000
1,112,380000,382500
1,112,387500,390000
1,112,390000,392500
1,112,392500,395000
1,112,395000,397500
1,112,397500,400000
1,112,402500,405000
1,112,407500,410000
1,112,440000,442500
1,112,442500,445000
1,112,445000,447500
1,112,460000,462500
1,112,462500,465000
1,112,465000,467500
1,112,467500,470000
1,112,472500,475000
1,112,477500,480000
1,112,480000,482500
1,112,560000,562500
1,112,562500,565000
1,112,587500,590000
1,112,590000,592500
1,112,592500,595000
1,112,595000,597500
1,112,605000,607500
1,112,607500,610000
1,112,615000,617500
1,112,617500,620000
1,112,620000,622500
1,112,627500,630000
1,112,630000,632500
1,112,632500,635000
1,112,635000,637500
1,112,677500,680000
1,112,722500,725000
1,112,725000,727500
1,112,727500,730000
1,112,732500,735000
1,112,735000,737500
1,112,737500,740000
1,112,742500,745000
1,112,745000,747500
1,112,747500,750000
1,112,750000,752500
1,112,752500,755000
1,112,765000,767500
1,112,767500,770000
1,112,770000,772500
1,112,772500,775000
1,112,775000,777500
1,112,780000,782500
1,112,782500,785000
1,112,790000,792500
1,112,792500,795000
1,112,795000,797500
1,112,815000,817500
1,112,817500,820000
1,112,822500,825000
1,112,827500,830000
1,112,832500,835000
1,112,837500,840000
1,112,840000,842500
1,112,842500,845000
1,112,845000,847500
1,112,847500,850000
1,112,855000,857500
1,112,860000,862500
1,112,862500,865000
1,112,867500,870000
1,112,872500,875000
1,112,875000,877500
1,112,877500,880000
1,112,885000,887500
1,112,890000,892500
1,112,892500,895000
1,112,895000,897500
1,112,897500,900000
1,112,900000,902500
1,112,902500,905000
1,112,907500,910000
1,112,910000,912500
1,112,912500,915000
1,112,915000,917500
1,112,917500,920000
1,112,920000,922500
1,112,922500,925000
1,112,925000,927500
1,112,927500,930000
1,112,930000,932500
1,112,932500,935000
1,112,935000,937500
1,112,937500,940000
1,112,942500,945000
1,112,945000,947500
1,112,957500,960000
1,112,960000,962500
1,112,962500,965000
1,112,965000,967500
1,112,967500,970000
1,112,970000,972500
1,112,972500,975000
1,112,975000,977500
1,112,977500,980000
1,112,985000,987500
1,112,987500,990000
1,112,992500,995000
1,112,995000,997500
1,112,1000000,1002500
1,112,1002500,1005000
1,112,1005000,1007500
1,112,1010000,1012500
1,112,1012500,1015000
1,112,1022500,1025000
1,112,1027500,1030000
1,112,1045000,1047500
1,112,1047500,1050000
1,112,1057500,1060000
1,112,1060000,1062500
1,112,1077500,1080000
1,112,1082500,1085000
1,112,1097500,1100000
1,112,1102500,1105000
1,112,1112500,1115000
1,112,1115000,1117500
2,112,22500,25000
2,112,200000,202500
2,112,220000,222500
2,112,225000,227500
2,112,557500,560000
2,112,560000,562500
2,112,682500,685000
3,112,20000,22500
3,112,197500,200000
3,112,217500,220000
3,112,222500,225000
3,112,555000,557500
3,112,557500,560000
3,112,680000,682500
3,112,1122500,1125000
4,112,12500,15000
4,112,15000,17500
4,112,22500,25000
4,112,32500,35000
4,112,35000,37500
4,112,100000,102500
4,112,107500,110000
4,112,200000,202500
4,112,220000,222500
4,112,222500,225000
4,112,225000,227500
4,112,280000,282500
4,112,282500,285000
4,112,285000,287500
4,112,290000,292500
4,112,292500,295000
4,112,295000,297500
4,112,337500,340000
4,112,340000,342500
4,112,342500,345000
4,112,345000,347500
4,112,347500,350000
4,112,415000,417500
4,112,417500,420000
4,112,420000,422500
4,112,422500,425000
4,112,425000,427500
4,112,485000,487500
4,112,487500,490000
4,112,497500,500000
4,112,507500,510000
4,112,517500,520000
4,112,520000,522500
4,112,522500,525000
4,112,525000,527500
4,112,527500,530000
4,112,530000,532500
4,112,587500,590000
4,112,617500,620000
4,112,622500,625000
4,112,625000,627500
4,112,627500,630000
4,112,630000,632500
4,112,632500,635000
4,112,645000,647500
4,112,647500,650000
4,112,650000,652500
4,112,652500,655000
4,112,655000,657500
4,112,657500,660000
4,112,660000,662500
4,112,662500,665000
4,112,665000,667500
4,112,667500,670000
4,112,670000,672500
4,112,672500,675000
4,112,675000,677500
4,112,677500,680000
4,112,682500,685000
4,112,820000,822500
4,112,835000,837500
4,112,837500,840000
4,112,840000,842500
4,112,845000,847500
4,112,857500,860000
4,112,860000,862500
4,112,862500,865000
4,112,867500,870000
4,112,870000,872500
4,112,872500,875000
4,112,875000,877500
4,112,882500,885000
4,112,907500,910000
4,112,910000,912500
4,112,912500,915000
4,112,930000,932500
4,112,932500,935000
4,112,985000,987500
4,112,992500,995000
4,112,995000,997500
4,112,1000000,1002500
4,112,1002500,1005000
4,112,1017500,1020000
4,112,1020000,1022500
4,112,1022500,1025000
4,112,1027500,1030000
4,112,1077500,1080000
4,112,1080000,1082500
4,112,1082500,1085000
4,112,1085000,1087500
4,112,1090000,1092500
4,112,1110000,1112500
5,112,10000,12500
5,112,12500,15000
5,112,20000,22500
5,112,30000,32500
5,112,32500,35000
5,112,97500,100000
5,112,105000,107500
5,112,197500,200000
5,112,217500,220000
5,112,220000,222500
5,112,222500,225000
5,112,277500,280000
5,112,280000,282500
5,112,282500,285000
5,112,287500,290000
5,112,290000,292500
5,112,292500,295000
5,112,335000,337500
5,112,337500,340000
5,112,340000,342500
5,112,342500,345000
5,112,345000,347500
5,112,412500,415000
5,112,415000,417500
5,112,417500,420000
5,112,420000,422500
5,112,422500,425000
5,112,425000,427500
5,112,482500,485000
5,112,485000,487500
5,112,492500,495000
5,112,500000,502500
5,112,515000,517500
5,112,517500,520000
5,112,520000,522500
5,112,522500,525000
5,112,525000,527500
5,112,527500,530000
5,112,585000,587500
5,112,615000,617500
5,112,617500,620000
5,112,620000,622500
5,112,625000,627500
5,112,627500,630000
5,112,630000,632500
5,112,632500,635000
5,112,642500,645000
5,112,645000,647500
5,112,647500,650000
5,112,650000,652500
5,112,652500,655000
5,112,655000,657500
5,112,657500,660000
5,112,660000,662500
5,112,662500,665000
5,112,665000,667500
5,112,667500,670000
5,112,670000,672500
5,112,672500,675000
5,112,675000,677500
5,112,677500,680000
5,112,680000,682500
5,112,817500,820000
5,112,820000,822500
5,112,832500,835000
5,112,835000,837500
5,112,837500,840000
5,112,842500,845000
5,112,855000,857500
5,112,857500,860000
5,112,860000,862500
5,112,865000,867500
5,112,867500,870000
5,112,870000,872500
5,112,872500,875000
5,112,880000,882500
5,112,905000,907500
5,112,907500,910000
5,112,910000,912500
5,112,927500,930000
5,112,930000,932500
5,112,982500,985000
5,112,990000,992500
5,112,992500,995000
5,112,997500,1000000
5,112,1000000,1002500
5,112,1015000,1017500
5,112,1017500,1020000
5,112,1020000,1022500
5,112,1025000,1027500
5,112,1075000,1077500
5,112,1077500,1080000
5,112,1080000,1082500
5,112,1082500,1085000
5,112,1087500,1090000
5,112,1107500,1110000
5,112,1122500,1125000
0,113,10000,12500
0,113,17500,20000
0,113,47500,50000
0,113,50000,52500
0,113,72500,75000
0,113,75000,77500
0,113,77500,80000
0,113,80000,82500
0,113,82500,85000
0,113,85000,87500
0,113,92500,95000
0,113,95000,97500
0,113,97500,100000
0,113,130000,132500
0,113,132500,135000
0,113,135000,137500
0,113,137500,140000
0,113,140000,142500
0,113,142500,145000
0,113,145000,147500
0,113,192500,195000
0,113,195000,197500
0,113,360000,362500
0,113,362500,365000
0,113,372500,375000
0,113,390000,392500
0,113,392500,395000
0,113,395000,397500
0,113,397500,400000
0,113,400000,402500
0,113,402500,405000
0,113,405000,407500
0,113,427500,430000
0,113,430000,432500
0,113,432500,435000
0,113,440000,442500
0,113,442500,445000
0,113,445000,447500
0,113,465000,467500
0,113,467500,470000
0,113,470000,472500
0,113,472500,475000
0,113,475000,477500
0,113,477500,480000
0,113,480000,482500
0,113,482500,485000
0,113,490000,492500
0,113,492500,495000
0,113,495000,497500
0,113,510000,512500
0,113,512500,515000
0,113,535000,537500
0,113,537500,540000
0,113,540000,542500
0,113,545000,547500
0,113,552500,555000
0,113,555000,557500
0,113,557500,560000
0,113,560000,562500
0,113,580000,582500
0,113,582500,585000
0,113,585000,587500
0,113,595000,597500
0,113,597500,600000
0,113,600000,602500
0,113,602500,605000
0,113,605000,607500
0,113,607500,610000
0,113,610000,612500
0,113,612500,615000
0,113,615000,617500
0,113,620000,622500
0,113,622500,625000
0,113,635000,637500
0,113,637500,640000
0,113,640000,642500
0,113,642500,645000
0,113,660000,662500
0,113,662500,665000
0,113,665000,667500
0,113,672500,675000
0,113,685000,687500
0,113,687500,690000
0,113,697500,700000
0,113,700000,702500
0,113,727500,730000
0,113,730000,732500
0,113,737500,740000
0,113,740000,742500
0,113,742500,745000
0,113,757500,760000
0,113,765000,767500
0,113,767500,770000
0,113,770000,772500
0,113,777500,780000
0,113,780000,782500
0,113,785000,787500
0,113,787500,790000
0,113,790000,792500
0,113,792500,795000
0,113,795000,797500
0,113,797500,800000
0,113,800000,802500
0,113,802500,805000
0,113,805000,807500
0,113,807500,810000
0,113,810000,812500
0,113,812500,815000
0,113,815000,817500
0,113,820000,822500
0,113,822500,825000
0,113,825000,827500
0,113,827500,830000
0,113,830000,832500
0,113,835000,837500
0,113,837500,840000
0,113,840000,842500
0,113,842500,845000
0,113,845000,847500
0,113,847500,850000
0,113,850000,852500
0,113,852500,855000
0,113,855000,857500
0,113,862500,865000
0,113,865000,867500
0,113,875000,877500
0,113,877500,880000
0,113,880000,882500
0,113,885000,887500
0,113,887500,890000
0,113,890000,892500
0,113,892500,895000
0,113,895000,897500
0,113,897500,900000
0,113,900000,902500
0,113,902500,905000
0,113,905000,907500
0,113,907500,910000
0,113,910000,912500
0,113,912500,915000
0,113,915000,917500
0,113,917500,920000
0,113,920000,922500
0,113,922500,925000
0,113,925000,927500
0,113,927500,930000
0,113,930000,932500
0,113,932500,935000
0,113,935000,937500
0,113,937500,940000
0,113,940000,942500
0,113,942500,945000
0,113,945000,947500
0,113,947500,950000
0,113,952500,955000
0,113,955000,957500
0,113,957500,960000
0,113,960000,962500
0,113,962500,965000
0,113,965000,967500
0,113,967500,970000
0,113,970000,972500
0,113,972500,975000
0,113,975000,977500
0,113,977500,980000
0,113,980000,982500
0,113,982500,985000
0,113,985000,987500
0,113,987500,990000
0,113,990000,992500
0,113,992500,995000
0,113,995000,997500
0,113,997500,1000000
0,113,1000000,1002500
0,113,1002500,1005000
0,113,1005000,1007500
0,113,1007500,1010000
0,113,1010000,1012500
0,113,1012500,1015000
0,113,1015000,1017500
0,113,1025000,1027500
0,113,1030000,1032500
0,113,1032500,1035000
0,113,1035000,1037500
0,113,1037500,1040000
0,113,1040000,1042500
0,113,1042500,1045000
0,113,1045000,1047500
0,113,1047500,1050000
0,113,1050000,1052500
0,113,1060000,1062500
0,113,1062500,1065000
0,113,1065000,1067500
0,113,1080000,1082500
0,113,1082500,1085000
0,113,1085000,1087500
0,113,1090000,1092500
0,113,1092500,1095000
0,113,1097500,1100000
0,113,1100000,1102500
0,113,1102500,1105000
0,113,1105000,1107500
0,113,1107500,1110000
0,113,1110000,1112500
0,113,1112500,1115000
0,113,1115000,1117500
0,113,1117500,1120000
0,113,1120000,1122500
0,113,1122500,1125000
1,113,7500,10000
1,113,15000,17500
1,113,45000,47500
1,113,47500,50000
1,113,70000,72500
1,113,72500,75000
1,113,75000,77500
1,113,77500,80000
1,113,80000,82500
1,113,82500,85000
1,113,90000,92500
1,113,92500,95000
1,113,95000,97500
1,113,127500,130000
1,113,130000,132500
1,113,132500,135000
1,113,135000,137500
1,113,137500,140000
1,113,140000,142500
1,113,142500,145000
1,113,190000,192500
1,113,192500,195000
1,113,357500,360000
1,113,360000,362500
1,113,370000,372500
1,113,387500,390000
1,113,390000,392500
1,113,392500,395000
1,113,395000,397500
1,113,397500,400000
1,113,400000,402500
1,113,402500,405000
1,113,425000,427500
1,113,427500,430000
1,113,430000,432500
1,113,437500,440000
1,113,440000,442500
1,113,442500,445000
1,113,462500,465000
1,113,465000,467500
1,113,467500,470000
1,113,470000,472500
1,113,472500,475000
1,113,475000,477500
1,113,477500,480000
1,113,480000,482500
1,113,487500,490000
1,113,490000,492500
1,113,492500,495000
1,113,507500,510000
1,113,510000,512500
1,113,532500,535000
1,113,535000,537500
1,113,537500,540000
1,113,542500,545000
1,113,550000,552500
1,113,552500,555000
1,113,555000,557500
1,113,557500,560000
1,113,577500,580000
1,113,580000,582500
1,113,582500,585000
1,113,592500,595000
1,113,595000,597500
1,113,597500,600000
1,113,600000,602500
1,113,602500,605000
1,113,605000,607500
1,113,607500,610000
1,113,610000,612500
1,113,612500,615000
1,113,617500,620000
1,113,620000,622500
1,113,632500,635000
1,113,635000,637500
1,113,637500,640000
1,113,640000,642500
1,113,657500,660000
1,113,660000,662500
1,113,662500,665000
1,113,670000,672500
1,113,682500,685000
1,113,685000,687500
1,113,695000,697500
1,113,697500,700000
1,113,725000,727500
1,113,727500,730000
1,113,735000,737500
1,113,737500,740000
1,113,740000,742500
1,113,755000,757500
1,113,762500,765000
1,113,765000,767500
1,113,767500,770000
1,113,775000,777500
1,113,777500,780000
1,113,782500,785000
1,113,785000,787500
1,113,787500,790000
1,113,790000,792500
1,113,792500,795000
1,113,795000,797500
1,113,797500,800000
1,113,800000,802500
1,113,802500,805000
1,113,805000,807500
1,113,807500,810000
1,113,810000,812500
1,113,812500,815000
1,113,817500,820000
1,113,820000,822500
1,113,822500,825000
1,113,825000,827500
1,113,827500,830000
1,113,832500,835000
1,113,835000,837500
1,113,837500,840000
1,113,840000,842500
1,113,842500,845000
1,113,845000,847500
1,113,847500,850000
1,113,850000,852500
1,113,852500,855000
1,113,860000,862500
1,113,862500,865000
1,113,872500,875000
1,113,875000,877500
1,113,877500,880000
1,113,882500,885000
1,113,885000,887500
1,113,887500,890000
1,113,890000,892500
1,113,892500,895000
1,113,895000,897500
1,113,897500,900000
1,113,900000,902500
1,113,902500,905000
1,113,905000,907500
1,113,907500,910000
1,113,910000,912500
1,113,912500,915000
1,113,915000,917500
1,113,917500,920000
1,113,920000,922500
1,113,922500,925000
1,113,925000,927500
1,113,927500,930000
1,113,930000,932500
1,113,932500,935000
1,113,935000,937500
1,113,937500,940000
1,113,940000,942500
1,113,942500,945000
1,113,945000,947500
1,113,950000,952500
1,113,952500,955000
1,113,955000,957500
1,113,957500,960000
1,113,960000,962500
1,113,962500,965000
1,113,965000,967500
1,113,967500,970000
1,113,970000,972500
1,113,972500,975000
1,113,975000,977500
1,113,977500,980000
1,113,980000,982500
1,113,982500,985000
1,113,985000,987500
1,113,987500,990000
1,113,990000,992500
1,113,992500,995000
1,113,995000,997500
1,113,997500,1000000
1,113,1000000,1002500
1,113,1002500,1005000
1,113,1005000,1007500
1,113,1007500,1010000
1,113,1010000,1012500
1,113,1012500,1015000
1,113,1022500,1025000
1,113,1027500,1030000
1,113,1030000,1032500
1,113,1032500,1035000
1,113,1035000,1037500
1,113,1037500,1040000
1,113,1040000,1042500
1,113,1042500,1045000
1,113,1045000,1047500
1,113,1047500,1050000
1,113,1057500,1060000
1,113,1060000,1062500
1,113,1062500,1065000
1,113,1077500,1080000
1,113,1080000,1082500
1,113,1082500,1085000
1,113,1087500,1090000
1,113,1090000,1092500
1,113,1095000,1097500
1,113,1097500,1100000
1,113,1100000,1102500
1,113,1102500,1105000
1,113,1105000,1107500
1,113,1107500,1110000
1,113,1110000,1112500
1,113,1112500,1115000
1,113,1115000,1117500
1,113,1117500,1120000
1,113,1120000,1122500
2,113,5000,7500
2,113,12500,15000
2,113,20000,22500
2,113,22500,25000
2,113,100000,102500
2,113,102500,105000
2,113,107500,110000
2,113,127500,130000
2,113,160000,162500
2,113,172500,175000
2,113,175000,177500
2,113,177500,180000
2,113,190000,192500
2,113,192500,195000
2,113,195000,197500
2,113,207500,210000
2,113,210000,212500
2,113,212500,215000
2,113,215000,217500
2,113,217500,220000
2,113,227500,230000
2,113,230000,232500
2,113,232500,235000
2,113,235000,237500
2,113,237500,240000
2,113,240000,242500
2,113,242500,245000
2,113,245000,247500
2,113,260000,262500
2,113,262500,265000
2,113,275000,277500
2,113,292500,295000
2,113,295000,297500
2,113,302500,305000
2,113,307500,310000
2,113,315000,317500
2,113,317500,320000
2,113,320000,322500
2,113,330000,332500
2,113,332500,335000
2,113,335000,337500
2,113,337500,340000
2,113,350000,352500
2,113,365000,367500
2,113,385000,387500
2,113,482500,485000
2,113,490000,492500
2,113,595000,597500
2,113,597500,600000
2,113,662500,665000
2,113,687500,690000
2,113,700000,702500
2,113,765000,767500
2,113,767500,770000
2,113,770000,772500
2,113,790000,792500
2,113,830000,832500
2,113,837500,840000
2,113,850000,852500
2,113,870000,872500
2,113,880000,882500
2,113,882500,885000
2,113,887500,890000
2,113,925000,927500
2,113,992500,995000
2,113,1000000,1002500
2,113,1020000,1022500
2,113,1022500,1025000
2,113,1027500,1030000
2,113,1032500,1035000
2,113,1035000,1037500
2,113,1037500,1040000
2,113,1075000,1077500
2,113,1085000,1087500
2,113,1092500,1095000
2,113,1095000,1097500
3,113,2500,5000
3,113,10000,12500
3,113,17500,20000
3,113,20000,22500
3,113,97500,100000
3,113,100000,102500
3,113,105000,107500
3,113,125000,127500
3,113,157500,160000
3,113,170000,172500
3,113,172500,175000
3,113,175000,177500
3,113,187500,190000
3,113,190000,192500
3,113,192500,195000
3,113,205000,207500
3,113,207500,210000
3,113,210000,212500
3,113,212500,215000
3,113,215000,217500
3,113,225000,227500
3,113,227500,230000
3,113,230000,232500
3,113,232500,235000
3,113,235000,237500
3,113,237500,240000
3,113,240000,242500
3,113,242500,245000
3,113,257500,260000
3,113,260000,262500
3,113,272500,275000
3,113,290000,292500
3,113,292500,295000
3,113,300000,302500
3,113,305000,307500
3,113,312500,315000
3,113,315000,317500
3,113,317500,320000
3,113,327500,330000
3,113,330000,332500
3,113,332500,335000
3,113,335000,337500
3,113,347500,350000
3,113,362500,365000
3,113,382500,385000
3,113,480000,482500
3,113,487500,490000
3,113,592500,595000
3,113,595000,597500
3,113,660000,662500
3,113,685000,687500
3,113,697500,700000
3,113,762500,765000
3,113,765000,767500
3,113,767500,770000
3,113,787500,790000
3,113,827500,830000
3,113,835000,837500
3,113,847500,850000
3,113,867500,870000
3,113,877500,880000
3,113,880000,882500
3,113,885000,887500
3,113,922500,925000
3,113,990000,992500
3,113,997500,1000000
3,113,1017500,1020000
3,113,1020000,1022500
3,113,1025000,1027500
3,113,1030000,1032500
3,113,1032500,1035000
3,113,1035000,1037500
3,113,1072500,1075000
3,113,1082500,1085000
3,113,1090000,1092500
3,113,1092500,1095000
3,113,1122500,1125000
4,113,1067500,1070000
5,113,1065000,1067500
2,114,0,2500
2,114,5000,7500
2,114,7500,10000
2,114,12500,15000
2,114,15000,17500
2,114,20000,22500
2,114,22500,25000
2,114,50000,52500
2,114,55000,57500
2,114,100000,102500
2,114,102500,105000
2,114,107500,110000
2,114,127500,130000
2,114,150000,152500
2,114,157500,160000
2,114,160000,162500
2,114,167500,170000
2,114,170000,172500
2,114,177500,180000
2,114,180000,182500
2,114,182500,185000
2,114,185000,187500
2,114,190000,192500
2,114,192500,195000
2,114,195000,197500
2,114,197500,200000
2,114,205000,207500
2,114,207500,210000
2,114,210000,212500
2,114,212500,215000
2,114,215000,217500
2,114,217500,220000
2,114,220000,222500
2,114,227500,230000
2,114,230000,232500
2,114,232500,235000
2,114,235000,237500
2,114,237500,240000
2,114,240000,242500
2,114,242500,245000
2,114,245000,247500
2,114,250000,252500
2,114,252500,255000
2,114,255000,257500
2,114,257500,260000
2,114,260000,262500
2,114,262500,265000
2,114,265000,267500
2,114,267500,270000
2,114,270000,272500
2,114,272500,275000
2,114,275000,277500
2,114,277500,280000
2,114,280000,282500
2,114,285000,287500
2,114,287500,290000
2,114,290000,292500
2,114,292500,295000
2,114,295000,297500
2,114,297500,300000
2,114,300000,302500
2,114,302500,305000
2,114,305000,307500
2,114,307500,310000
2,114,310000,312500
2,114,312500,315000
2,114,315000,317500
2,114,317500,320000
2,114,320000,322500
2,114,322500,325000
2,114,325000,327500
2,114,327500,330000
2,114,330000,332500
2,114,332500,335000
2,114,335000,337500
2,114,337500,340000
2,114,340000,342500
2,114,342500,345000
2,114,350000,352500
2,114,352500,355000
2,114,355000,357500
2,114,360000,362500
2,114,362500,365000
2,114,365000,367500
2,114,367500,370000
2,114,375000,377500
2,114,377500,380000
2,114,380000,382500
2,114,382500,385000
2,114,385000,387500
2,114,387500,390000
2,114,410000,412500
2,114,412500,415000
2,114,415000,417500
2,114,417500,420000
2,114,420000,422500
2,114,422500,425000
2,114,450000,452500
2,114,452500,455000
2,114,457500,460000
2,114,480000,482500
2,114,482500,485000
2,114,485000,487500
2,114,490000,492500
2,114,492500,495000
2,114,495000,497500
2,114,497500,500000
2,114,500000,502500
2,114,502500,505000
2,114,510000,512500
2,114,512500,515000
2,114,515000,517500
2,114,517500,520000
2,114,520000,522500
2,114,535000,537500
2,114,537500,540000
2,114,540000,542500
2,114,552500,555000
2,114,555000,557500
2,114,557500,560000
2,114,560000,562500
2,114,562500,565000
2,114,565000,567500
2,114,580000,582500
2,114,582500,585000
2,114,587500,590000
2,114,590000,592500
2,114,592500,595000
2,114,595000,597500
2,114,612500,615000
2,114,615000,617500
2,114,640000,642500
2,114,642500,645000
2,114,645000,647500
2,114,647500,650000
2,114,662500,665000
2,114,665000,667500
2,114,667500,670000
2,114,672500,675000
2,114,675000,677500
2,114,677500,680000
2,114,680000,682500
2,114,682500,685000
2,114,685000,687500
2,114,687500,690000
2,114,690000,692500
2,114,692500,695000
2,114,697500,700000
2,114,710000,712500
2,114,712500,715000
2,114,717500,720000
2,114,720000,722500
2,114,730000,732500
2,114,732500,735000
2,114,735000,737500
2,114,737500,740000
2,114,740000,742500
2,114,742500,745000
2,114,745000,747500
2,114,747500,750000
2,114,757500,760000
2,114,760000,762500
2,114,762500,765000
2,114,785000,787500
2,114,790000,792500
2,114,830000,832500
2,114,837500,840000
2,114,847500,850000
2,114,850000,852500
2,114,870000,872500
2,114,880000,882500
2,114,882500,885000
2,114,885000,887500
2,114,950000,952500
2,114,957500,960000
2,114,990000,992500
2,114,995000,997500
2,114,1000000,1002500
2,114,1020000,1022500
2,114,1022500,1025000
2,114,1030000,1032500
2,114,1032500,1035000
2,114,1035000,1037500
2,114,1037500,1040000
2,114,1045000,1047500
2,114,1047500,1050000
2,114,1050000,1052500
2,114,1062500,1065000
2,114,1085000,1087500
2,114,1100000,1102500
2,114,1115000,1117500
2,114,1117500,1120000
2,114,1120000,1122500
3,114,2500,5000
3,114,5000,7500
3,114,10000,12500
3,114,12500,15000
3,114,17500,20000
3,114,20000,22500
3,114,47500,50000
3,114,52500,55000
3,114,97500,100000
3,114,100000,102500
3,114,105000,107500
3,114,125000,127500
3,114,147500,150000
3,114,155000,157500
3,114,157500,160000
3,114,165000,167500
3,114,167500,170000
3,114,175000,177500
3,114,177500,180000
3,114,180000,182500
3,114,182500,185000
3,114,187500,190000
3,114,190000,192500
3,114,192500,195000
3,114,195000,197500
3,114,202500,205000
3,114,205000,207500
3,114,207500,210000
3,114,210000,212500
3,114,212500,215000
3,114,215000,217500
3,114,217500,220000
3,114,225000,227500
3,114,227500,230000
3,114,230000,232500
3,114,232500,235000
3,114,235000,237500
3,114,237500,240000
3,114,240000,242500
3,114,242500,245000
3,114,247500,250000
3,114,250000,252500
3,114,252500,255000
3,114,255000,257500
3,114,257500,260000
3,114,260000,262500
3,114,262500,265000
3,114,265000,267500
3,114,267500,270000
3,114,270000,272500
3,114,272500,275000
3,114,275000,277500
3,114,277500,280000
3,114,282500,285000
3,114,285000,287500
3,114,287500,290000
3,114,290000,292500
3,114,292500,295000
3,114,295000,297500
3,114,297500,300000
3,114,300000,302500
3,114,302500,305000
3,114,305000,307500
3,114,307500,310000
3,114,310000,312500
3,114,312500,315000
3,114,315000,317500
3,114,317500,320000
3,114,320000,322500
3,114,322500,325000
3,114,325000,327500
3,114,327500,330000
3,114,330000,332500
3,114,332500,335000
3,114,335000,337500
3,114,337500,340000
3,114,340000,342500
3,114,347500,350000
3,114,350000,352500
3,114,352500,355000
3,114,357500,360000
3,114,360000,362500
3,114,362500,365000
3,114,365000,367500
3,114,372500,375000
3,114,375000,377500
3,114,377500,380000
3,114,380000,382500
3,114,382500,385000
3,114,385000,387500
3,114,407500,410000
3,114,410000,412500
3,114,412500,415000
3,114,415000,417500
3,114,417500,420000
3,114,420000,422500
3,114,447500,450000
3,114,450000,452500
3,114,455000,457500
3,114,477500,480000
3,114,480000,482500
3,114,482500,485000
3,114,487500,490000
3,114,490000,492500
3,114,492500,495000
3,114,495000,497500
3,114,497500,500000
3,114,500000,502500
3,114,507500,510000
3,114,510000,512500
3,114,512500,515000
3,114,515000,517500
3,114,517500,520000
3,114,532500,535000
3,114,535000,537500
3,114,537500,540000
3,114,550000,552500
3,114,552500,555000
3,114,555000,557500
3,114,557500,560000
3,114,560000,562500
3,114,562500,565000
3,114,577500,580000
3,114,580000,582500
3,114,585000,587500
3,114,587500,590000
3,114,590000,592500
3,114,592500,595000
3,114,610000,612500
3,114,612500,615000
3,114,637500,640000
3,114,640000,642500
3,114,642500,645000
3,114,645000,647500
3,114,660000,662500
3,114,662500,665000
3,114,665000,667500
3,114,670000,672500
3,114,672500,675000
3,114,675000,677500
3,114,677500,680000
3,114,680000,682500
3,114,682500,685000
3,114,685000,687500
3,114,687500,690000
3,114,690000,692500
3,114,695000,697500
3,114,707500,710000
3,114,710000,712500
3,114,715000,717500
3,114,717500,720000
3,114,727500,730000
3,114,730000,732500
3,114,732500,735000
3,114,735000,737500
3,114,737500,740000
3,114,740000,742500
3,114,742500,745000
3,114,745000,747500
3,114,755000,757500
3,114,757500,760000
3,114,760000,762500
3,114,782500,785000
3,114,787500,790000
3,114,827500,830000
3,114,835000,837500
3,114,845000,847500
3,114,847500,850000
3,114,867500,870000
3,114,877500,880000
3,114,880000,882500
3,114,882500,885000
3,114,947500,950000
3,114,955000,957500
3,114,987500,990000
3,114,992500,995000
3,114,997500,1000000
3,114,1017500,1020000
3,114,1020000,1022500
3,114,1027500,1030000
3,114,1030000,1032500
3,114,1032500,1035000
3,114,1035000,1037500
3,114,1042500,1045000
3,114,1045000,1047500
3,114,1047500,1050000
3,114,1060000,1062500
3,114,1082500,1085000
3,114,1097500,1100000
3,114,1112500,1115000
3,114,1115000,1117500
3,114,1117500,1120000
3,114,1122500,1125000
0,115,15000,17500
0,115,17500,20000
0,115,60000,62500
0,115,67500,70000
0,115,70000,72500
0,115,77500,80000
0,115,80000,82500
0,115,92500,95000
0,115,95000,97500
0,115,97500,100000
0,115,255000,257500
0,115,257500,260000
0,115,262500,265000
0,115,272500,275000
0,115,282500,285000
0,115,287500,290000
0,115,290000,292500
0,115,295000,297500
0,115,297500,300000
0,115,355000,357500
0,115,357500,360000
0,115,360000,362500
0,115,367500,370000
0,115,370000,372500
0,115,372500,375000
0,115,375000,377500
0,115,377500,380000
0,115,382500,385000
0,115,417500,420000
0,115,420000,422500
0,115,422500,425000
0,115,425000,427500
0,115,427500,430000
0,115,430000,432500
0,115,432500,435000
0,115,435000,437500
0,115,437500,440000
0,115,452500,455000
0,115,455000,457500
0,115,457500,460000
0,115,490000,492500
0,115,492500,495000
0,115,495000,497500
0,115,497500,500000
0,115,502500,505000
0,115,505000,507500
0,115,507500,510000
0,115,510000,512500
0,115,512500,515000
0,115,520000,522500
0,115,522500,525000
0,115,525000,527500
0,115,527500,530000
0,115,530000,532500
0,115,532500,535000
0,115,535000,537500
0,115,537500,540000
0,115,540000,542500
0,115,542500,545000
0,115,545000,547500
0,115,547500,550000
0,115,550000,552500
0,115,560000,562500
0,115,562500,565000
0,115,565000,567500
0,115,567500,570000
0,115,570000,572500
0,115,572500,575000
0,115,575000,577500
0,115,577500,580000
0,115,580000,582500
0,115,582500,585000
0,115,585000,587500
0,115,587500,590000
0,115,590000,592500
0,115,592500,595000
0,115,595000,597500
0,115,650000,652500
0,115,652500,655000
0,115,655000,657500
0,115,657500,660000
0,115,660000,662500
0,115,662500,665000
0,115,665000,667500
0,115,667500,670000
0,115,670000,672500
0,115,672500,675000
0,115,752500,755000
0,115,755000,757500
0,115,757500,760000
0,115,760000,762500
0,115,762500,765000
0,115,765000,767500
0,115,767500,770000
0,115,802500,805000
0,115,805000,807500
0,115,810000,812500
0,115,812500,815000
0,115,825000,827500
0,115,827500,830000
0,115,910000,912500
0,115,912500,915000
0,115,915000,917500
0,115,917500,920000
0,115,920000,922500
0,115,930000,932500
0,115,932500,935000
0,115,935000,937500
0,115,937500,940000
0,115,940000,942500
0,115,942500,945000
0,115,972500,975000
0,115,1015000,1017500
0,115,1017500,1020000
1,115,12500,15000
1,115,15000,17500
1,115,57500,60000
1,115,65000,67500
1,115,67500,70000
1,115,75000,77500
1,115,77500,80000
1,115,90000,92500
1,115,92500,95000
1,115,95000,97500
1,115,252500,255000
1,115,255000,257500
1,115,260000,262500
1,115,270000,272500
1,115,280000,282500
1,115,285000,287500
1,115,287500,290000
1,115,292500,295000
1,115,295000,297500
1,115,352500,355000
1,115,355000,357500
1,115,357500,360000
1,115,365000,367500
1,115,367500,370000
1,115,370000,372500
1,115,372500,375000
1,115,375000,377500
1,115,380000,382500
1,115,415000,417500
1,115,417500,420000
1,115,420000,422500
1,115,422500,425000
1,115,425000,427500
1,115,427500,430000
1,115,430000,432500
1,115,432500,435000
1,115,435000,437500
1,115,450000,452500
1,115,452500,455000
1,115,455000,457500
1,115,487500,490000
1,115,490000,492500
1,115,492500,495000
1,115,495000,497500
1,115,500000,502500
1,115,502500,505000
1,115,505000,507500
1,115,507500,510000
1,115,510000,512500
1,115,517500,520000
1,115,520000,522500
1,115,522500,525000
1,115,525000,527500
1,115,527500,530000
1,115,530000,532500
1,115,532500,535000
1,115,535000,537500
1,115,537500,540000
1,115,540000,542500
1,115,542500,545000
1,115,545000,547500
1,115,547500,550000
1,115,557500,560000
1,115,560000,562500
1,115,562500,565000
1,115,565000,567500
1,115,567500,570000
1,115,570000,572500
1,115,572500,575000
1,115,575000,577500
1,115,577500,580000
1,115,580000,582500
1,115,582500,585000
1,115,585000,587500
1,115,587500,590000
1,115,590000,592500
1,115,592500,595000
1,115,647500,650000
1,115,650000,652500
1,115,652500,655000
1,115,655000,657500
1,115,657500,660000
1,115,660000,662500
1,115,662500,665000
1,115,665000,667500
1,115,667500,670000
1,115,670000,672500
1,115,750000,752500
1,115,752500,755000
1,115,755000,757500
1,115,757500,760000
1,115,760000,762500
1,115,762500,765000
1,115,765000,767500
1,115,800000,802500
1,115,802500,805000
1,115,807500,810000
1,115,810000,812500
1,115,822500,825000
1,115,825000,827500
1,115,907500,910000
1,115,910000,912500
1,115,912500,915000
1,115,915000,917500
1,115,917500,920000
1,115,927500,930000
1,115,930000,932500
1,115,932500,935000
1,115,935000,937500
1,115,937500,940000
1,115,940000,942500
1,115,970000,972500
1,115,1012500,1015000
1,115,1015000,1017500
2,115,22500,25000
2,115,100000,102500
2,115,197500,200000
2,115,200000,202500
2,115,882500,885000
2,115,1010000,1012500
2,115,1017500,1020000
2,115,1020000,1022500
2,115,1035000,1037500
2,115,1075000,1077500
2,115,1092500,1095000
2,115,1095000,1097500
3,115,20000,22500
3,115,97500,100000
3,115,195000,197500
3,115,197500,200000
3,115,880000,882500
3,115,1007500,1010000
3,115,1015000,1017500
3,115,1017500,1020000
3,115,1032500,1035000
3,115,1072500,1075000
3,115,1090000,1092500
3,115,1092500,1095000
3,115,1122500,1125000
4,115,5000,7500
4,115,12500,15000
4,115,15000,17500
4,115,22500,25000
4,115,40000,42500
4,115,110000,112500
4,115,235000,237500
4,115,245000,247500
4,115,247500,250000
4,115,260000,262500
4,115,262500,265000
4,115,275000,277500
4,115,277500,280000
4,115,285000,287500
4,115,297500,300000
4,115,322500,325000
4,115,335000,337500
4,115,337500,340000
4,115,362500,365000
4,115,365000,367500
4,115,372500,375000
4,115,380000,382500
4,115,420000,422500
4,115,555000,557500
4,115,677500,680000
4,115,947500,950000
4,115,1010000,1012500
4,115,1015000,1017500
4,115,1017500,1020000
4,115,1020000,1022500
4,115,1022500,1025000
4,115,1027500,1030000
4,115,1035000,1037500
5,115,2500,5000
5,115,10000,12500
5,115,12500,15000
5,115,20000,22500
5,115,37500,40000
5,115,107500,110000
5,115,232500,235000
5,115,242500,245000
5,115,245000,247500
5,115,257500,260000
5,115,260000,262500
5,115,272500,275000
5,115,275000,277500
5,115,282500,285000
5,115,295000,297500
5,115,320000,322500
5,115,332500,335000
5,115,335000,337500
5,115,360000,362500
5,115,362500,365000
5,115,370000,372500
5,115,377500,380000
5,115,417500,420000
5,115,552500,555000
5,115,675000,677500
5,115,945000,947500
5,115,1007500,1010000
5,115,1012500,1015000
5,115,1015000,1017500
5,115,1017500,1020000
5,115,1020000,1022500
5,115,1025000,1027500
5,115,1032500,1035000
5,115,1122500,1125000
0,116,97500,100000
0,116,400000,402500
0,116,402500,405000
0,116,405000,407500
0,116,755000,757500
0,116,757500,760000
0,116,762500,765000
0,116,922500,925000
0,116,925000,927500
0,116,932500,935000
0,116,935000,937500
0,116,937500,940000
0,116,940000,942500
0,116,942500,945000
0,116,945000,947500
0,116,985000,987500
0,116,997500,1000000
0,116,1015000,1017500
0,116,1017500,1020000
0,116,1037500,1040000
0,116,1045000,1047500
0,116,1062500,1065000
1,116,95000,97500
1,116,397500,400000
1,116,400000,402500
1,116,402500,405000
1,116,752500,755000
1,116,755000,757500
1,116,760000,762500
1,116,920000,922500
1,116,922500,925000
1,116,930000,932500
1,116,932500,935000
1,116,935000,937500
1,116,937500,940000
1,116,940000,942500
1,116,942500,945000
1,116,982500,985000
1,116,995000,997500
1,116,1012500,1015000
1,116,1015000,1017500
1,116,1035000,1037500
1,116,1042500,1045000
1,116,1060000,1062500
2,116,0,2500
2,116,2500,5000
2,116,5000,7500
2,116,7500,10000
2,116,10000,12500
2,116,12500,15000
2,116,15000,17500
2,116,20000,22500
2,116,22500,25000
2,116,25000,27500
2,116,27500,30000
2,116,30000,32500
2,116,32500,35000
2,116,35000,37500
2,116,37500,40000
2,116,42500,45000
2,116,45000,47500
2,116,52500,55000
2,116,60000,62500
2,116,67500,70000
2,116,72500,75000
2,116,82500,85000
2,116,87500,90000
2,116,90000,92500
2,116,100000,102500
2,116,102500,105000
2,116,105000,107500
2,116,107500,110000
2,116,110000,112500
2,116,112500,115000
2,116,115000,117500
2,116,117500,120000
2,116,127500,130000
2,116,150000,152500
2,116,152500,155000
2,116,155000,157500
2,116,157500,160000
2,116,160000,162500
2,116,162500,165000
2,116,165000,167500
2,116,167500,170000
2,116,170000,172500
2,116,172500,175000
2,116,175000,177500
2,116,177500,180000
2,116,180000,182500
2,116,182500,185000
2,116,185000,187500
2,116,190000,192500
2,116,192500,195000
2,116,197500,200000
2,116,200000,202500
2,116,202500,205000
2,116,205000,207500
2,116,207500,210000
2,116,210000,212500
2,116,212500,215000
2,116,215000,217500
2,116,217500,220000
2,116,220000,222500
2,116,222500,225000
2,116,225000,227500
2,116,227500,230000
2,116,230000,232500
2,116,232500,235000
2,116,235000,237500
2,116,237500,240000
2,116,240000,242500
2,116,242500,245000
2,116,245000,247500
2,116,247500,250000
2,116,250000,252500
2,116,252500,255000
2,116,255000,257500
2,116,257500,260000
2,116,262500,265000
2,116,265000,267500
2,116,275000,277500
2,116,277500,280000
2,116,280000,282500
2,116,282500,285000
2,116,285000,287500
2,116,287500,290000
2,116,290000,292500
2,116,292500,295000
2,116,297500,300000
2,116,300000,302500
2,116,302500,305000
2,116,305000,307500
2,116,307500,310000
2,116,310000,312500
2,116,315000,317500
2,116,317500,320000
2,116,322500,325000
2,116,325000,327500
2,116,327500,330000
2,116,330000,332500
2,116,332500,335000
2,116,335000,337500
2,116,337500,340000
2,116,340000,342500
2,116,342500,345000
2,116,345000,347500
2,116,347500,350000
2,116,350000,352500
2,116,352500,355000
2,116,357500,360000
2,116,360000,362500
2,116,362500,365000
2,116,365000,367500
2,116,367500,370000
2,116,380000,382500
2,116,382500,385000
2,116,385000,387500
2,116,387500,390000
2,116,390000,392500
2,116,405000,407500
2,116,407500,410000
2,116,410000,412500
2,116,415000,417500
2,116,417500,420000
2,116,420000,422500
2,116,422500,425000
2,116,450000,452500
2,116,452500,455000
2,116,455000,457500
2,116,457500,460000
2,116,460000,462500
2,116,482500,485000
2,116,485000,487500
2,116,490000,492500
2,116,492500,495000
2,116,495000,497500
2,116,497500,500000
2,116,500000,502500
2,116,510000,512500
2,116,512500,515000
2,116,515000,517500
2,116,517500,520000
2,116,520000,522500
2,116,535000,537500
2,116,552500,555000
2,116,555000,557500
2,116,557500,560000
2,116,560000,562500
2,116,562500,565000
2,116,580000,582500
2,116,587500,590000
2,116,597500,600000
2,116,642500,645000
2,116,645000,647500
2,116,662500,665000
2,116,665000,667500
2,116,667500,670000
2,116,675000,677500
2,116,677500,680000
2,116,680000,682500
2,116,682500,685000
2,116,685000,687500
2,116,687500,690000
2,116,690000,692500
2,116,692500,695000
2,116,697500,700000
2,116,700000,702500
2,116,707500,710000
2,116,710000,712500
2,116,712500,715000
2,116,715000,717500
2,116,717500,720000
2,116,720000,722500
2,116,722500,725000
2,116,727500,730000
2,116,730000,732500
2,116,735000,737500
2,116,737500,740000
2,116,740000,742500
2,116,742500,745000
2,116,745000,747500
2,116,747500,750000
2,116,757500,760000
2,116,760000,762500
2,116,765000,767500
2,116,785000,787500
2,116,790000,792500
2,116,800000,802500
2,116,802500,805000
2,116,815000,817500
2,116,832500,835000
2,116,837500,840000
2,116,850000,852500
2,116,870000,872500
2,116,872500,875000
2,116,880000,882500
2,116,882500,885000
2,116,885000,887500
2,116,925000,927500
2,116,927500,930000
2,116,945000,947500
2,116,947500,950000
2,116,950000,952500
2,116,957500,960000
2,116,960000,962500
2,116,990000,992500
2,116,992500,995000
2,116,995000,997500
2,116,1000000,1002500
2,116,1002500,1005000
2,116,1017500,1020000
2,116,1022500,1025000
2,116,1025000,1027500
2,116,1027500,1030000
2,116,1032500,1035000
2,116,1035000,1037500
2,116,1037500,1040000
2,116,1042500,1045000
2,116,1045000,1047500
2,116,1047500,1050000
2,116,1050000,1052500
2,116,1062500,1065000
2,116,1065000,1067500
2,116,1067500,1070000
2,116,1070000,1072500
2,116,1072500,1075000
2,116,1075000,1077500
2,116,1077500,1080000
2,116,1082500,1085000
2,116,1085000,1087500
2,116,1090000,1092500
2,116,1092500,1095000
2,116,1095000,1097500
2,116,1097500,1100000
2,116,1102500,1105000
2,116,1105000,1107500
2,116,1107500,1110000
2,116,1115000,1117500
2,116,1117500,1120000
2,116,1122500,1125000
3,116,0,2500
3,116,2500,5000
3,116,5000,7500
3,116,7500,10000
3,116,10000,12500
3,116,12500,15000
3,116,17500,20000
3,116,20000,22500
3,116,22500,25000
3,116,25000,27500
3,116,27500,30000
3,116,30000,32500
3,116,32500,35000
3,116,35000,37500
3,116,40000,42500
3,116,42500,45000
3,116,50000,52500
3,116,57500,60000
3,116,65000,67500
3,116,70000,72500
3,116,80000,82500
3,116,85000,87500
3,116,87500,90000
3,116,97500,100000
3,116,100000,102500
3,116,102500,105000
3,116,105000,107500
3,116,107500,110000
3,116,110000,112500
3,116,112500,115000
3,116,115000,117500
3,116,125000,127500
3,116,147500,150000
3,116,150000,152500
3,116,152500,155000
3,116,155000,157500
3,116,157500,160000
3,116,160000,162500
3,116,162500,165000
3,116,165000,167500
3,116,167500,170000
3,116,170000,172500
3,116,172500,175000
3,116,175000,177500
3,116,177500,180000
3,116,180000,182500
3,116,182500,185000
3,116,187500,190000
3,116,190000,192500
3,116,195000,197500
3,116,197500,200000
3,116,200000,202500
3,116,202500,205000
3,116,205000,207500
3,116,207500,210000
3,116,210000,212500
3,116,212500,215000
3,116,215000,217500
3,116,217500,220000
3,116,220000,222500
3,116,222500,225000
3,116,225000,227500
3,116,227500,230000
3,116,230000,232500
3,116,232500,235000
3,116,235000,237500
3,116,237500,240000
3,116,240000,242500
3,116,242500,245000
3,116,245000,247500
3,116,247500,250000
3,116,250000,252500
3,116,252500,255000
3,116,255000,257500
3,116,257500,260000
3,116,260000,262500
3,116,265000,267500
3,116,267500,270000
3,116,277500,280000
3,116,280000,282500
3,116,282500,285000
3,116,285000,287500
3,116,287500,290000
3,116,290000,292500
3,116,292500,295000
3,116,295000,297500
3,116,300000,302500
3,116,302500,305000
3,116,305000,307500
3,116,307500,310000
3,116,312500,315000
3,116,315000,317500
3,116,317500,320000
3,116,320000,322500
3,116,325000,327500
3,116,327500,330000
3,116,330000,332500
3,116,332500,335000
3,116,335000,337500
3,116,337500,340000
3,116,340000,342500
3,116,342500,345000
3,116,345000,347500
3,116,347500,350000
3,116,350000,352500
3,116,355000,357500
3,116,357500,360000
3,116,360000,362500
3,116,362500,365000
3,116,365000,367500
3,116,375000,377500
3,116,377500,380000
3,116,382500,385000
3,116,385000,387500
3,116,387500,390000
3,116,402500,405000
3,116,405000,407500
3,116,407500,410000
3,116,412500,415000
3,116,415000,417500
3,116,417500,420000
3,116,420000,422500
3,116,447500,450000
3,116,450000,452500
3,116,452500,455000
3,116,455000,457500
3,116,457500,460000
3,116,480000,482500
3,116,482500,485000
3,116,487500,490000
3,116,490000,492500
3,116,492500,495000
3,116,495000,497500
3,116,497500,500000
3,116,507500,510000
3,116,510000,512500
3,116,512500,515000
3,116,515000,517500
3,116,517500,520000
3,116,532500,535000
3,116,550000,552500
3,116,552500,555000
3,116,555000,557500
3,116,557500,560000
3,116,560000,562500
3,116,577500,580000
3,116,585000,587500
3,116,595000,597500
3,116,640000,642500
3,116,642500,645000
3,116,660000,662500
3,116,662500,665000
3,116,665000,667500
3,116,672500,675000
3,116,675000,677500
3,116,677500,680000
3,116,680000,682500
3,116,682500,685000
3,116,685000,687500
3,116,687500,690000
3,116,690000,692500
3,116,695000,697500
3,116,697500,700000
3,116,705000,707500
3,116,707500,710000
3,116,710000,712500
3,116,712500,715000
3,116,715000,717500
3,116,717500,720000
3,116,720000,722500
3,116,725000,727500
3,116,727500,730000
3,116,732500,735000
3,116,735000,737500
3,116,737500,740000
3,116,740000,742500
3,116,742500,745000
3,116,745000,747500
3,116,755000,757500
3,116,757500,760000
3,116,762500,765000
3,116,782500,785000
3,116,787500,790000
3,116,797500,800000
3,116,800000,802500
3,116,812500,815000
3,116,830000,832500
3,116,835000,837500
3,116,847500,850000
3,116,867500,870000
3,116,870000,872500
3,116,877500,880000
3,116,880000,882500
3,116,882500,885000
3,116,922500,925000
3,116,925000,927500
3,116,942500,945000
3,116,945000,947500
3,116,947500,950000
3,116,955000,957500
3,116,957500,960000
3,116,987500,990000
3,116,990000,992500
3,116,992500,995000
3,116,997500,1000000
3,116,1000000,1002500
3,116,1015000,1017500
3,116,1020000,1022500
3,116,1022500,1025000
3,116,1025000,1027500
3,116,1030000,1032500
3,116,1032500,1035000
3,116,1035000,1037500
3,116,1040000,1042500
3,116,1042500,1045000
3,116,1045000,1047500
3,116,1047500,1050000
3,116,1060000,1062500
3,116,1062500,1065000
3,116,1065000,1067500
3,116,1067500,1070000
3,116,1070000,1072500
3,116,1072500,1075000
3,116,1075000,1077500
3,116,1080000,1082500
3,116,1082500,1085000
3,116,1087500,1090000
3,116,1090000,1092500
3,116,1092500,1095000
3,116,1095000,1097500
3,116,1100000,1102500
3,116,1102500,1105000
3,116,1105000,1107500
3,116,1112500,1115000
3,116,1115000,1117500
3,116,1120000,1122500
3,116,1122500,1125000
0,117,932500,935000
1,117,930000,932500
2,117,0,2500
2,117,5000,7500
2,117,7500,10000
2,117,12500,15000
2,117,22500,25000
2,117,50000,52500
2,117,70000,72500
2,117,100000,102500
2,117,102500,105000
2,117,107500,110000
2,117,127500,130000
2,117,147500,150000
2,117,150000,152500
2,117,157500,160000
2,117,160000,162500
2,117,170000,172500
2,117,172500,175000
2,117,175000,177500
2,117,177500,180000
2,117,180000,182500
2,117,190000,192500
2,117,192500,195000
2,117,195000,197500
2,117,205000,207500
2,117,207500,210000
2,117,210000,212500
2,117,212500,215000
2,117,215000,217500
2,117,217500,220000
2,117,220000,222500
2,117,227500,230000
2,117,230000,232500
2,117,232500,235000
2,117,235000,237500
2,117,237500,240000
2,117,240000,242500
2,117,242500,245000
2,117,245000,247500
2,117,247500,250000
2,117,250000,252500
2,117,252500,255000
2,117,255000,257500
2,117,257500,260000
2,117,260000,262500
2,117,262500,265000
2,117,265000,267500
2,117,267500,270000
2,117,270000,272500
2,117,275000,277500
2,117,277500,280000
2,117,280000,282500
2,117,282500,285000
2,117,297500,300000
2,117,300000,302500
2,117,302500,305000
2,117,305000,307500
2,117,307500,310000
2,117,310000,312500
2,117,312500,315000
2,117,315000,317500
2,117,317500,320000
2,117,320000,322500
2,117,322500,325000
2,117,325000,327500
2,117,327500,330000
2,117,330000,332500
2,117,332500,335000
2,117,337500,340000
2,117,340000,342500
2,117,342500,345000
2,117,345000,347500
2,117,347500,350000
2,117,350000,352500
2,117,352500,355000
2,117,355000,357500
2,117,360000,362500
2,117,365000,367500
2,117,367500,370000
2,117,370000,372500
2,117,377500,380000
2,117,380000,382500
2,117,382500,385000
2,117,385000,387500
2,117,387500,390000
2,117,405000,407500
2,117,407500,410000
2,117,410000,412500
2,117,412500,415000
2,117,417500,420000
2,117,420000,422500
2,117,450000,452500
2,117,457500,460000
2,117,480000,482500
2,117,485000,487500
2,117,487500,490000
2,117,490000,492500
2,117,492500,495000
2,117,495000,497500
2,117,497500,500000
2,117,500000,502500
2,117,510000,512500
2,117,512500,515000
2,117,515000,517500
2,117,517500,520000
2,117,537500,540000
2,117,540000,542500
2,117,557500,560000
2,117,560000,562500
2,117,562500,565000
2,117,580000,582500
2,117,582500,585000
2,117,587500,590000
2,117,595000,597500
2,117,597500,600000
2,117,612500,615000
2,117,615000,617500
2,117,640000,642500
2,117,642500,645000
2,117,645000,647500
2,117,662500,665000
2,117,665000,667500
2,117,667500,670000
2,117,670000,672500
2,117,675000,677500
2,117,677500,680000
2,117,680000,682500
2,117,682500,685000
2,117,685000,687500
2,117,687500,690000
2,117,690000,692500
2,117,692500,695000
2,117,700000,702500
2,117,710000,712500
2,117,717500,720000
2,117,757500,760000
2,117,760000,762500
2,117,762500,765000
2,117,797500,800000
2,117,800000,802500
2,117,850000,852500
2,117,880000,882500
2,117,882500,885000
2,117,885000,887500
2,117,950000,952500
2,117,957500,960000
2,117,990000,992500
2,117,1000000,1002500
2,117,1015000,1017500
2,117,1022500,1025000
2,117,1030000,1032500
2,117,1032500,1035000
2,117,1035000,1037500
2,117,1037500,1040000
2,117,1047500,1050000
2,117,1062500,1065000
2,117,1065000,1067500
2,117,1085000,1087500
2,117,1100000,1102500
2,117,1115000,1117500
2,117,1117500,1120000
2,117,1120000,1122500
3,117,2500,5000
3,117,5000,7500
3,117,10000,12500
3,117,20000,22500
3,117,47500,50000
3,117,67500,70000
3,117,97500,100000
3,117,100000,102500
3,117,105000,107500
3,117,125000,127500
3,117,145000,147500
3,117,147500,150000
3,117,155000,157500
3,117,157500,160000
3,117,167500,170000
3,117,170000,172500
3,117,172500,175000
3,117,175000,177500
3,117,177500,180000
3,117,187500,190000
3,117,190000,192500
3,117,192500,195000
3,117,202500,205000
3,117,205000,207500
3,117,207500,210000
3,117,210000,212500
3,117,212500,215000
3,117,215000,217500
3,117,217500,220000
3,117,225000,227500
3,117,227500,230000
3,117,230000,232500
3,117,232500,235000
3,117,235000,237500
3,117,237500,240000
3,117,240000,242500
3,117,242500,245000
3,117,245000,247500
3,117,247500,250000
3,117,250000,252500
3,117,252500,255000
3,117,255000,257500
3,117,257500,260000
3,117,260000,262500
3,117,262500,265000
3,117,265000,267500
3,117,267500,270000
3,117,270000,272500
3,117,272500,275000
3,117,277500,280000
3,117,280000,282500
3,117,295000,297500
3,117,297500,300000
3,117,300000,302500
3,117,302500,305000
3,117,305000,307500
3,117,307500,310000
3,117,310000,312500
3,117,312500,315000
3,117,315000,317500
3,117,317500,320000
3,117,320000,322500
3,117,322500,325000
3,117,325000,327500
3,117,327500,330000
3,117,330000,332500
3,117,335000,337500
3,117,337500,340000
3,117,340000,342500
3,117,342500,345000
3,117,345000,347500
3,117,347500,350000
3,117,350000,352500
3,117,352500,355000
3,117,357500,360000
3,117,360000,362500
3,117,362500,365000
3,117,367500,370000
3,117,375000,377500
3,117,377500,380000
3,117,380000,382500
3,117,382500,385000
3,117,385000,387500
3,117,402500,405000
3,117,405000,407500
3,117,407500,410000
3,117,410000,412500
3,117,415000,417500
3,117,417500,420000
3,117,447500,450000
3,117,455000,457500
3,117,477500,480000
3,117,482500,485000
3,117,485000,487500
3,117,487500,490000
3,117,490000,492500
3,117,492500,495000
3,117,495000,497500
3,117,497500,500000
3,117,507500,510000
3,117,510000,512500
3,117,512500,515000
3,117,515000,517500
3,117,535000,537500
3,117,537500,540000
3,117,555000,557500
3,117,557500,560000
3,117,560000,562500
3,117,577500,580000
3,117,580000,582500
3,117,585000,587500
3,117,592500,595000
3,117,595000,597500
3,117,610000,612500
3,117,612500,615000
3,117,637500,640000
3,117,640000,642500
3,117,642500,645000
3,117,645000,647500
3,117,660000,662500
3,117,662500,665000
3,117,665000,667500
3,117,667500,670000
3,117,672500,675000
3,117,675000,677500
3,117,677500,680000
3,117,680000,682500
3,117,682500,685000
3,117,685000,687500
3,117,687500,690000
3,117,690000,692500
3,117,697500,700000
3,117,707500,710000
3,117,715000,717500
3,117,755000,757500
3,117,757500,760000
3,117,760000,762500
3,117,795000,797500
3,117,797500,800000
3,117,847500,850000
3,117,877500,880000
3,117,880000,882500
3,117,882500,885000
3,117,947500,950000
3,117,955000,957500
3,117,987500,990000
3,117,997500,1000000
3,117,1012500,1015000
3,117,1020000,1022500
3,117,1027500,1030000
3,117,1030000,1032500
3,117,1032500,1035000
3,117,1035000,1037500
3,117,1045000,1047500
3,117,1047500,1050000
3,117,1060000,1062500
3,117,1062500,1065000
3,117,1082500,1085000
3,117,1097500,1100000
3,117,1112500,1115000
3,117,1115000,1117500
3,117,1117500,1120000
3,117,1122500,1125000
4,117,22500,25000
4,117,27500,30000
4,117,35000,37500
4,117,40000,42500
4,117,110000,112500
4,117,197500,200000
4,117,200000,202500
4,117,220000,222500
4,117,280000,282500
4,117,290000,292500
4,117,292500,295000
4,117,422500,425000
4,117,437500,440000
4,117,482500,485000
4,117,505000,507500
4,117,522500,525000
4,117,525000,527500
4,117,527500,530000
4,117,545000,547500
4,117,552500,555000
4,117,567500,570000
4,117,570000,572500
4,117,572500,575000
4,117,575000,577500
4,117,580000,582500
4,117,617500,620000
4,117,650000,652500
4,117,655000,657500
4,117,695000,697500
4,117,697500,700000
4,117,735000,737500
4,117,740000,742500
4,117,752500,755000
4,117,755000,757500
4,117,785000,787500
4,117,800000,802500
4,117,847500,850000
4,117,882500,885000
4,117,1010000,1012500
4,117,1022500,1025000
4,117,1025000,1027500
4,117,1067500,1070000
4,117,1075000,1077500
4,117,1105000,1107500
4,117,1107500,1110000
4,117,1110000,1112500
5,117,20000,22500
5,117,25000,27500
5,117,32500,35000
5,117,37500,40000
5,117,107500,110000
5,117,195000,197500
5,117,197500,200000
5,117,217500,220000
5,117,277500,280000
5,117,287500,290000
5,117,290000,292500
5,117,420000,422500
5,117,435000,437500
5,117,480000,482500
5,117,502500,505000
5,117,520000,522500
5,117,522500,525000
5,117,525000,527500
5,117,542500,545000
5,117,545000,547500
5,117,547500,550000
5,117,565000,567500
5,117,567500,570000
5,117,570000,572500
5,117,572500,575000
5,117,577500,580000
5,117,615000,617500
5,117,647500,650000
5,117,652500,655000
5,117,692500,695000
5,117,695000,697500
5,117,732500,735000
5,117,737500,740000
5,117,750000,752500
5,117,752500,755000
5,117,782500,785000
5,117,797500,800000
5,117,845000,847500
5,117,880000,882500
5,117,1007500,1010000
5,117,1020000,1022500
5,117,1022500,1025000
5,117,1065000,1067500
5,117,1072500,1075000
5,117,1102500,1105000
5,117,1105000,1107500
5,117,1107500,1110000
0,118,17500,20000
0,118,47500,50000
0,118,72500,75000
0,118,80000,82500
0,118,82500,85000
0,118,437500,440000
0,118,540000,542500
0,118,582500,585000
0,118,657500,660000
0,118,752500,755000
0,118,755000,757500
0,118,767500,770000
0,118,920000,922500
0,118,930000,932500
0,118,937500,940000
0,118,940000,942500
0,118,972500,975000
0,118,1015000,1017500
0,118,1017500,1020000
1,118,15000,17500
1,118,45000,47500
1,118,70000,72500
1,118,77500,80000
1,118,80000,82500
1,118,435000,437500
1,118,537500,540000
1,118,580000,582500
1,118,655000,657500
1,118,750000,752500
1,118,752500,755000
1,118,765000,767500
1,118,917500,920000
1,118,927500,930000
1,118,935000,937500
1,118,937500,940000
1,118,970000,972500
1,118,1012500,1015000
1,118,1015000,1017500
2,118,22500,25000
2,118,35000,37500
2,118,100000,102500
2,118,105000,107500
2,118,107500,110000
2,118,110000,112500
2,118,127500,130000
2,118,172500,175000
2,118,175000,177500
2,118,177500,180000
2,118,197500,200000
2,118,200000,202500
2,118,210000,212500
2,118,212500,215000
2,118,215000,217500
2,118,222500,225000
2,118,225000,227500
2,118,227500,230000
2,118,235000,237500
2,118,242500,245000
2,118,245000,247500
2,118,247500,250000
2,118,250000,252500
2,118,252500,255000
2,118,265000,267500
2,118,267500,270000
2,118,270000,272500
2,118,272500,275000
2,118,275000,277500
2,118,277500,280000
2,118,280000,282500
2,118,282500,285000
2,118,285000,287500
2,118,287500,290000
2,118,290000,292500
2,118,292500,295000
2,118,295000,297500
2,118,297500,300000
2,118,300000,302500
2,118,305000,307500
2,118,307500,310000
2,118,315000,317500
2,118,317500,320000
2,118,320000,322500
2,118,322500,325000
2,118,325000,327500
2,118,330000,332500
2,118,332500,335000
2,118,335000,337500
2,118,337500,340000
2,118,340000,342500
2,118,342500,345000
2,118,345000,347500
2,118,347500,350000
2,118,350000,352500
2,118,352500,355000
2,118,365000,367500
2,118,377500,380000
2,118,380000,382500
2,118,410000,412500
2,118,412500,415000
2,118,415000,417500
2,118,417500,420000
2,118,420000,422500
2,118,422500,425000
2,118,430000,432500
2,118,450000,452500
2,118,457500,460000
2,118,482500,485000
2,118,485000,487500
2,118,487500,490000
2,118,497500,500000
2,118,500000,502500
2,118,517500,520000
2,118,552500,555000
2,118,555000,557500
2,118,557500,560000
2,118,560000,562500
2,118,562500,565000
2,118,590000,592500
2,118,640000,642500
2,118,642500,645000
2,118,662500,665000
2,118,665000,667500
2,118,667500,670000
2,118,672500,675000
2,118,675000,677500
2,118,680000,682500
2,118,687500,690000
2,118,690000,692500
2,118,692500,695000
2,118,697500,700000
2,118,882500,885000
2,118,947500,950000
2,118,992500,995000
2,118,1000000,1002500
2,118,1010000,1012500
2,118,1017500,1020000
2,118,1020000,1022500
2,118,1022500,1025000
2,118,1025000,1027500
2,118,1027500,1030000
2,118,1032500,1035000
2,118,1035000,1037500
2,118,1037500,1040000
2,118,1075000,1077500
2,118,1077500,1080000
2,118,1085000,1087500
2,118,1090000,1092500
2,118,1102500,1105000
2,118,1105000,1107500
2,118,1110000,1112500
3,118,20000,22500
3,118,32500,35000
3,118,97500,100000
3,118,102500,105000
3,118,105000,107500
3,118,107500,110000
3,118,125000,127500
3,118,170000,172500
3,118,172500,175000
3,118,175000,177500
3,118,195000,197500
3,118,197500,200000
3,118,207500,210000
3,118,210000,212500
3,118,212500,215000
3,118,220000,222500
3,118,222500,225000
3,118,225000,227500
3,118,232500,235000
3,118,240000,242500
3,118,242500,245000
3,118,245000,247500
3,118,247500,250000
3,118,250000,252500
3,118,257500,260000
3,118,260000,262500
3,118,267500,270000
3,118,270000,272500
3,118,272500,275000
3,118,275000,277500
3,118,277500,280000
3,118,280000,282500
3,118,282500,285000
3,118,285000,287500
3,118,287500,290000
3,118,290000,292500
3,118,292500,295000
3,118,295000,297500
3,118,297500,300000
3,118,302500,305000
3,118,305000,307500
3,118,312500,315000
3,118,315000,317500
3,118,317500,320000
3,118,320000,322500
3,118,322500,325000
3,118,327500,330000
3,118,330000,332500
3,118,332500,335000
3,118,335000,337500
3,118,337500,340000
3,118,340000,342500
3,118,342500,345000
3,118,345000,347500
3,118,347500,350000
3,118,350000,352500
3,118,375000,377500
3,118,377500,380000
3,118,407500,410000
3,118,410000,412500
3,118,412500,415000
3,118,415000,417500
3,118,417500,420000
3,118,420000,422500
3,118,427500,430000
3,118,447500,450000
3,118,455000,457500
3,118,480000,482500
3,118,482500,485000
3,118,485000,487500
3,118,497500,500000
3,118,550000,552500
3,118,552500,555000
3,118,555000,557500
3,118,557500,560000
3,118,560000,562500
3,118,587500,590000
3,118,637500,640000
3,118,640000,642500
3,118,660000,662500
3,118,662500,665000
3,118,665000,667500
3,118,670000,672500
3,118,672500,675000
3,118,677500,680000
3,118,685000,687500
3,118,687500,690000
3,118,690000,692500
3,118,695000,697500
3,118,880000,882500
3,118,945000,947500
3,118,990000,992500
3,118,997500,1000000
3,118,1007500,1010000
3,118,1015000,1017500
3,118,1017500,1020000
3,118,1020000,1022500
3,118,1022500,1025000
3,118,1025000,1027500
3,118,1030000,1032500
3,118,1032500,1035000
3,118,1035000,1037500
3,118,1072500,1075000
3,118,1075000,1077500
3,118,1082500,1085000
3,118,1087500,1090000
3,118,1100000,1102500
3,118,1102500,1105000
3,118,1107500,1110000
3,118,1122500,1125000
4,118,110000,112500
4,118,245000,247500
4,118,247500,250000
4,118,335000,337500
4,118,522500,525000
4,118,525000,527500
4,118,730000,732500
4,118,732500,735000
4,118,1015000,1017500
4,118,1017500,1020000
4,118,1020000,1022500
4,118,1022500,1025000
4,118,1067500,1070000
5,118,107500,110000
5,118,242500,245000
5,118,245000,247500
5,118,332500,335000
5,118,520000,522500
5,118,522500,525000
5,118,727500,730000
5,118,730000,732500
5,118,1012500,1015000
5,118,1015000,1017500
5,118,1017500,1020000
5,118,1020000,1022500
5,118,1065000,1067500
5,118,1122500,1125000
0,119,0,2500
0,119,7500,10000
0,119,15000,17500
0,119,20000,22500
0,119,30000,32500
0,119,32500,35000
0,119,40000,42500
0,119,47500,50000
0,119,52500,55000
0,119,55000,57500
0,119,60000,62500
0,119,62500,65000
0,119,70000,72500
0,119,72500,75000
0,119,75000,77500
0,119,77500,80000
0,119,87500,90000
0,119,92500,95000
0,119,97500,100000
0,119,100000,102500
0,119,107500,110000
0,119,110000,112500
0,119,112500,115000
0,119,115000,117500
0,119,117500,120000
0,119,120000,122500
0,119,122500,125000
0,119,125000,127500
0,119,127500,130000
0,119,130000,132500
0,119,132500,135000
0,119,135000,137500
0,119,137500,140000
0,119,142500,145000
0,119,145000,147500
0,119,147500,150000
0,119,150000,152500
0,119,152500,155000
0,119,157500,160000
0,119,160000,162500
0,119,165000,167500
0,119,172500,175000
0,119,177500,180000
0,119,180000,182500
0,119,182500,185000
0,119,192500,195000
0,119,195000,197500
0,119,197500,200000
0,119,205000,207500
0,119,207500,210000
0,119,215000,217500
0,119,217500,220000
0,119,220000,222500
0,119,227500,230000
0,119,230000,232500
0,119,235000,237500
0,119,240000,242500
0,119,242500,245000
0,119,260000,262500
0,119,287500,290000
0,119,292500,295000
0,119,295000,297500
0,119,302500,305000
0,119,305000,307500
0,119,312500,315000
0,119,327500,330000
0,119,330000,332500
0,119,337500,340000
0,119,340000,342500
0,119,347500,350000
0,119,350000,352500
0,119,352500,355000
0,119,355000,357500
0,119,357500,360000
0,119,367500,370000
0,119,370000,372500
0,119,372500,375000
0,119,382500,385000
0,119,410000,412500
0,119,412500,415000
0,119,415000,417500
0,119,422500,425000
0,119,425000,427500
0,119,432500,435000
0,119,435000,437500
0,119,437500,440000
0,119,440000,442500
0,119,450000,452500
0,119,452500,455000
0,119,455000,457500
0,119,457500,460000
0,119,460000,462500
0,119,462500,465000
0,119,470000,472500
0,119,472500,475000
0,119,475000,477500
0,119,477500,480000
0,119,480000,482500
0,119,482500,485000
0,119,485000,487500
0,119,487500,490000
0,119,492500,495000
0,119,495000,497500
0,119,500000,502500
0,119,502500,505000
0,119,505000,507500
0,119,507500,510000
0,119,510000,512500
0,119,512500,515000
0,119,515000,517500
0,119,517500,520000
0,119,520000,522500
0,119,522500,525000
0,119,525000,527500
0,119,527500,530000
0,119,530000,532500
0,119,532500,535000
0,119,537500,540000
0,119,540000,542500
0,119,542500,545000
0,119,545000,547500
0,119,547500,550000
0,119,550000,552500
0,119,552500,555000
0,119,555000,557500
0,119,557500,560000
0,119,560000,562500
0,119,562500,565000
0,119,565000,567500
0,119,567500,570000
0,119,570000,572500
0,119,572500,575000
0,119,575000,577500
0,119,577500,580000
0,119,582500,585000
0,119,585000,587500
0,119,587500,590000
0,119,590000,592500
0,119,592500,595000
0,119,595000,597500
0,119,600000,602500
0,119,602500,605000
0,119,605000,607500
0,119,607500,610000
0,119,612500,615000
0,119,615000,617500
0,119,617500,620000
0,119,625000,627500
0,119,627500,630000
0,119,632500,635000
0,119,635000,637500
0,119,637500,640000
0,119,640000,642500
0,119,642500,645000
0,119,645000,647500
0,119,647500,650000
0,119,650000,652500
0,119,652500,655000
0,119,655000,657500
0,119,657500,660000
0,119,662500,665000
0,119,665000,667500
0,119,667500,670000
0,119,670000,672500
0,119,672500,675000
0,119,675000,677500
0,119,677500,680000
0,119,680000,682500
0,119,682500,685000
0,119,685000,687500
0,119,687500,690000
0,119,695000,697500
0,119,697500,700000
0,119,702500,705000
0,119,705000,707500
0,119,722500,725000
0,119,725000,727500
0,119,727500,730000
0,119,730000,732500
0,119,732500,735000
0,119,735000,737500
0,119,737500,740000
0,119,740000,742500
0,119,742500,745000
0,119,750000,752500
0,119,752500,755000
0,119,755000,757500
0,119,757500,760000
0,119,760000,762500
0,119,762500,765000
0,119,765000,767500
0,119,767500,770000
0,119,772500,775000
0,119,775000,777500
0,119,777500,780000
0,119,780000,782500
0,119,782500,785000
0,119,785000,787500
0,119,787500,790000
0,119,790000,792500
0,119,792500,795000
0,119,795000,797500
0,119,797500,800000
0,119,800000,802500
0,119,802500,805000
0,119,805000,807500
0,119,807500,810000
0,119,810000,812500
0,119,812500,815000
0,119,815000,817500
0,119,817500,820000
0,119,820000,822500
0,119,822500,825000
0,119,825000,827500
0,119,830000,832500
0,119,832500,835000
0,119,835000,837500
0,119,837500,840000
0,119,840000,842500
0,119,842500,845000
0,119,845000,847500
0,119,847500,850000
0,119,850000,852500
0,119,852500,855000
0,119,855000,857500
0,119,857500,860000
0,119,860000,862500
0,119,862500,865000
0,119,865000,867500
0,119,880000,882500
0,119,882500,885000
0,119,885000,887500
0,119,887500,890000
0,119,890000,892500
0,119,892500,895000
0,119,940000,942500
0,119,955000,957500
0,119,965000,967500
0,119,970000,972500
1,119,5000,7500
1,119,12500,15000
1,119,15000,17500
1,119,17500,20000
1,119,27500,30000
1,119,30000,32500
1,119,37500,40000
1,119,45000,47500
1,119,50000,52500
1,119,52500,55000
1,119,57500,60000
1,119,60000,62500
1,119,65000,67500
1,119,67500,70000
1,119,72500,75000
1,119,75000,77500
1,119,85000,87500
1,119,90000,92500
1,119,95000,97500
1,119,97500,100000
1,119,102500,105000
1,119,105000,107500
1,119,110000,112500
1,119,112500,115000
1,119,115000,117500
1,119,117500,120000
1,119,120000,122500
1,119,122500,125000
1,119,125000,127500
1,119,127500,130000
1,119,130000,132500
1,119,132500,135000
1,119,135000,137500
1,119,140000,142500
1,119,142500,145000
1,119,145000,147500
1,119,147500,150000
1,119,150000,152500
1,119,155000,157500
1,119,157500,160000
1,119,162500,165000
1,119,165000,167500
1,119,167500,170000
1,119,175000,177500
1,119,180000,182500
1,119,187500,190000
1,119,190000,192500
1,119,195000,197500
1,119,202500,205000
1,119,205000,207500
1,119,207500,210000
1,119,210000,212500
1,119,217500,220000
1,119,225000,227500
1,119,227500,230000
1,119,230000,232500
1,119,232500,235000
1,119,237500,240000
1,119,257500,260000
1,119,285000,287500
1,119,287500,290000
1,119,290000,292500
1,119,300000,302500
1,119,302500,305000
1,119,310000,312500
1,119,312500,315000
1,119,315000,317500
1,119,325000,327500
1,119,327500,330000
1,119,330000,332500
1,119,332500,335000
1,119,345000,347500
1,119,347500,350000
1,119,350000,352500
1,119,352500,355000
1,119,355000,357500
1,119,357500,360000
1,119,360000,362500
1,119,370000,372500
1,119,372500,375000
1,119,375000,377500
1,119,407500,410000
1,119,410000,412500
1,119,412500,415000
1,119,420000,422500
1,119,422500,425000
1,119,425000,427500
1,119,427500,430000
1,119,435000,437500
1,119,437500,440000
1,119,447500,450000
1,119,450000,452500
1,119,452500,455000
1,119,455000,457500
1,119,457500,460000
1,119,460000,462500
1,119,467500,470000
1,119,470000,472500
1,119,472500,475000
1,119,475000,477500
1,119,477500,480000
1,119,480000,482500
1,119,482500,485000
1,119,485000,487500
1,119,487500,490000
1,119,490000,492500
1,119,497500,500000
1,119,500000,502500
1,119,502500,505000
1,119,505000,507500
1,119,507500,510000
1,119,510000,512500
1,119,512500,515000
1,119,515000,517500
1,119,517500,520000
1,119,520000,522500
1,119,522500,525000
1,119,525000,527500
1,119,527500,530000
1,119,530000,532500
1,119,532500,535000
1,119,535000,537500
1,119,540000,542500
1,119,542500,545000
1,119,545000,547500
1,119,547500,550000
1,119,550000,552500
1,119,552500,555000
1,119,555000,557500
1,119,557500,560000
1,119,560000,562500
1,119,562500,565000
1,119,565000,567500
1,119,567500,570000
1,119,570000,572500
1,119,572500,575000
1,119,575000,577500
1,119,577500,580000
1,119,580000,582500
1,119,585000,587500
1,119,587500,590000
1,119,590000,592500
1,119,592500,595000
1,119,597500,600000
1,119,600000,602500
1,119,602500,605000
1,119,605000,607500
1,119,607500,610000
1,119,610000,612500
1,119,615000,617500
1,119,622500,625000
1,119,625000,627500
1,119,630000,632500
1,119,632500,635000
1,119,635000,637500
1,119,637500,640000
1,119,640000,642500
1,119,642500,645000
1,119,645000,647500
1,119,647500,650000
1,119,650000,652500
1,119,652500,655000
1,119,655000,657500
1,119,657500,660000
1,119,660000,662500
1,119,665000,667500
1,119,667500,670000
1,119,670000,672500
1,119,672500,675000
1,119,675000,677500
1,119,677500,680000
1,119,680000,682500
1,119,682500,685000
1,119,685000,687500
1,119,692500,695000
1,119,695000,697500
1,119,700000,702500
1,119,702500,705000
1,119,720000,722500
1,119,722500,725000
1,119,725000,727500
1,119,727500,730000
1,119,730000,732500
1,119,732500,735000
1,119,735000,737500
1,119,737500,740000
1,119,740000,742500
1,119,747500,750000
1,119,750000,752500
1,119,752500,755000
1,119,755000,757500
1,119,757500,760000
1,119,760000,762500
1,119,762500,765000
1,119,765000,767500
1,119,770000,772500
1,119,772500,775000
1,119,775000,777500
1,119,777500,780000
1,119,780000,782500
1,119,782500,785000
1,119,785000,787500
1,119,787500,790000
1,119,790000,792500
1,119,792500,795000
1,119,795000,797500
1,119,797500,800000
1,119,800000,802500
1,119,802500,805000
1,119,805000,807500
1,119,807500,810000
1,119,810000,812500
1,119,812500,815000
1,119,815000,817500
1,119,817500,820000
1,119,820000,822500
1,119,822500,825000
1,119,825000,827500
1,119,827500,830000
1,119,832500,835000
1,119,835000,837500
1,119,837500,840000
1,119,840000,842500
1,119,842500,845000
1,119,845000,847500
1,119,847500,850000
1,119,850000,852500
1,119,852500,855000
1,119,855000,857500
1,119,857500,860000
1,119,860000,862500
1,119,862500,865000
1,119,877500,880000
1,119,880000,882500
1,119,882500,885000
1,119,885000,887500
1,119,887500,890000
1,119,890000,892500
1,119,937500,940000
1,119,952500,955000
1,119,962500,965000
1,119,967500,970000
2,119,0,2500
2,119,2500,5000
2,119,5000,7500
2,119,7500,10000
2,119,10000,12500
2,119,12500,15000
2,119,15000,17500
2,119,20000,22500
2,119,22500,25000
2,119,25000,27500
2,119,27500,30000
2,119,30000,32500
2,119,32500,35000
2,119,35000,37500
2,119,37500,40000
2,119,40000,42500
2,119,42500,45000
2,119,45000,47500
2,119,47500,50000
2,119,50000,52500
2,119,52500,55000
2,119,55000,57500
2,119,57500,60000
2,119,60000,62500
2,119,62500,65000
2,119,65000,67500
2,119,70000,72500
2,119,72500,75000
2,119,77500,80000
2,119,82500,85000
2,119,85000,87500
2,119,87500,90000
2,119,90000,92500
2,119,92500,95000
2,119,100000,102500
2,119,102500,105000
2,119,107500,110000
2,119,110000,112500
2,119,112500,115000
2,119,115000,117500
2,119,117500,120000
2,119,120000,122500
2,119,125000,127500
2,119,127500,130000
2,119,130000,132500
2,119,132500,135000
2,119,137500,140000
2,119,145000,147500
2,119,147500,150000
2,119,150000,152500
2,119,152500,155000
2,119,155000,157500
2,119,157500,160000
2,119,160000,162500
2,119,162500,165000
2,119,165000,167500
2,119,172500,175000
2,119,177500,180000
2,119,180000,182500
2,119,182500,185000
2,119,185000,187500
2,119,187500,190000
2,119,192500,195000
2,119,195000,197500
2,119,197500,200000
2,119,200000,202500
2,119,202500,205000
2,119,205000,207500
2,119,207500,210000
2,119,215000,217500
2,119,217500,220000
2,119,220000,222500
2,119,222500,225000
2,119,225000,227500
2,119,227500,230000
2,119,230000,232500
2,119,235000,237500
2,119,240000,242500
2,119,242500,245000
2,119,245000,247500
2,119,247500,250000
2,119,250000,252500
2,119,252500,255000
2,119,255000,257500
2,119,257500,260000
2,119,260000,262500
2,119,262500,265000
2,119,265000,267500
2,119,267500,270000
2,119,270000,272500
2,119,272500,275000
2,119,275000,277500
2,119,277500,280000
2,119,280000,282500
2,119,282500,285000
2,119,285000,287500
2,119,287500,290000
2,119,292500,295000
2,119,295000,297500
2,119,297500,300000
2,119,300000,302500
2,119,302500,305000
2,119,305000,307500
2,119,307500,310000
2,119,310000,312500
2,119,322500,325000
2,119,325000,327500
2,119,327500,330000
2,119,330000,332500
2,119,337500,340000
2,119,340000,342500
2,119,342500,345000
2,119,345000,347500
2,119,347500,350000
2,119,350000,352500
2,119,352500,355000
2,119,355000,357500
2,119,357500,360000
2,119,367500,370000
2,119,372500,375000
2,119,380000,382500
2,119,382500,385000
2,119,385000,387500
2,119,387500,390000
2,119,390000,392500
2,119,407500,410000
2,119,410000,412500
2,119,412500,415000
2,119,415000,417500
2,119,417500,420000
2,119,420000,422500
2,119,422500,425000
2,119,425000,427500
2,119,432500,435000
2,119,435000,437500
2,119,447500,450000
2,119,450000,452500
2,119,452500,455000
2,119,455000,457500
2,119,457500,460000
2,119,460000,462500
2,119,462500,465000
2,119,470000,472500
2,119,472500,475000
2,119,480000,482500
2,119,482500,485000
2,119,485000,487500
2,119,487500,490000
2,119,492500,495000
2,119,495000,497500
2,119,497500,500000
2,119,500000,502500
2,119,505000,507500
2,119,510000,512500
2,119,512500,515000
2,119,515000,517500
2,119,517500,520000
2,119,537500,540000
2,119,552500,555000
2,119,555000,557500
2,119,557500,560000
2,119,560000,562500
2,119,562500,565000
2,119,587500,590000
2,119,590000,592500
2,119,612500,615000
2,119,642500,645000
2,119,645000,647500
2,119,662500,665000
2,119,665000,667500
2,119,672500,675000
2,119,677500,680000
2,119,680000,682500
2,119,682500,685000
2,119,685000,687500
2,119,687500,690000
2,119,690000,692500
2,119,692500,695000
2,119,697500,700000
2,119,700000,702500
2,119,702500,705000
2,119,705000,707500
2,119,707500,710000
2,119,710000,712500
2,119,712500,715000
2,119,715000,717500
2,119,717500,720000
2,119,720000,722500
2,119,722500,725000
2,119,735000,737500
2,119,737500,740000
2,119,740000,742500
2,119,742500,745000
2,119,745000,747500
2,119,760000,762500
2,119,765000,767500
2,119,767500,770000
2,119,770000,772500
2,119,780000,782500
2,119,785000,787500
2,119,787500,790000
2,119,790000,792500
2,119,795000,797500
2,119,797500,800000
2,119,800000,802500
2,119,802500,805000
2,119,807500,810000
2,119,810000,812500
2,119,812500,815000
2,119,815000,817500
2,119,830000,832500
2,119,832500,835000
2,119,837500,840000
2,119,847500,850000
2,119,850000,852500
2,119,852500,855000
2,119,855000,857500
2,119,865000,867500
2,119,867500,870000
2,119,870000,872500
2,119,872500,875000
2,119,880000,882500
2,119,882500,885000
2,119,885000,887500
2,119,887500,890000
2,119,925000,927500
2,119,927500,930000
2,119,942500,945000
2,119,945000,947500
2,119,947500,950000
2,119,950000,952500
2,119,952500,955000
2,119,955000,957500
2,119,957500,960000
2,119,960000,962500
2,119,962500,965000
2,119,965000,967500
2,119,980000,982500
2,119,982500,985000
2,119,990000,992500
2,119,992500,995000
2,119,995000,997500
2,119,1000000,1002500
2,119,1002500,1005000
2,119,1007500,1010000
2,119,1010000,1012500
2,119,1012500,1015000
2,119,1015000,1017500
2,119,1017500,1020000
2,119,1020000,1022500
2,119,1022500,1025000
2,119,1025000,1027500
2,119,1027500,1030000
2,119,1030000,1032500
2,119,1035000,1037500
2,119,1037500,1040000
2,119,1040000,1042500
2,119,1042500,1045000
2,119,1045000,1047500
2,119,1047500,1050000
2,119,1050000,1052500
2,119,1060000,1062500
2,119,1062500,1065000
2,119,1065000,1067500
2,119,1067500,1070000
2,119,1070000,1072500
2,119,1072500,1075000
2,119,1075000,1077500
2,119,1077500,1080000
2,119,1080000,1082500
2,119,1082500,1085000
2,119,1085000,1087500
2,119,1087500,1090000
2,119,1090000,1092500
2,119,1092500,1095000
2,119,1095000,1097500
2,119,1097500,1100000
2,119,1100000,1102500
2,119,1102500,1105000
2,119,1105000,1107500
2,119,1107500,1110000
2,119,1110000,1112500
2,119,1112500,1115000
2,119,1115000,1117500
2,119,1117500,1120000
2,119,1120000,1122500
3,119,0,2500
3,119,2500,5000
3,119,5000,7500
3,119,7500,10000
3,119,10000,12500
3,119,12500,15000
3,119,15000,17500
3,119,17500,20000
3,119,22500,25000
3,119,25000,27500
3,119,27500,30000
3,119,30000,32500
3,119,32500,35000
3,119,35000,37500
3,119,37500,40000
3,119,40000,42500
3,119,42500,45000
3,119,45000,47500
3,119,47500,50000
3,119,50000,52500
3,119,52500,55000
3,119,55000,57500
3,119,57500,60000
3,119,60000,62500
3,119,62500,65000
3,119,65000,67500
3,119,67500,70000
3,119,75000,77500
3,119,80000,82500
3,119,82500,85000
3,119,85000,87500
3,119,87500,90000
3,119,90000,92500
3,119,97500,100000
3,119,100000,102500
3,119,102500,105000
3,119,105000,107500
3,119,110000,112500
3,119,112500,115000
3,119,115000,117500
3,119,117500,120000
3,119,122500,125000
3,119,125000,127500
3,119,127500,130000
3,119,130000,132500
3,119,135000,137500
3,119,142500,145000
3,119,145000,147500
3,119,147500,150000
3,119,150000,152500
3,119,152500,155000
3,119,155000,157500
3,119,157500,160000
3,119,160000,162500
3,119,162500,165000
3,119,165000,167500
3,119,167500,170000
3,119,175000,177500
3,119,180000,182500
3,119,182500,185000
3,119,185000,187500
3,119,187500,190000
3,119,190000,192500
3,119,195000,197500
3,119,197500,200000
3,119,200000,202500
3,119,202500,205000
3,119,205000,207500
3,119,207500,210000
3,119,210000,212500
3,119,217500,220000
3,119,220000,222500
3,119,222500,225000
3,119,225000,227500
3,119,227500,230000
3,119,230000,232500
3,119,232500,235000
3,119,237500,240000
3,119,242500,245000
3,119,245000,247500
3,119,247500,250000
3,119,250000,252500
3,119,252500,255000
3,119,255000,257500
3,119,257500,260000
3,119,260000,262500
3,119,262500,265000
3,119,265000,267500
3,119,267500,270000
3,119,270000,272500
3,119,272500,275000
3,119,275000,277500
3,119,277500,280000
3,119,280000,282500
3,119,282500,285000
3,119,285000,287500
3,119,287500,290000
3,119,290000,292500
3,119,295000,297500
3,119,297500,300000
3,119,300000,302500
3,119,302500,305000
3,119,305000,307500
3,119,307500,310000
3,119,312500,315000
3,119,315000,317500
3,119,325000,327500
3,119,327500,330000
3,119,330000,332500
3,119,332500,335000
3,119,340000,342500
3,119,342500,345000
3,119,345000,347500
3,119,347500,350000
3,119,350000,352500
3,119,352500,355000
3,119,355000,357500
3,119,357500,360000
3,119,360000,362500
3,119,370000,372500
3,119,375000,377500
3,119,382500,385000
3,119,385000,387500
3,119,387500,390000
3,119,405000,407500
3,119,407500,410000
3,119,410000,412500
3,119,412500,415000
3,119,415000,417500
3,119,417500,420000
3,119,420000,422500
3,119,422500,425000
3,119,425000,427500
3,119,427500,430000
3,119,445000,447500
3,119,447500,450000
3,119,450000,452500
3,119,452500,455000
3,119,455000,457500
3,119,457500,460000
3,119,460000,462500
3,119,467500,470000
3,119,470000,472500
3,119,477500,480000
3,119,480000,482500
3,119,482500,485000
3,119,485000,487500
3,119,490000,492500
3,119,495000,497500
3,119,497500,500000
3,119,502500,505000
3,119,507500,510000
3,119,510000,512500
3,119,512500,515000
3,119,515000,517500
3,119,532500,535000
3,119,535000,537500
3,119,550000,552500
3,119,552500,555000
3,119,555000,557500
3,119,557500,560000
3,119,560000,562500
3,119,577500,580000
3,119,585000,587500
3,119,587500,590000
3,119,610000,612500
3,119,640000,642500
3,119,642500,645000
3,119,660000,662500
3,119,670000,672500
3,119,675000,677500
3,119,677500,680000
3,119,680000,682500
3,119,682500,685000
3,119,685000,687500
3,119,687500,690000
3,119,690000,692500
3,119,695000,697500
3,119,697500,700000
3,119,700000,702500
3,119,702500,705000
3,119,705000,707500
3,119,707500,710000
3,119,710000,712500
3,119,712500,715000
3,119,715000,717500
3,119,717500,720000
3,119,720000,722500
3,119,732500,735000
3,119,735000,737500
3,119,737500,740000
3,119,740000,742500
3,119,742500,745000
3,119,757500,760000
3,119,762500,765000
3,119,765000,767500
3,119,767500,770000
3,119,777500,780000
3,119,782500,785000
3,119,785000,787500
3,119,787500,790000
3,119,792500,795000
3,119,795000,797500
3,119,797500,800000
3,119,800000,802500
3,119,805000,807500
3,119,807500,810000
3,119,810000,812500
3,119,812500,815000
3,119,827500,830000
3,119,835000,837500
3,119,845000,847500
3,119,847500,850000
3,119,850000,852500
3,119,852500,855000
3,119,862500,865000
3,119,865000,867500
3,119,867500,870000
3,119,870000,872500
3,119,877500,880000
3,119,880000,882500
3,119,882500,885000
3,119,885000,887500
3,119,922500,925000
3,119,925000,927500
3,119,940000,942500
3,119,942500,945000
3,119,945000,947500
3,119,947500,950000
3,119,950000,952500
3,119,952500,955000
3,119,955000,957500
3,119,957500,960000
3,119,960000,962500
3,119,962500,965000
3,119,977500,980000
3,119,980000,982500
3,119,987500,990000
3,119,990000,992500
3,119,992500,995000
3,119,997500,1000000
3,119,1000000,1002500
3,119,1005000,1007500
3,119,1007500,1010000
3,119,1010000,1012500
3,119,1012500,1015000
3,119,1015000,1017500
3,119,1017500,1020000
3,119,1020000,1022500
3,119,1022500,1025000
3,119,1025000,1027500
3,119,1027500,1030000
3,119,1030000,1032500
3,119,1032500,1035000
3,119,1037500,1040000
3,119,1040000,1042500
3,119,1042500,1045000
3,119,1045000,1047500
3,119,1047500,1050000
3,119,1057500,1060000
3,119,1060000,1062500
3,119,1062500,1065000
3,119,1065000,1067500
3,119,1067500,1070000
3,119,1070000,1072500
3,119,1072500,1075000
3,119,1075000,1077500
3,119,1077500,1080000
3,119,1080000,1082500
3,119,1082500,1085000
3,119,1085000,1087500
3,119,1087500,1090000
3,119,1090000,1092500
3,119,1092500,1095000
3,119,1095000,1097500
3,119,1097500,1100000
3,119,1100000,1102500
3,119,1102500,1105000
3,119,1105000,1107500
3,119,1107500,1110000
3,119,1110000,1112500
3,119,1112500,1115000
3,119,1115000,1117500
3,119,1117500,1120000
3,119,1120000,1122500
3,119,1122500,1125000
