seq_id,user,camera,system,emotion_id,start,end,duration_windows
0,P01,DL,FR,5,0,2178,2178
0,P01,DL,FR,6,2178,2310,132
0,P01,DL,FR,5,2310,2699,389
0,P01,DL,FR,4,2699,3059,360
0,P01,DL,FR,1,3059,3104,45
0,P01,DL,FR,5,3104,3348,244
0,P01,DL,FR,6,3348,4844,1496
0,P01,DL,FR,3,4844,5632,788
0,P01,DL,FR,6,5632,14143,8511
0,P01,DL,FR,5,14143,14376,233
0,P01,DL,FR,6,14376,15348,972
0,P01,DL,FR,5,15348,16137,789
0,P01,DL,FR,6,16137,17175,1038
0,P01,DL,FR,5,17175,17864,689
0,P01,DL,FR,6,17864,17953,89
0,P01,DL,FR,1,17953,18048,95
0,P01,DL,FR,6,18048,18410,362
0,P01,DL,FR,1,18410,18704,294
0,P01,DL,FR,6,18704,21416,2712
0,P01,DL,FR,5,21416,21757,341
0,P01,DL,FR,6,21757,22442,685
0,P01,DL,FR,1,22442,22722,280
0,P01,DL,FR,6,22722,40174,17452
0,P01,DL,FR,4,40174,41120,946
0,P01,DL,FR,6,41120,52515,11395
0,P01,DL,FR,1,52515,52543,28
0,P01,DL,FR,6,52543,53930,1387
0,P01,DL,FR,4,53930,54102,172
0,P01,DL,FR,6,54102,61043,6941
0,P01,DL,FR,5,61043,61723,680
0,P01,DL,FR,6,61723,72493,10770
0,P01,DL,FR,1,72493,73650,1157
0,P01,DL,FR,6,73650,76197,2547
0,P01,DL,FR,5,76197,76647,450
0,P01,DL,FR,6,76647,96138,19491
0,P01,DL,FR,5,96138,96460,322
0,P01,DL,FR,6,96460,104323,7863
0,P01,DL,FR,5,104323,105892,1569
0,P01,DL,FR,6,105892,108617,2725
0,P01,DL,FR,5,108617,109744,1127
0,P01,DL,FR,6,109744,114904,5160
0,P01,DL,FR,5,114904,115532,628
0,P01,DL,FR,6,115532,121721,6189
0,P01,DL,FR,5,121721,122398,677
0,P01,DL,FR,6,122398,144200,21802
0,P01,DL,FR,5,144200,150955,6755
0,P01,DL,FR,6,150955,158050,7095
0,P01,DL,FR,5,158050,159478,1428
0,P01,DL,FR,6,159478,161628,2150
0,P01,DL,FR,1,161628,164314,2686
0,P01,DL,FR,5,164314,166895,2581
0,P01,DL,FR,6,166895,166934,39
0,P01,DL,FR,3,166934,167274,340
0,P01,DL,FR,6,167274,167819,545
0,P01,DL,FR,5,167819,167889,70
0,P01,DL,FR,6,167889,181939,14050
0,P01,DL,FR,4,181939,191762,9823
0,P01,DL,FR,6,191762,192226,464
0,P01,DL,FR,4,192226,192499,273
0,P01,DL,FR,6,192499,192905,406
0,P01,DL,FR,4,192905,193851,946
0,P01,DL,FR,6,193851,194329,478
0,P01,DL,FR,5,194329,202118,7789
0,P01,DL,FR,6,202118,209632,7514
0,P01,DL,FR,4,209632,210708,1076
0,P01,DL,FR,6,210708,212041,1333
0,P01,DL,FR,5,212041,214632,2591
0,P01,DL,FR,4,214632,214879,247
0,P01,DL,FR,5,214879,215223,344
0,P01,DL,FR,4,215223,216048,825
0,P01,DL,FR,5,216048,216437,389
0,P01,DL,FR,4,216437,217007,570
0,P01,DL,FR,5,217007,218005,998
0,P01,DL,FR,4,218005,219515,1510
0,P01,DL,FR,5,219515,219558,43
0,P01,DL,FR,6,219558,227731,8173
0,P01,DL,FR,4,227731,229092,1361
0,P01,DL,FR,6,229092,233981,4889
0,P01,DL,FR,2,233981,235196,1215
0,P01,DL,FR,6,235196,237967,2771
0,P01,DL,FR,4,237967,239783,1816
0,P01,DL,FR,1,239783,240143,360
0,P01,DL,FR,6,240143,261654,21511
0,P01,DL,FR,1,261654,262826,1172
0,P01,DL,FR,6,262826,262929,103
0,P01,DL,FR,1,262929,263190,261
0,P01,DL,FR,6,263190,263840,650
0,P01,DL,FR,5,263840,265765,1925
0,P01,DL,FR,6,265765,266668,903
0,P01,DL,FR,1,266668,267012,344
0,P01,DL,FR,4,267012,267547,535
0,P01,DL,FR,6,267547,267990,443
0,P01,DL,FR,4,267990,268016,26
0,P01,DL,FR,5,268016,268130,114
0,P01,DL,FR,6,268130,270971,2841
0,P01,DL,FR,5,270971,271215,244
0,P01,DL,FR,6,271215,284133,12918
0,P01,DL,FR,1,284133,288708,4575
0,P01,DL,FR,6,288708,294431,5723
0,P01,DL,FR,5,294431,296771,2340
0,P01,DL,FR,6,296771,300969,4198
0,P01,DL,FR,5,300969,303972,3003
0,P01,DL,FR,6,303972,304852,880
0,P01,DL,FR,3,304852,305312,460
0,P01,DL,FR,6,305312,312894,7582
0,P01,DL,FR,1,312894,317824,4930
0,P01,DL,FR,6,317824,317841,17
0,P01,DL,FR,3,317841,318536,695
0,P01,DL,FR,6,318536,318630,94
0,P01,DL,FR,4,318630,320924,2294
0,P01,DL,FR,6,320924,363696,42772
0,P01,DL,FR,4,363696,364173,477
0,P01,DL,FR,6,364173,368734,4561
0,P01,DL,FR,4,368734,369437,703
0,P01,DL,FR,6,369437,370066,629
0,P01,DL,FR,4,370066,371047,981
0,P01,DL,FR,6,371047,371617,570
0,P01,DL,FR,5,371617,373106,1489
0,P01,DL,FR,6,373106,380058,6952
0,P01,DL,FR,1,380058,382729,2671
0,P01,DL,FR,3,382729,386461,3732
0,P01,DL,FR,1,386461,388357,1896
0,P01,DL,FR,6,388357,389679,1322
0,P01,DL,FR,4,389679,390223,544
0,P01,DL,FR,6,390223,390465,242
0,P01,DL,FR,1,390465,391406,941
0,P01,DL,FR,6,391406,394927,3521
0,P01,DL,FR,5,394927,397627,2700
0,P01,DL,FR,6,397627,401303,3676
0,P01,DL,FR,5,401303,402955,1652
0,P01,DL,FR,6,402955,415817,12862
0,P01,DL,FR,3,415817,416630,813
0,P01,DL,FR,6,416630,420958,4328
0,P01,DL,FR,3,420958,427346,6388
0,P01,DL,FR,2,427346,428302,956
0,P01,DL,FR,4,428302,428656,354
0,P01,DL,FR,6,428656,428785,129
0,P01,DL,FR,4,428785,429347,562
0,P01,DL,FR,3,429347,430171,824
0,P01,DL,FR,6,430171,430478,307
0,P01,DL,FR,4,430478,431282,804
0,P01,DL,FR,6,431282,432762,1480
0,P01,DL,FR,5,432762,432833,71
0,P01,DL,FR,6,432833,436785,3952
0,P01,DL,FR,5,436785,437057,272
0,P01,DL,FR,6,437057,438639,1582
0,P01,DL,FR,4,438639,438947,308
0,P01,DL,FR,6,438947,443336,4389
0,P01,DL,FR,5,443336,446837,3501
0,P01,DL,FR,6,446837,447211,374
0,P01,DL,FR,5,447211,447325,114
0,P01,DL,FR,6,447325,450497,3172
0,P01,DL,FR,5,450497,450745,248
0,P01,DL,FR,6,450745,451082,337
0,P01,DL,FR,4,451082,454391,3309
0,P01,DL,FR,6,454391,455250,859
0,P01,DL,FR,3,455250,459920,4670
0,P01,DL,FR,6,459920,460800,880
0,P01,DL,FR,3,460800,461153,353
0,P01,DL,FR,6,461153,461884,731
0,P01,DL,FR,3,461884,463779,1895
0,P01,DL,FR,6,463779,464103,324
0,P01,DL,FR,4,464103,464330,227
0,P01,DL,FR,6,464330,465086,756
0,P01,DL,FR,4,465086,465476,390
0,P01,DL,FR,6,465476,466151,675
0,P01,DL,FR,4,466151,470349,4198
0,P01,DL,FR,6,470349,470495,146
0,P01,DL,FR,5,470495,470719,224
0,P01,DL,FR,6,470719,470766,47
0,P01,DL,FR,4,470766,470886,120
0,P01,DL,FR,6,470886,471050,164
0,P01,DL,FR,4,471050,471940,890
0,P01,DL,FR,6,471940,474276,2336
0,P01,DL,FR,5,474276,479471,5195
0,P01,DL,FR,4,479471,481882,2411
0,P01,DL,FR,6,481882,482436,554
0,P01,DL,FR,5,482436,482713,277
0,P01,DL,FR,6,482713,483087,374
0,P01,DL,FR,4,483087,483377,290
0,P01,DL,FR,6,483377,484359,982
0,P01,DL,FR,4,484359,488972,4613
0,P01,DL,FR,6,488972,493612,4640
0,P01,DL,FR,5,493612,494186,574
0,P01,DL,FR,6,494186,496294,2108
0,P01,DL,FR,5,496294,496477,183
0,P01,DL,FR,6,496477,500725,4248
0,P01,DL,FR,5,500725,500953,228
0,P01,DL,FR,6,500953,501214,261
0,P01,DL,FR,4,501214,503568,2354
0,P01,DL,FR,6,503568,504658,1090
0,P01,DL,FR,5,504658,505055,397
0,P01,DL,FR,6,505055,508566,3511
0,P01,DL,FR,5,508566,508651,85
0,P01,DL,FR,6,508651,510895,2244
0,P01,DL,FR,5,510895,511061,166
0,P01,DL,FR,6,511061,512401,1340
0,P01,DL,FR,5,512401,512663,262
0,P01,DL,FR,4,512663,519699,7036
0,P01,DL,FR,6,519699,524938,5239
0,P01,DL,FR,5,524938,525857,919
0,P01,DL,FR,4,525857,526136,279
0,P01,DL,FR,6,526136,527848,1712
0,P01,DL,FR,4,527848,528048,200
0,P01,DL,FR,6,528048,552348,24300
0,P01,DL,FR,5,552348,553592,1244
0,P01,DL,FR,6,553592,554452,860
0,P01,DL,FR,4,554452,554730,278
0,P01,DL,FR,6,554730,554826,96
0,P01,DL,FR,5,554826,555225,399
0,P01,DL,FR,4,555225,555326,101
0,P01,DL,FR,5,555326,555674,348
0,P01,DL,FR,4,555674,556152,478
0,P01,DL,FR,5,556152,556883,731
0,P01,DL,FR,6,556883,557683,800
0,P01,DL,FR,5,557683,558706,1023
0,P01,DL,FR,6,558706,559170,464
0,P01,DL,FR,5,559170,559290,120
0,P01,DL,FR,6,559290,565279,5989
0,P01,DL,FR,5,565279,565285,6
0,P01,DL,FR,6,565285,565560,275
0,P01,DL,FR,5,565560,566277,717
0,P01,DL,FR,6,566277,576935,10658
0,P01,DL,FR,5,576935,577187,252
0,P01,DL,FR,6,577187,577616,429
0,P01,DL,FR,5,577616,577970,354
0,P01,DL,FR,2,577970,578216,246
0,P01,DL,FR,6,578216,578457,241
0,P01,DL,FR,4,578457,580517,2060
0,P01,DL,FR,6,580517,582180,1663
0,P01,DL,FR,4,582180,582590,410
0,P01,DL,FR,5,582590,585390,2800
0,P01,DL,FR,6,585390,586138,748
0,P01,DL,FR,5,586138,588183,2045
0,P01,DL,FR,6,588183,588321,138
0,P01,DL,FR,5,588321,595373,7052
0,P01,DL,FR,6,595373,595695,322
0,P01,DL,FR,5,595695,596333,638
0,P01,DL,FR,6,596333,596339,6
0,P01,DL,FR,5,596339,596645,306
0,P01,DL,FR,6,596645,596811,166
0,P01,DL,FR,5,596811,597074,263
0,P01,DL,FR,6,597074,598000,926
0,P01,DL,FR,1,598000,598031,31
0,P01,DL,FR,6,598031,598314,283
0,P01,DL,FR,5,598314,598778,464
0,P01,DL,FR,6,598778,614837,16059
0,P01,DL,FR,4,614837,617357,2520
0,P01,DL,FR,6,617357,618082,725
0,P01,DL,FR,4,618082,619598,1516
0,P01,DL,FR,6,619598,626342,6744
0,P01,DL,FR,5,626342,626908,566
0,P01,DL,FR,6,626908,627076,168
0,P01,DL,FR,4,627076,628311,1235
0,P01,DL,FR,6,628311,636174,7863
0,P01,DL,FR,4,636174,636246,72
0,P01,DL,FR,6,636246,639011,2765
0,P01,DL,FR,5,639011,639158,147
0,P01,DL,FR,6,639158,639573,415
0,P01,DL,FR,5,639573,640133,560
0,P01,DL,FR,6,640133,642223,2090
0,P01,DL,FR,5,642223,642414,191
0,P01,DL,FR,6,642414,642653,239
0,P01,DL,FR,5,642653,643163,510
0,P01,DL,FR,6,643163,643270,107
0,P01,DL,FR,5,643270,644944,1674
0,P01,DL,FR,6,644944,650112,5168
0,P01,DL,FR,4,650112,652541,2429
0,P01,DL,FR,6,652541,663746,11205
0,P01,DL,FR,5,663746,664248,502
0,P01,DL,FR,6,664248,674337,10089
0,P01,DL,FR,5,674337,674667,330
0,P01,DL,FR,6,674667,674831,164
0,P01,DL,FR,4,674831,674915,84
0,P01,DL,FR,6,674915,675336,421
0,P01,DL,FR,4,675336,675465,129
0,P01,DL,FR,6,675465,675965,500
0,P01,DL,FR,5,675965,676122,157
0,P01,DL,FR,6,676122,677317,1195
0,P01,DL,FR,5,677317,677785,468
0,P01,DL,FR,4,677785,677980,195
0,P01,DL,FR,3,677980,679111,1131
0,P01,DL,FR,6,679111,687010,7899
0,P01,DL,FR,5,687010,687745,735
0,P01,DL,FR,6,687745,691781,4036
0,P01,DL,FR,5,691781,693490,1709
0,P01,DL,FR,6,693490,695114,1624
0,P01,DL,FR,5,695114,695589,475
0,P01,DL,FR,6,695589,708808,13219
0,P01,DL,FR,5,708808,709876,1068
0,P01,DL,FR,6,709876,710028,152
0,P01,DL,FR,5,710028,710368,340
0,P01,DL,FR,6,710368,710572,204
0,P01,DL,FR,5,710572,711043,471
0,P01,DL,FR,6,711043,711421,378
0,P01,DL,FR,5,711421,712050,629
0,P01,DL,FR,6,712050,712176,126
0,P01,DL,FR,4,712176,712344,168
0,P01,DL,FR,2,712344,712388,44
0,P01,DL,FR,4,712388,712726,338
0,P01,DL,FR,6,712726,714348,1622
0,P01,DL,FR,5,714348,714948,600
0,P01,DL,FR,6,714948,715580,632
0,P01,DL,FR,2,715580,715849,269
0,P01,DL,FR,6,715849,717170,1321
0,P01,DL,FR,2,717170,717400,230
0,P01,DL,FR,6,717400,719501,2101
0,P01,DL,FR,4,719501,720049,548
0,P01,DL,FR,6,720049,720516,467
0,P01,DL,FR,5,720516,721245,729
0,P01,DL,FR,6,721245,721621,376
0,P01,DL,FR,5,721621,722372,751
0,P01,DL,FR,6,722372,723539,1167
0,P01,DL,FR,4,723539,724067,528
0,P01,DL,FR,6,724067,724741,674
0,P01,DL,FR,5,724741,724979,238
0,P01,DL,FR,6,724979,729747,4768
0,P01,DL,FR,5,729747,730032,285
0,P01,DL,FR,4,730032,730609,577
0,P01,DL,FR,2,730609,731582,973
0,P01,DL,FR,6,731582,731744,162
0,P01,DL,FR,1,731744,732372,628
0,P01,DL,FR,6,732372,735034,2662
0,P01,DL,FR,4,735034,735431,397
0,P01,DL,FR,2,735431,735682,251
0,P01,DL,FR,6,735682,735707,25
0,P01,DL,FR,4,735707,735905,198
0,P01,DL,FR,6,735905,735983,78
0,P01,DL,FR,2,735983,736166,183
0,P01,DL,FR,6,736166,736695,529
0,P01,DL,FR,5,736695,737862,1167
0,P01,DL,FR,4,737862,737958,96
0,P01,DL,FR,6,737958,739530,1572
0,P01,DL,FR,4,739530,744977,5447
0,P01,DL,FR,6,744977,747236,2259
0,P01,DL,FR,5,747236,747972,736
0,P01,DL,FR,6,747972,749627,1655
0,P01,DL,FR,5,749627,750054,427
0,P01,DL,FR,6,750054,751899,1845
0,P01,DL,FR,5,751899,752768,869
0,P01,DL,FR,6,752768,753798,1030
0,P01,DL,FR,4,753798,756225,2427
0,P01,DL,FR,6,756225,757824,1599
0,P01,DL,FR,4,757824,758401,577
0,P01,DL,FR,6,758401,760486,2085
0,P01,DL,FR,5,760486,760858,372
0,P01,DL,FR,6,760858,772674,11816
0,P01,DL,FR,4,772674,774275,1601
0,P01,DL,FR,6,774275,786453,12178
0,P01,DL,FR,4,786453,786621,168
0,P01,DL,FR,6,786621,788230,1609
0,P01,DL,FR,5,788230,788315,85
0,P01,DL,FR,6,788315,791717,3402
0,P01,DL,FR,5,791717,791876,159
0,P01,DL,FR,6,791876,800652,8776
0,P01,DL,FR,5,800652,801068,416
0,P01,DL,FR,6,801068,807990,6922
0,P01,DL,FR,5,807990,808264,274
0,P01,DL,FR,6,808264,843424,35160
0,P01,DL,FR,3,843424,844946,1522
0,P01,DL,FR,6,844946,846331,1385
0,P01,DL,FR,3,846331,847435,1104
0,P01,DL,FR,0,847435,847648,213
0,P01,DL,FR,6,847648,851075,3427
0,P01,DL,FR,2,851075,851279,204
0,P01,DL,FR,6,851279,852467,1188
0,P01,DL,FR,3,852467,853038,571
0,P01,DL,FR,6,853038,853339,301
0,P01,DL,FR,2,853339,853746,407
0,P01,DL,FR,6,853746,888057,34311
0,P01,DL,FR,2,888057,904694,16637
0,P01,DL,FR,6,904694,909625,4931
0,P01,DL,FR,4,909625,951266,41641
0,P01,DL,FR,5,951266,951374,108
0,P01,DL,FR,6,951374,951382,8
0,P01,DL,FR,1,951382,951554,172
0,P01,DL,FR,6,951554,952037,483
0,P01,DL,FR,5,952037,952094,57
0,P01,DL,FR,6,952094,952587,493
0,P01,DL,FR,4,952587,953645,1058
0,P01,DL,FR,6,953645,955768,2123
0,P01,DL,FR,5,955768,956201,433
0,P01,DL,FR,6,956201,958317,2116
0,P01,DL,FR,1,958317,958603,286
0,P01,DL,FR,6,958603,959123,520
0,P01,DL,FR,5,959123,959531,408
0,P01,DL,FR,6,959531,959665,134
0,P01,DL,FR,5,959665,960248,583
0,P01,DL,FR,6,960248,960595,347
0,P01,DL,FR,4,960595,960690,95
0,P01,DL,FR,6,960690,961136,446
0,P01,DL,FR,1,961136,962398,1262
0,P01,DL,FR,6,962398,963496,1098
0,P01,DL,FR,5,963496,964340,844
0,P01,DL,FR,1,964340,968996,4656
0,P01,DL,FR,2,968996,972968,3972
0,P01,DL,FR,6,972968,973417,449
0,P01,DL,FR,2,973417,973566,149
0,P01,DL,FR,6,973566,975264,1698
0,P01,DL,FR,2,975264,975666,402
0,P01,DL,FR,6,975666,976472,806
0,P01,DL,FR,1,976472,978777,2305
0,P01,DL,FR,6,978777,982004,3227
0,P01,DL,FR,5,982004,1002155,20151
0,P01,DL,FR,6,1002155,1022941,20786
0,P01,DL,FR,4,1022941,1023889,948
0,P01,DL,FR,6,1023889,1026536,2647
0,P01,DL,FR,5,1026536,1065482,38946
0,P01,DL,FR,6,1065482,1103735,38253
0,P01,DL,FR,4,1103735,1103936,201
0,P01,DL,FR,6,1103936,1106559,2623
0,P01,DL,FR,4,1106559,1109250,2691
0,P01,DL,FR,6,1109250,1119106,9856
0,P01,DL,FR,4,1119106,1121142,2036
0,P01,DL,FR,6,1121142,1121395,253
0,P01,DL,FR,4,1121395,1121813,418
0,P01,DL,FR,6,1121813,1122713,900
0,P01,DL,FR,3,1122713,1123081,368
0,P01,DL,FR,4,1123081,1123607,526
0,P01,DL,FR,5,1123607,1123720,113
0,P01,DL,FR,6,1123720,1131965,8245
0,P01,DL,FR,3,1131965,1133335,1370
0,P01,DL,FR,6,1133335,1135951,2616
0,P01,DL,FR,0,1135951,1136924,973
0,P01,DL,FR,6,1136924,1141788,4864
0,P01,DL,FR,4,1141788,1142114,326
0,P01,DL,FR,6,1142114,1180929,38815
1,P01,DL,LU,6,0,2510,2510
1,P01,DL,LU,0,2510,3623,1113
1,P01,DL,LU,1,3623,4079,456
1,P01,DL,LU,6,4079,4462,383
1,P01,DL,LU,1,4462,4803,341
1,P01,DL,LU,6,4803,5932,1129
1,P01,DL,LU,0,5932,6219,287
1,P01,DL,LU,2,6219,6358,139
1,P01,DL,LU,0,6358,6576,218
1,P01,DL,LU,3,6576,7640,1064
1,P01,DL,LU,0,7640,8831,1191
1,P01,DL,LU,2,8831,9332,501
1,P01,DL,LU,0,9332,9449,117
1,P01,DL,LU,2,9449,9773,324
1,P01,DL,LU,0,9773,10526,753
1,P01,DL,LU,2,10526,10687,161
1,P01,DL,LU,0,10687,10989,302
1,P01,DL,LU,2,10989,14360,3371
1,P01,DL,LU,5,14360,14391,31
1,P01,DL,LU,2,14391,14413,22
1,P01,DL,LU,5,14413,14647,234
1,P01,DL,LU,0,14647,14846,199
1,P01,DL,LU,2,14846,14960,114
1,P01,DL,LU,0,14960,15251,291
1,P01,DL,LU,5,15251,16164,913
1,P01,DL,LU,2,16164,16315,151
1,P01,DL,LU,5,16315,16337,22
1,P01,DL,LU,2,16337,16669,332
1,P01,DL,LU,5,16669,16790,121
1,P01,DL,LU,2,16790,16910,120
1,P01,DL,LU,5,16910,17017,107
1,P01,DL,LU,2,17017,17278,261
1,P01,DL,LU,5,17278,17683,405
1,P01,DL,LU,2,17683,18615,932
1,P01,DL,LU,0,18615,18719,104
1,P01,DL,LU,2,18719,18726,7
1,P01,DL,LU,0,18726,18728,2
1,P01,DL,LU,2,18728,19078,350
1,P01,DL,LU,0,19078,19450,372
1,P01,DL,LU,2,19450,19931,481
1,P01,DL,LU,0,19931,20272,341
1,P01,DL,LU,2,20272,20539,267
1,P01,DL,LU,0,20539,21522,983
1,P01,DL,LU,2,21522,21950,428
1,P01,DL,LU,0,21950,22004,54
1,P01,DL,LU,2,22004,22730,726
1,P01,DL,LU,0,22730,23286,556
1,P01,DL,LU,2,23286,23419,133
1,P01,DL,LU,0,23419,25450,2031
1,P01,DL,LU,2,25450,26358,908
1,P01,DL,LU,0,26358,28580,2222
1,P01,DL,LU,6,28580,28586,6
1,P01,DL,LU,0,28586,28611,25
1,P01,DL,LU,6,28611,28656,45
1,P01,DL,LU,0,28656,29159,503
1,P01,DL,LU,2,29159,29338,179
1,P01,DL,LU,0,29338,30831,1493
1,P01,DL,LU,2,30831,30987,156
1,P01,DL,LU,0,30987,31011,24
1,P01,DL,LU,6,31011,36763,5752
1,P01,DL,LU,0,36763,43732,6969
1,P01,DL,LU,5,43732,43869,137
1,P01,DL,LU,0,43869,44991,1122
1,P01,DL,LU,5,44991,45127,136
1,P01,DL,LU,0,45127,46446,1319
1,P01,DL,LU,2,46446,46550,104
1,P01,DL,LU,0,46550,48942,2392
1,P01,DL,LU,2,48942,49049,107
1,P01,DL,LU,0,49049,49536,487
1,P01,DL,LU,2,49536,49558,22
1,P01,DL,LU,4,49558,49675,117
1,P01,DL,LU,0,49675,50842,1167
1,P01,DL,LU,2,50842,50953,111
1,P01,DL,LU,0,50953,51608,655
1,P01,DL,LU,2,51608,51756,148
1,P01,DL,LU,0,51756,52683,927
1,P01,DL,LU,6,52683,58210,5527
1,P01,DL,LU,0,58210,58835,625
1,P01,DL,LU,6,58835,58994,159
1,P01,DL,LU,0,58994,59369,375
1,P01,DL,LU,2,59369,59383,14
1,P01,DL,LU,5,59383,59960,577
1,P01,DL,LU,0,59960,61178,1218
1,P01,DL,LU,1,61178,61673,495
1,P01,DL,LU,6,61673,62876,1203
1,P01,DL,LU,0,62876,62926,50
1,P01,DL,LU,6,62926,63086,160
1,P01,DL,LU,2,63086,63176,90
1,P01,DL,LU,0,63176,63233,57
1,P01,DL,LU,6,63233,63932,699
1,P01,DL,LU,0,63932,64004,72
1,P01,DL,LU,6,64004,64053,49
1,P01,DL,LU,0,64053,65032,979
1,P01,DL,LU,6,65032,65136,104
1,P01,DL,LU,0,65136,65264,128
1,P01,DL,LU,2,65264,65382,118
1,P01,DL,LU,0,65382,65406,24
1,P01,DL,LU,6,65406,66004,598
1,P01,DL,LU,0,66004,66125,121
1,P01,DL,LU,6,66125,69945,3820
1,P01,DL,LU,2,69945,73277,3332
1,P01,DL,LU,6,73277,73494,217
1,P01,DL,LU,2,73494,74609,1115
1,P01,DL,LU,6,74609,74758,149
1,P01,DL,LU,0,74758,74841,83
1,P01,DL,LU,6,74841,75656,815
1,P01,DL,LU,0,75656,75674,18
1,P01,DL,LU,2,75674,76483,809
1,P01,DL,LU,6,76483,76867,384
1,P01,DL,LU,5,76867,77262,395
1,P01,DL,LU,0,77262,77563,301
1,P01,DL,LU,5,77563,77564,1
1,P01,DL,LU,2,77564,77720,156
1,P01,DL,LU,5,77720,77974,254
1,P01,DL,LU,0,77974,78650,676
1,P01,DL,LU,2,78650,78822,172
1,P01,DL,LU,0,78822,78902,80
1,P01,DL,LU,2,78902,79137,235
1,P01,DL,LU,0,79137,79182,45
1,P01,DL,LU,2,79182,79344,162
1,P01,DL,LU,0,79344,79613,269
1,P01,DL,LU,6,79613,80378,765
1,P01,DL,LU,0,80378,80520,142
1,P01,DL,LU,6,80520,80868,348
1,P01,DL,LU,0,80868,80971,103
1,P01,DL,LU,2,80971,80978,7
1,P01,DL,LU,0,80978,81002,24
1,P01,DL,LU,2,81002,81037,35
1,P01,DL,LU,0,81037,81038,1
1,P01,DL,LU,2,81038,81315,277
1,P01,DL,LU,6,81315,82908,1593
1,P01,DL,LU,2,82908,83038,130
1,P01,DL,LU,0,83038,83705,667
1,P01,DL,LU,6,83705,83881,176
1,P01,DL,LU,2,83881,84078,197
1,P01,DL,LU,0,84078,84322,244
1,P01,DL,LU,2,84322,84698,376
1,P01,DL,LU,0,84698,85317,619
1,P01,DL,LU,2,85317,85500,183
1,P01,DL,LU,0,85500,85532,32
1,P01,DL,LU,6,85532,85917,385
1,P01,DL,LU,2,85917,85936,19
1,P01,DL,LU,6,85936,87129,1193
1,P01,DL,LU,2,87129,87683,554
1,P01,DL,LU,0,87683,87739,56
1,P01,DL,LU,6,87739,87853,114
1,P01,DL,LU,0,87853,88004,151
1,P01,DL,LU,6,88004,88055,51
1,P01,DL,LU,0,88055,88061,6
1,P01,DL,LU,2,88061,88286,225
1,P01,DL,LU,0,88286,88415,129
1,P01,DL,LU,2,88415,88658,243
1,P01,DL,LU,0,88658,89203,545
1,P01,DL,LU,2,89203,89320,117
1,P01,DL,LU,0,89320,89339,19
1,P01,DL,LU,2,89339,89357,18
1,P01,DL,LU,0,89357,89369,12
1,P01,DL,LU,2,89369,89554,185
1,P01,DL,LU,0,89554,89691,137
1,P01,DL,LU,6,89691,92335,2644
1,P01,DL,LU,2,92335,92550,215
1,P01,DL,LU,6,92550,94072,1522
1,P01,DL,LU,0,94072,94944,872
1,P01,DL,LU,5,94944,95076,132
1,P01,DL,LU,0,95076,95703,627
1,P01,DL,LU,5,95703,96258,555
1,P01,DL,LU,0,96258,103592,7334
1,P01,DL,LU,6,103592,105513,1921
1,P01,DL,LU,0,105513,105574,61
1,P01,DL,LU,2,105574,106346,772
1,P01,DL,LU,0,106346,106546,200
1,P01,DL,LU,2,106546,106856,310
1,P01,DL,LU,0,106856,107038,182
1,P01,DL,LU,2,107038,107095,57
1,P01,DL,LU,0,107095,118802,11707
1,P01,DL,LU,4,118802,119753,951
1,P01,DL,LU,0,119753,127654,7901
1,P01,DL,LU,6,127654,138312,10658
1,P01,DL,LU,0,138312,138705,393
1,P01,DL,LU,6,138705,138733,28
1,P01,DL,LU,0,138733,138767,34
1,P01,DL,LU,6,138767,138950,183
1,P01,DL,LU,2,138950,139077,127
1,P01,DL,LU,0,139077,139101,24
1,P01,DL,LU,6,139101,139243,142
1,P01,DL,LU,2,139243,139375,132
1,P01,DL,LU,0,139375,140009,634
1,P01,DL,LU,6,140009,140059,50
1,P01,DL,LU,0,140059,140480,421
1,P01,DL,LU,6,140480,140483,3
1,P01,DL,LU,0,140483,140520,37
1,P01,DL,LU,6,140520,140752,232
1,P01,DL,LU,0,140752,141112,360
1,P01,DL,LU,6,141112,143588,2476
1,P01,DL,LU,3,143588,143669,81
1,P01,DL,LU,6,143669,228107,84438
1,P01,DL,LU,4,228107,228170,63
1,P01,DL,LU,6,228170,229044,874
1,P01,DL,LU,4,229044,229092,48
1,P01,DL,LU,6,229092,229617,525
1,P01,DL,LU,4,229617,229911,294
1,P01,DL,LU,6,229911,248181,18270
1,P01,DL,LU,2,248181,266541,18360
1,P01,DL,LU,6,266541,290366,23825
1,P01,DL,LU,0,290366,290435,69
1,P01,DL,LU,2,290435,290584,149
1,P01,DL,LU,0,290584,290626,42
1,P01,DL,LU,6,290626,320183,29557
1,P01,DL,LU,4,320183,320323,140
1,P01,DL,LU,0,320323,320491,168
1,P01,DL,LU,2,320491,320592,101
1,P01,DL,LU,0,320592,320645,53
1,P01,DL,LU,6,320645,321006,361
1,P01,DL,LU,0,321006,321370,364
1,P01,DL,LU,6,321370,321415,45
1,P01,DL,LU,0,321415,322327,912
1,P01,DL,LU,2,322327,322499,172
1,P01,DL,LU,0,322499,322708,209
1,P01,DL,LU,2,322708,322865,157
1,P01,DL,LU,0,322865,322878,13
1,P01,DL,LU,6,322878,325759,2881
1,P01,DL,LU,4,325759,325796,37
1,P01,DL,LU,0,325796,325942,146
1,P01,DL,LU,4,325942,326030,88
1,P01,DL,LU,0,326030,326295,265
1,P01,DL,LU,4,326295,326423,128
1,P01,DL,LU,0,326423,326539,116
1,P01,DL,LU,4,326539,326618,79
1,P01,DL,LU,0,326618,326803,185
1,P01,DL,LU,4,326803,327007,204
1,P01,DL,LU,0,327007,327414,407
1,P01,DL,LU,6,327414,328165,751
1,P01,DL,LU,0,328165,328426,261
1,P01,DL,LU,6,328426,328455,29
1,P01,DL,LU,0,328455,328492,37
1,P01,DL,LU,2,328492,328554,62
1,P01,DL,LU,6,328554,329446,892
1,P01,DL,LU,4,329446,329533,87
1,P01,DL,LU,2,329533,329576,43
1,P01,DL,LU,0,329576,329589,13
1,P01,DL,LU,6,329589,330834,1245
1,P01,DL,LU,2,330834,330940,106
1,P01,DL,LU,0,330940,330958,18
1,P01,DL,LU,6,330958,331115,157
1,P01,DL,LU,0,331115,332332,1217
1,P01,DL,LU,2,332332,332471,139
1,P01,DL,LU,4,332471,332504,33
1,P01,DL,LU,0,332504,333458,954
1,P01,DL,LU,4,333458,333763,305
1,P01,DL,LU,0,333763,333933,170
1,P01,DL,LU,4,333933,334090,157
1,P01,DL,LU,0,334090,334277,187
1,P01,DL,LU,2,334277,334395,118
1,P01,DL,LU,4,334395,335654,1259
1,P01,DL,LU,6,335654,336113,459
1,P01,DL,LU,4,336113,336283,170
1,P01,DL,LU,2,336283,336423,140
1,P01,DL,LU,0,336423,336855,432
1,P01,DL,LU,6,336855,337784,929
1,P01,DL,LU,0,337784,338853,1069
1,P01,DL,LU,6,338853,340142,1289
1,P01,DL,LU,0,340142,340477,335
1,P01,DL,LU,4,340477,340659,182
1,P01,DL,LU,0,340659,340713,54
1,P01,DL,LU,6,340713,341269,556
1,P01,DL,LU,4,341269,341475,206
1,P01,DL,LU,6,341475,341846,371
1,P01,DL,LU,0,341846,341851,5
1,P01,DL,LU,6,341851,341939,88
1,P01,DL,LU,0,341939,341994,55
1,P01,DL,LU,6,341994,342009,15
1,P01,DL,LU,0,342009,342042,33
1,P01,DL,LU,6,342042,342148,106
1,P01,DL,LU,0,342148,342227,79
1,P01,DL,LU,6,342227,342778,551
1,P01,DL,LU,4,342778,342882,104
1,P01,DL,LU,6,342882,343666,784
1,P01,DL,LU,0,343666,343763,97
1,P01,DL,LU,6,343763,343854,91
1,P01,DL,LU,4,343854,344014,160
1,P01,DL,LU,0,344014,344063,49
1,P01,DL,LU,6,344063,344225,162
1,P01,DL,LU,0,344225,344235,10
1,P01,DL,LU,6,344235,344244,9
1,P01,DL,LU,0,344244,344515,271
1,P01,DL,LU,6,344515,344666,151
1,P01,DL,LU,0,344666,345570,904
1,P01,DL,LU,4,345570,345655,85
1,P01,DL,LU,0,345655,346187,532
1,P01,DL,LU,4,346187,346284,97
1,P01,DL,LU,0,346284,346788,504
1,P01,DL,LU,4,346788,346883,95
1,P01,DL,LU,0,346883,346904,21
1,P01,DL,LU,4,346904,346943,39
1,P01,DL,LU,0,346943,347124,181
1,P01,DL,LU,6,347124,347337,213
1,P01,DL,LU,0,347337,347480,143
1,P01,DL,LU,6,347480,347552,72
1,P01,DL,LU,4,347552,347683,131
1,P01,DL,LU,0,347683,348102,419
1,P01,DL,LU,4,348102,348127,25
1,P01,DL,LU,0,348127,348428,301
1,P01,DL,LU,4,348428,348532,104
1,P01,DL,LU,0,348532,348709,177
1,P01,DL,LU,6,348709,348744,35
1,P01,DL,LU,0,348744,348825,81
1,P01,DL,LU,4,348825,349297,472
1,P01,DL,LU,6,349297,349700,403
1,P01,DL,LU,4,349700,350115,415
1,P01,DL,LU,6,350115,350225,110
1,P01,DL,LU,4,350225,351293,1068
1,P01,DL,LU,0,351293,351575,282
1,P01,DL,LU,4,351575,351894,319
1,P01,DL,LU,0,351894,351902,8
1,P01,DL,LU,6,351902,351913,11
1,P01,DL,LU,0,351913,351927,14
1,P01,DL,LU,4,351927,352081,154
1,P01,DL,LU,0,352081,353770,1689
1,P01,DL,LU,4,353770,354001,231
1,P01,DL,LU,6,354001,354927,926
1,P01,DL,LU,4,354927,355772,845
1,P01,DL,LU,6,355772,356689,917
1,P01,DL,LU,4,356689,356881,192
1,P01,DL,LU,0,356881,356911,30
1,P01,DL,LU,6,356911,357170,259
1,P01,DL,LU,4,357170,357214,44
1,P01,DL,LU,6,357214,357231,17
1,P01,DL,LU,4,357231,357252,21
1,P01,DL,LU,0,357252,357256,4
1,P01,DL,LU,6,357256,357267,11
1,P01,DL,LU,4,357267,357297,30
1,P01,DL,LU,6,357297,357406,109
1,P01,DL,LU,4,357406,357799,393
1,P01,DL,LU,0,357799,358089,290
1,P01,DL,LU,4,358089,358305,216
1,P01,DL,LU,0,358305,358608,303
1,P01,DL,LU,4,358608,358624,16
1,P01,DL,LU,0,358624,358702,78
1,P01,DL,LU,4,358702,358733,31
1,P01,DL,LU,0,358733,359162,429
1,P01,DL,LU,4,359162,359464,302
1,P01,DL,LU,0,359464,359505,41
1,P01,DL,LU,4,359505,359845,340
1,P01,DL,LU,0,359845,360211,366
1,P01,DL,LU,4,360211,367960,7749
1,P01,DL,LU,2,367960,368095,135
1,P01,DL,LU,0,368095,369611,1516
1,P01,DL,LU,2,369611,371534,1923
1,P01,DL,LU,3,371534,388763,17229
1,P01,DL,LU,0,388763,418474,29711
1,P01,DL,LU,6,418474,431012,12538
1,P01,DL,LU,2,431012,431066,54
1,P01,DL,LU,4,431066,431132,66
1,P01,DL,LU,6,431132,431440,308
1,P01,DL,LU,2,431440,431559,119
1,P01,DL,LU,6,431559,432152,593
1,P01,DL,LU,2,432152,432383,231
1,P01,DL,LU,4,432383,432502,119
1,P01,DL,LU,0,432502,433682,1180
1,P01,DL,LU,2,433682,433795,113
1,P01,DL,LU,0,433795,434426,631
1,P01,DL,LU,2,434426,434543,117
1,P01,DL,LU,0,434543,434897,354
1,P01,DL,LU,2,434897,435026,129
1,P01,DL,LU,0,435026,435881,855
1,P01,DL,LU,2,435881,436006,125
1,P01,DL,LU,0,436006,436307,301
1,P01,DL,LU,2,436307,436385,78
1,P01,DL,LU,5,436385,436448,63
1,P01,DL,LU,2,436448,436891,443
1,P01,DL,LU,4,436891,437101,210
1,P01,DL,LU,2,437101,438802,1701
1,P01,DL,LU,4,438802,441903,3101
1,P01,DL,LU,5,441903,443356,1453
1,P01,DL,LU,2,443356,444060,704
1,P01,DL,LU,0,444060,444200,140
1,P01,DL,LU,2,444200,444350,150
1,P01,DL,LU,6,444350,445450,1100
1,P01,DL,LU,2,445450,445580,130
1,P01,DL,LU,6,445580,446699,1119
1,P01,DL,LU,0,446699,446869,170
1,P01,DL,LU,4,446869,449508,2639
1,P01,DL,LU,5,449508,449649,141
1,P01,DL,LU,0,449649,449716,67
1,P01,DL,LU,4,449716,450715,999
1,P01,DL,LU,0,450715,450772,57
1,P01,DL,LU,4,450772,450967,195
1,P01,DL,LU,0,450967,451360,393
1,P01,DL,LU,3,451360,451584,224
1,P01,DL,LU,4,451584,451761,177
1,P01,DL,LU,0,451761,451933,172
1,P01,DL,LU,4,451933,452818,885
1,P01,DL,LU,0,452818,452924,106
1,P01,DL,LU,4,452924,453036,112
1,P01,DL,LU,0,453036,453240,204
1,P01,DL,LU,4,453240,453431,191
1,P01,DL,LU,0,453431,453488,57
1,P01,DL,LU,4,453488,453712,224
1,P01,DL,LU,0,453712,453730,18
1,P01,DL,LU,4,453730,458403,4673
1,P01,DL,LU,0,458403,458405,2
1,P01,DL,LU,6,458405,462994,4589
1,P01,DL,LU,3,462994,463139,145
1,P01,DL,LU,0,463139,463209,70
1,P01,DL,LU,6,463209,463369,160
1,P01,DL,LU,3,463369,463428,59
1,P01,DL,LU,6,463428,463629,201
1,P01,DL,LU,3,463629,463644,15
1,P01,DL,LU,6,463644,463933,289
1,P01,DL,LU,0,463933,463943,10
1,P01,DL,LU,4,463943,464378,435
1,P01,DL,LU,0,464378,464383,5
1,P01,DL,LU,6,464383,464578,195
1,P01,DL,LU,0,464578,464594,16
1,P01,DL,LU,6,464594,464812,218
1,P01,DL,LU,0,464812,465145,333
1,P01,DL,LU,4,465145,465367,222
1,P01,DL,LU,0,465367,479407,14040
1,P01,DL,LU,5,479407,493641,14234
1,P01,DL,LU,6,493641,494694,1053
1,P01,DL,LU,5,494694,495129,435
1,P01,DL,LU,2,495129,495132,3
1,P01,DL,LU,4,495132,495135,3
1,P01,DL,LU,0,495135,495149,14
1,P01,DL,LU,4,495149,495167,18
1,P01,DL,LU,0,495167,495275,108
1,P01,DL,LU,6,495275,495451,176
1,P01,DL,LU,0,495451,495717,266
1,P01,DL,LU,6,495717,495975,258
1,P01,DL,LU,0,495975,495998,23
1,P01,DL,LU,6,495998,496003,5
1,P01,DL,LU,0,496003,496006,3
1,P01,DL,LU,6,496006,496471,465
1,P01,DL,LU,0,496471,500268,3797
1,P01,DL,LU,4,500268,500718,450
1,P01,DL,LU,2,500718,501057,339
1,P01,DL,LU,0,501057,501076,19
1,P01,DL,LU,4,501076,502023,947
1,P01,DL,LU,5,502023,503209,1186
1,P01,DL,LU,2,503209,503225,16
1,P01,DL,LU,0,503225,508023,4798
1,P01,DL,LU,4,508023,518771,10748
1,P01,DL,LU,2,518771,525648,6877
1,P01,DL,LU,3,525648,527406,1758
1,P01,DL,LU,0,527406,527513,107
1,P01,DL,LU,3,527513,527970,457
1,P01,DL,LU,2,527970,528009,39
1,P01,DL,LU,3,528009,528110,101
1,P01,DL,LU,6,528110,532848,4738
1,P01,DL,LU,0,532848,536695,3847
1,P01,DL,LU,5,536695,537140,445
1,P01,DL,LU,0,537140,537298,158
1,P01,DL,LU,3,537298,537508,210
1,P01,DL,LU,6,537508,540053,2545
1,P01,DL,LU,0,540053,542943,2890
1,P01,DL,LU,5,542943,543002,59
1,P01,DL,LU,0,543002,544512,1510
1,P01,DL,LU,5,544512,544598,86
1,P01,DL,LU,0,544598,550067,5469
1,P01,DL,LU,6,550067,552306,2239
1,P01,DL,LU,4,552306,552750,444
1,P01,DL,LU,2,552750,552852,102
1,P01,DL,LU,3,552852,555786,2934
1,P01,DL,LU,2,555786,556469,683
1,P01,DL,LU,0,556469,556986,517
1,P01,DL,LU,5,556986,557337,351
1,P01,DL,LU,2,557337,557968,631
1,P01,DL,LU,5,557968,558664,696
1,P01,DL,LU,4,558664,558704,40
1,P01,DL,LU,6,558704,563070,4366
1,P01,DL,LU,0,563070,563091,21
1,P01,DL,LU,3,563091,570613,7522
1,P01,DL,LU,0,570613,570620,7
1,P01,DL,LU,4,570620,577101,6481
1,P01,DL,LU,6,577101,579695,2594
1,P01,DL,LU,5,579695,583154,3459
1,P01,DL,LU,6,583154,583208,54
1,P01,DL,LU,5,583208,584873,1665
1,P01,DL,LU,2,584873,584930,57
1,P01,DL,LU,3,584930,590794,5864
1,P01,DL,LU,4,590794,596559,5765
1,P01,DL,LU,6,596559,597518,959
1,P01,DL,LU,4,597518,597576,58
1,P01,DL,LU,6,597576,597782,206
1,P01,DL,LU,4,597782,597797,15
1,P01,DL,LU,6,597797,598393,596
1,P01,DL,LU,4,598393,598573,180
1,P01,DL,LU,6,598573,599484,911
1,P01,DL,LU,2,599484,599848,364
1,P01,DL,LU,6,599848,600170,322
1,P01,DL,LU,4,600170,600550,380
1,P01,DL,LU,6,600550,601263,713
1,P01,DL,LU,5,601263,601448,185
1,P01,DL,LU,0,601448,601460,12
1,P01,DL,LU,4,601460,601533,73
1,P01,DL,LU,6,601533,601775,242
1,P01,DL,LU,0,601775,601781,6
1,P01,DL,LU,2,601781,601890,109
1,P01,DL,LU,0,601890,602717,827
1,P01,DL,LU,2,602717,602842,125
1,P01,DL,LU,0,602842,604008,1166
1,P01,DL,LU,2,604008,604224,216
1,P01,DL,LU,0,604224,605753,1529
1,P01,DL,LU,2,605753,605847,94
1,P01,DL,LU,0,605847,606312,465
1,P01,DL,LU,2,606312,606523,211
1,P01,DL,LU,0,606523,607768,1245
1,P01,DL,LU,2,607768,607966,198
1,P01,DL,LU,0,607966,608479,513
1,P01,DL,LU,2,608479,608715,236
1,P01,DL,LU,0,608715,609741,1026
1,P01,DL,LU,2,609741,610107,366
1,P01,DL,LU,0,610107,610384,277
1,P01,DL,LU,6,610384,610514,130
1,P01,DL,LU,0,610514,610576,62
1,P01,DL,LU,2,610576,610788,212
1,P01,DL,LU,0,610788,610891,103
1,P01,DL,LU,2,610891,611263,372
1,P01,DL,LU,6,611263,611919,656
1,P01,DL,LU,4,611919,612978,1059
1,P01,DL,LU,0,612978,613309,331
1,P01,DL,LU,4,613309,614530,1221
1,P01,DL,LU,0,614530,616354,1824
1,P01,DL,LU,3,616354,616434,80
1,P01,DL,LU,0,616434,616604,170
1,P01,DL,LU,6,616604,616772,168
1,P01,DL,LU,0,616772,616789,17
1,P01,DL,LU,5,616789,617050,261
1,P01,DL,LU,0,617050,617085,35
1,P01,DL,LU,2,617085,617800,715
1,P01,DL,LU,0,617800,618555,755
1,P01,DL,LU,6,618555,618659,104
1,P01,DL,LU,4,618659,618988,329
1,P01,DL,LU,5,618988,619320,332
1,P01,DL,LU,2,619320,619335,15
1,P01,DL,LU,0,619335,619410,75
1,P01,DL,LU,6,619410,621261,1851
1,P01,DL,LU,0,621261,622548,1287
1,P01,DL,LU,6,622548,622687,139
1,P01,DL,LU,0,622687,623824,1137
1,P01,DL,LU,4,623824,627258,3434
1,P01,DL,LU,0,627258,627277,19
1,P01,DL,LU,6,627277,627395,118
1,P01,DL,LU,0,627395,628177,782
1,P01,DL,LU,2,628177,628335,158
1,P01,DL,LU,0,628335,629339,1004
1,P01,DL,LU,2,629339,629544,205
1,P01,DL,LU,0,629544,629623,79
1,P01,DL,LU,2,629623,629752,129
1,P01,DL,LU,0,629752,629849,97
1,P01,DL,LU,6,629849,630059,210
1,P01,DL,LU,0,630059,630070,11
1,P01,DL,LU,6,630070,630255,185
1,P01,DL,LU,0,630255,631171,916
1,P01,DL,LU,6,631171,631204,33
1,P01,DL,LU,0,631204,631435,231
1,P01,DL,LU,2,631435,631618,183
1,P01,DL,LU,0,631618,631824,206
1,P01,DL,LU,2,631824,632014,190
1,P01,DL,LU,0,632014,632449,435
1,P01,DL,LU,2,632449,632618,169
1,P01,DL,LU,0,632618,633331,713
1,P01,DL,LU,2,633331,633510,179
1,P01,DL,LU,0,633510,633902,392
1,P01,DL,LU,2,633902,634081,179
1,P01,DL,LU,0,634081,634632,551
1,P01,DL,LU,2,634632,634795,163
1,P01,DL,LU,0,634795,634921,126
1,P01,DL,LU,4,634921,635042,121
1,P01,DL,LU,2,635042,635131,89
1,P01,DL,LU,3,635131,638834,3703
1,P01,DL,LU,4,638834,642594,3760
1,P01,DL,LU,0,642594,642775,181
1,P01,DL,LU,5,642775,642845,70
1,P01,DL,LU,0,642845,642856,11
1,P01,DL,LU,5,642856,643087,231
1,P01,DL,LU,0,643087,643119,32
1,P01,DL,LU,5,643119,643125,6
1,P01,DL,LU,0,643125,643231,106
1,P01,DL,LU,5,643231,643274,43
1,P01,DL,LU,0,643274,643308,34
1,P01,DL,LU,5,643308,646428,3120
1,P01,DL,LU,2,646428,646440,12
1,P01,DL,LU,3,646440,647325,885
1,P01,DL,LU,2,647325,647468,143
1,P01,DL,LU,3,647468,649452,1984
1,P01,DL,LU,2,649452,649529,77
1,P01,DL,LU,3,649529,649871,342
1,P01,DL,LU,0,649871,649883,12
1,P01,DL,LU,4,649883,653435,3552
1,P01,DL,LU,0,653435,659953,6518
1,P01,DL,LU,5,659953,660754,801
1,P01,DL,LU,0,660754,660893,139
1,P01,DL,LU,5,660893,660942,49
1,P01,DL,LU,6,660942,661107,165
1,P01,DL,LU,2,661107,661223,116
1,P01,DL,LU,6,661223,661369,146
1,P01,DL,LU,2,661369,661537,168
1,P01,DL,LU,6,661537,661633,96
1,P01,DL,LU,2,661633,661787,154
1,P01,DL,LU,4,661787,661930,143
1,P01,DL,LU,5,661930,662084,154
1,P01,DL,LU,6,662084,662501,417
1,P01,DL,LU,0,662501,662624,123
1,P01,DL,LU,2,662624,662633,9
1,P01,DL,LU,5,662633,662930,297
1,P01,DL,LU,2,662930,663292,362
1,P01,DL,LU,0,663292,663397,105
1,P01,DL,LU,2,663397,663549,152
1,P01,DL,LU,5,663549,664011,462
1,P01,DL,LU,2,664011,664246,235
1,P01,DL,LU,0,664246,664464,218
1,P01,DL,LU,2,664464,664685,221
1,P01,DL,LU,6,664685,665098,413
1,P01,DL,LU,0,665098,665161,63
1,P01,DL,LU,6,665161,665228,67
1,P01,DL,LU,0,665228,665266,38
1,P01,DL,LU,6,665266,665373,107
1,P01,DL,LU,2,665373,665626,253
1,P01,DL,LU,0,665626,665983,357
1,P01,DL,LU,6,665983,666137,154
1,P01,DL,LU,0,666137,666481,344
1,P01,DL,LU,2,666481,666683,202
1,P01,DL,LU,0,666683,667059,376
1,P01,DL,LU,2,667059,667272,213
1,P01,DL,LU,0,667272,667482,210
1,P01,DL,LU,6,667482,667774,292
1,P01,DL,LU,0,667774,668190,416
1,P01,DL,LU,6,668190,668244,54
1,P01,DL,LU,0,668244,668261,17
1,P01,DL,LU,2,668261,668387,126
1,P01,DL,LU,5,668387,668564,177
1,P01,DL,LU,6,668564,670087,1523
1,P01,DL,LU,2,670087,671375,1288
1,P01,DL,LU,6,671375,672316,941
1,P01,DL,LU,2,672316,672464,148
1,P01,DL,LU,6,672464,672592,128
1,P01,DL,LU,5,672592,672978,386
1,P01,DL,LU,2,672978,673039,61
1,P01,DL,LU,6,673039,673408,369
1,P01,DL,LU,2,673408,673473,65
1,P01,DL,LU,0,673473,673486,13
1,P01,DL,LU,6,673486,675137,1651
1,P01,DL,LU,2,675137,675932,795
1,P01,DL,LU,4,675932,675960,28
1,P01,DL,LU,6,675960,677418,1458
1,P01,DL,LU,3,677418,678989,1571
1,P01,DL,LU,6,678989,679158,169
1,P01,DL,LU,3,679158,680868,1710
1,P01,DL,LU,6,680868,685784,4916
1,P01,DL,LU,0,685784,685879,95
1,P01,DL,LU,6,685879,685896,17
1,P01,DL,LU,0,685896,685987,91
1,P01,DL,LU,5,685987,686078,91
1,P01,DL,LU,0,686078,686093,15
1,P01,DL,LU,6,686093,686473,380
1,P01,DL,LU,0,686473,686483,10
1,P01,DL,LU,2,686483,686750,267
1,P01,DL,LU,6,686750,687268,518
1,P01,DL,LU,0,687268,687423,155
1,P01,DL,LU,2,687423,687960,537
1,P01,DL,LU,0,687960,688092,132
1,P01,DL,LU,6,688092,688233,141
1,P01,DL,LU,2,688233,688347,114
1,P01,DL,LU,6,688347,693339,4992
1,P01,DL,LU,5,693339,693822,483
1,P01,DL,LU,4,693822,694291,469
1,P01,DL,LU,6,694291,696592,2301
1,P01,DL,LU,2,696592,696739,147
1,P01,DL,LU,6,696739,697922,1183
1,P01,DL,LU,2,697922,697977,55
1,P01,DL,LU,6,697977,699358,1381
1,P01,DL,LU,0,699358,699404,46
1,P01,DL,LU,6,699404,701747,2343
1,P01,DL,LU,0,701747,701749,2
1,P01,DL,LU,2,701749,701871,122
1,P01,DL,LU,6,701871,702538,667
1,P01,DL,LU,5,702538,702613,75
1,P01,DL,LU,6,702613,702699,86
1,P01,DL,LU,2,702699,702870,171
1,P01,DL,LU,0,702870,702978,108
1,P01,DL,LU,6,702978,703418,440
1,P01,DL,LU,0,703418,703583,165
1,P01,DL,LU,6,703583,703736,153
1,P01,DL,LU,2,703736,703792,56
1,P01,DL,LU,5,703792,703809,17
1,P01,DL,LU,2,703809,703903,94
1,P01,DL,LU,6,703903,704214,311
1,P01,DL,LU,2,704214,704362,148
1,P01,DL,LU,6,704362,705521,1159
1,P01,DL,LU,2,705521,707078,1557
1,P01,DL,LU,6,707078,709624,2546
1,P01,DL,LU,5,709624,710345,721
1,P01,DL,LU,6,710345,710541,196
1,P01,DL,LU,2,710541,710645,104
1,P01,DL,LU,6,710645,710787,142
1,P01,DL,LU,5,710787,710900,113
1,P01,DL,LU,2,710900,710910,10
1,P01,DL,LU,5,710910,710966,56
1,P01,DL,LU,2,710966,711037,71
1,P01,DL,LU,0,711037,711047,10
1,P01,DL,LU,6,711047,711258,211
1,P01,DL,LU,0,711258,711281,23
1,P01,DL,LU,5,711281,711339,58
1,P01,DL,LU,0,711339,711367,28
1,P01,DL,LU,2,711367,713592,2225
1,P01,DL,LU,3,713592,713890,298
1,P01,DL,LU,2,713890,714579,689
1,P01,DL,LU,0,714579,714601,22
1,P01,DL,LU,3,714601,715220,619
1,P01,DL,LU,2,715220,715543,323
1,P01,DL,LU,3,715543,715710,167
1,P01,DL,LU,6,715710,715788,78
1,P01,DL,LU,3,715788,716335,547
1,P01,DL,LU,6,716335,716468,133
1,P01,DL,LU,5,716468,716638,170
1,P01,DL,LU,2,716638,716681,43
1,P01,DL,LU,4,716681,716725,44
1,P01,DL,LU,2,716725,717023,298
1,P01,DL,LU,3,717023,717177,154
1,P01,DL,LU,6,717177,717345,168
1,P01,DL,LU,3,717345,717508,163
1,P01,DL,LU,2,717508,717570,62
1,P01,DL,LU,3,717570,718354,784
1,P01,DL,LU,6,718354,718816,462
1,P01,DL,LU,3,718816,718880,64
1,P01,DL,LU,6,718880,718881,1
1,P01,DL,LU,2,718881,719095,214
1,P01,DL,LU,3,719095,719166,71
1,P01,DL,LU,2,719166,719345,179
1,P01,DL,LU,0,719345,719352,7
1,P01,DL,LU,1,719352,719498,146
1,P01,DL,LU,2,719498,719678,180
1,P01,DL,LU,1,719678,719718,40
1,P01,DL,LU,3,719718,719865,147
1,P01,DL,LU,0,719865,719893,28
1,P01,DL,LU,2,719893,721200,1307
1,P01,DL,LU,3,721200,721486,286
1,P01,DL,LU,2,721486,721522,36
1,P01,DL,LU,5,721522,721809,287
1,P01,DL,LU,2,721809,722076,267
1,P01,DL,LU,0,722076,722151,75
1,P01,DL,LU,5,722151,722163,12
1,P01,DL,LU,2,722163,722384,221
1,P01,DL,LU,1,722384,722387,3
1,P01,DL,LU,0,722387,722628,241
1,P01,DL,LU,2,722628,723059,431
1,P01,DL,LU,3,723059,723208,149
1,P01,DL,LU,2,723208,723332,124
1,P01,DL,LU,1,723332,723424,92
1,P01,DL,LU,3,723424,723790,366
1,P01,DL,LU,2,723790,723952,162
1,P01,DL,LU,0,723952,724047,95
1,P01,DL,LU,2,724047,724063,16
1,P01,DL,LU,0,724063,724202,139
1,P01,DL,LU,6,724202,724232,30
1,P01,DL,LU,0,724232,724253,21
1,P01,DL,LU,6,724253,724301,48
1,P01,DL,LU,0,724301,724369,68
1,P01,DL,LU,3,724369,724386,17
1,P01,DL,LU,0,724386,724409,23
1,P01,DL,LU,3,724409,724573,164
1,P01,DL,LU,2,724573,724585,12
1,P01,DL,LU,3,724585,724635,50
1,P01,DL,LU,2,724635,724744,109
1,P01,DL,LU,3,724744,725196,452
1,P01,DL,LU,2,725196,725213,17
1,P01,DL,LU,3,725213,725328,115
1,P01,DL,LU,2,725328,726042,714
1,P01,DL,LU,3,726042,727236,1194
1,P01,DL,LU,2,727236,727569,333
1,P01,DL,LU,5,727569,727585,16
1,P01,DL,LU,2,727585,727609,24
1,P01,DL,LU,5,727609,727612,3
1,P01,DL,LU,2,727612,727796,184
1,P01,DL,LU,5,727796,727919,123
1,P01,DL,LU,6,727919,728181,262
1,P01,DL,LU,2,728181,728303,122
1,P01,DL,LU,6,728303,728418,115
1,P01,DL,LU,2,728418,728547,129
1,P01,DL,LU,6,728547,729155,608
1,P01,DL,LU,2,729155,729176,21
1,P01,DL,LU,6,729176,729197,21
1,P01,DL,LU,2,729197,730152,955
1,P01,DL,LU,3,730152,730190,38
1,P01,DL,LU,2,730190,730666,476
1,P01,DL,LU,3,730666,731170,504
1,P01,DL,LU,2,731170,731456,286
1,P01,DL,LU,3,731456,731758,302
1,P01,DL,LU,2,731758,731867,109
1,P01,DL,LU,3,731867,731868,1
1,P01,DL,LU,2,731868,732123,255
1,P01,DL,LU,3,732123,732552,429
1,P01,DL,LU,2,732552,732781,229
1,P01,DL,LU,3,732781,733730,949
1,P01,DL,LU,2,733730,734650,920
1,P01,DL,LU,3,734650,734815,165
1,P01,DL,LU,6,734815,735054,239
1,P01,DL,LU,3,735054,735058,4
1,P01,DL,LU,6,735058,735075,17
1,P01,DL,LU,3,735075,735339,264
1,P01,DL,LU,2,735339,735769,430
1,P01,DL,LU,3,735769,736581,812
1,P01,DL,LU,2,736581,737512,931
1,P01,DL,LU,3,737512,737538,26
1,P01,DL,LU,2,737538,737737,199
1,P01,DL,LU,3,737737,738023,286
1,P01,DL,LU,2,738023,740612,2589
1,P01,DL,LU,4,740612,742857,2245
1,P01,DL,LU,0,742857,747262,4405
1,P01,DL,LU,4,747262,747510,248
1,P01,DL,LU,0,747510,748368,858
1,P01,DL,LU,5,748368,767979,19611
1,P01,DL,LU,6,767979,788693,20714
1,P01,DL,LU,4,788693,788932,239
1,P01,DL,LU,6,788932,789745,813
1,P01,DL,LU,2,789745,790005,260
1,P01,DL,LU,0,790005,790393,388
1,P01,DL,LU,6,790393,791286,893
1,P01,DL,LU,0,791286,793274,1988
1,P01,DL,LU,6,793274,800782,7508
1,P01,DL,LU,0,800782,800784,2
1,P01,DL,LU,2,800784,807411,6627
1,P01,DL,LU,0,807411,807768,357
1,P01,DL,LU,6,807768,808131,363
1,P01,DL,LU,4,808131,879630,71499
1,P01,DL,LU,2,879630,951363,71733
1,P01,DL,LU,5,951363,958251,6888
1,P01,DL,LU,2,958251,1068176,109925
1,P01,DL,LU,4,1068176,1179226,111050
1,P01,DL,LU,0,1179226,1180929,1703
2,P01,DL,XP,0,0,461,461
2,P01,DL,XP,6,461,12734,12273
2,P01,DL,XP,1,12734,12945,211
2,P01,DL,XP,6,12945,14019,1074
2,P01,DL,XP,1,14019,14038,19
2,P01,DL,XP,6,14038,16930,2892
2,P01,DL,XP,1,16930,17356,426
2,P01,DL,XP,6,17356,17482,126
2,P01,DL,XP,5,17482,17842,360
2,P01,DL,XP,6,17842,19120,1278
2,P01,DL,XP,1,19120,19303,183
2,P01,DL,XP,6,19303,25814,6511
2,P01,DL,XP,1,25814,26210,396
2,P01,DL,XP,6,26210,105867,79657
2,P01,DL,XP,1,105867,106128,261
2,P01,DL,XP,6,106128,173930,67802
2,P01,DL,XP,0,173930,189585,15655
2,P01,DL,XP,6,189585,209814,20229
2,P01,DL,XP,0,209814,228592,18778
2,P01,DL,XP,6,228592,339154,110562
2,P01,DL,XP,1,339154,339493,339
2,P01,DL,XP,6,339493,363166,23673
2,P01,DL,XP,0,363166,389698,26532
2,P01,DL,XP,6,389698,409493,19795
2,P01,DL,XP,0,409493,409502,9
2,P01,DL,XP,3,409502,428880,19378
2,P01,DL,XP,6,428880,431568,2688
2,P01,DL,XP,4,431568,432278,710
2,P01,DL,XP,6,432278,434516,2238
2,P01,DL,XP,0,434516,436558,2042
2,P01,DL,XP,6,436558,437112,554
2,P01,DL,XP,1,437112,443339,6227
2,P01,DL,XP,6,443339,449523,6184
2,P01,DL,XP,0,449523,454733,5210
2,P01,DL,XP,6,454733,455375,642
2,P01,DL,XP,0,455375,455555,180
2,P01,DL,XP,6,455555,456800,1245
2,P01,DL,XP,1,456800,459628,2828
2,P01,DL,XP,6,459628,460217,589
2,P01,DL,XP,1,460217,461140,923
2,P01,DL,XP,6,461140,484514,23374
2,P01,DL,XP,1,484514,484910,396
2,P01,DL,XP,6,484910,485267,357
2,P01,DL,XP,1,485267,485587,320
2,P01,DL,XP,6,485587,485638,51
2,P01,DL,XP,1,485638,485883,245
2,P01,DL,XP,6,485883,486024,141
2,P01,DL,XP,1,486024,493560,7536
2,P01,DL,XP,6,493560,504987,11427
2,P01,DL,XP,1,504987,505920,933
2,P01,DL,XP,6,505920,507187,1267
2,P01,DL,XP,1,507187,507740,553
2,P01,DL,XP,6,507740,508460,720
2,P01,DL,XP,1,508460,508779,319
2,P01,DL,XP,6,508779,508854,75
2,P01,DL,XP,1,508854,510535,1681
2,P01,DL,XP,6,510535,510751,216
2,P01,DL,XP,1,510751,511869,1118
2,P01,DL,XP,6,511869,512028,159
2,P01,DL,XP,1,512028,512497,469
2,P01,DL,XP,6,512497,552799,40302
2,P01,DL,XP,1,552799,552947,148
2,P01,DL,XP,5,552947,557448,4501
2,P01,DL,XP,6,557448,557984,536
2,P01,DL,XP,4,557984,558152,168
2,P01,DL,XP,1,558152,577460,19308
2,P01,DL,XP,6,577460,584557,7097
2,P01,DL,XP,5,584557,596808,12251
2,P01,DL,XP,6,596808,597868,1060
2,P01,DL,XP,5,597868,598207,339
2,P01,DL,XP,6,598207,598419,212
2,P01,DL,XP,4,598419,598739,320
2,P01,DL,XP,6,598739,598955,216
2,P01,DL,XP,1,598955,613805,14850
2,P01,DL,XP,6,613805,648871,35066
2,P01,DL,XP,3,648871,661329,12458
2,P01,DL,XP,6,661329,661334,5
2,P01,DL,XP,4,661334,675527,14193
2,P01,DL,XP,2,675527,675543,16
2,P01,DL,XP,3,675543,675752,209
2,P01,DL,XP,6,675752,677291,1539
2,P01,DL,XP,1,677291,677376,85
2,P01,DL,XP,5,677376,677725,349
2,P01,DL,XP,3,677725,678925,1200
2,P01,DL,XP,6,678925,709495,30570
2,P01,DL,XP,3,709495,709527,32
2,P01,DL,XP,6,709527,709894,367
2,P01,DL,XP,5,709894,710133,239
2,P01,DL,XP,6,710133,715234,5101
2,P01,DL,XP,5,715234,715351,117
2,P01,DL,XP,3,715351,716597,1246
2,P01,DL,XP,6,716597,719027,2430
2,P01,DL,XP,5,719027,721075,2048
2,P01,DL,XP,6,721075,725688,4613
2,P01,DL,XP,2,725688,725918,230
2,P01,DL,XP,3,725918,726194,276
2,P01,DL,XP,6,726194,733786,7592
2,P01,DL,XP,1,733786,733884,98
2,P01,DL,XP,3,733884,734784,900
2,P01,DL,XP,6,734784,735184,400
2,P01,DL,XP,3,735184,736449,1265
2,P01,DL,XP,6,736449,751046,14597
2,P01,DL,XP,1,751046,762753,11707
2,P01,DL,XP,6,762753,764114,1361
2,P01,DL,XP,1,764114,764190,76
2,P01,DL,XP,6,764190,775786,11596
2,P01,DL,XP,4,775786,809032,33246
2,P01,DL,XP,0,809032,820917,11885
2,P01,DL,XP,3,820917,834109,13192
2,P01,DL,XP,6,834109,834816,707
2,P01,DL,XP,0,834816,951363,116547
2,P01,DL,XP,6,951363,951399,36
2,P01,DL,XP,1,951399,954557,3158
2,P01,DL,XP,0,954557,955784,1227
2,P01,DL,XP,6,955784,956156,372
2,P01,DL,XP,0,956156,956405,249
2,P01,DL,XP,6,956405,956919,514
2,P01,DL,XP,0,956919,958079,1160
2,P01,DL,XP,1,958079,958252,173
2,P01,DL,XP,6,958252,958537,285
2,P01,DL,XP,0,958537,958659,122
2,P01,DL,XP,6,958659,960029,1370
2,P01,DL,XP,0,960029,1024268,64239
2,P01,DL,XP,6,1024268,1024616,348
2,P01,DL,XP,4,1024616,1025574,958
2,P01,DL,XP,6,1025574,1030405,4831
2,P01,DL,XP,0,1030405,1064788,34383
2,P01,DL,XP,6,1064788,1065752,964
2,P01,DL,XP,0,1065752,1122974,57222
2,P01,DL,XP,1,1122974,1123137,163
2,P01,DL,XP,6,1123137,1124197,1060
2,P01,DL,XP,0,1124197,1133037,8840
2,P01,DL,XP,1,1133037,1133079,42
2,P01,DL,XP,6,1133079,1133789,710
2,P01,DL,XP,1,1133789,1138154,4365
2,P01,DL,XP,6,1138154,1142546,4392
2,P01,DL,XP,0,1142546,1142852,306
2,P01,DL,XP,6,1142852,1144309,1457
2,P01,DL,XP,0,1144309,1145078,769
2,P01,DL,XP,6,1145078,1146233,1155
2,P01,DL,XP,0,1146233,1146390,157
2,P01,DL,XP,6,1146390,1149513,3123
2,P01,DL,XP,0,1149513,1149654,141
2,P01,DL,XP,6,1149654,1152448,2794
2,P01,DL,XP,1,1152448,1152459,11
2,P01,DL,XP,0,1152459,1153557,1098
2,P01,DL,XP,6,1153557,1153727,170
2,P01,DL,XP,0,1153727,1154065,338
2,P01,DL,XP,6,1154065,1154388,323
2,P01,DL,XP,0,1154388,1154959,571
2,P01,DL,XP,6,1154959,1155110,151
2,P01,DL,XP,0,1155110,1155215,105
2,P01,DL,XP,6,1155215,1155685,470
2,P01,DL,XP,0,1155685,1156187,502
2,P01,DL,XP,4,1156187,1156219,32
2,P01,DL,XP,6,1156219,1163489,7270
2,P01,DL,XP,0,1163489,1180929,17440
3,P01,DR,FR,0,0,179,179
3,P01,DR,FR,5,179,2338,2159
3,P01,DR,FR,0,2338,2452,114
3,P01,DR,FR,5,2452,2768,316
3,P01,DR,FR,2,2768,2971,203
3,P01,DR,FR,6,2971,3069,98
3,P01,DR,FR,4,3069,3340,271
3,P01,DR,FR,6,3340,3355,15
3,P01,DR,FR,5,3355,3664,309
3,P01,DR,FR,6,3664,5299,1635
3,P01,DR,FR,3,5299,6328,1029
3,P01,DR,FR,6,6328,6840,512
3,P01,DR,FR,3,6840,7292,452
3,P01,DR,FR,6,7292,15520,8228
3,P01,DR,FR,5,15520,16394,874
3,P01,DR,FR,6,16394,17472,1078
3,P01,DR,FR,5,17472,17934,462
3,P01,DR,FR,6,17934,18037,103
3,P01,DR,FR,5,18037,18138,101
3,P01,DR,FR,6,18138,31839,13701
3,P01,DR,FR,4,31839,32224,385
3,P01,DR,FR,6,32224,40565,8341
3,P01,DR,FR,4,40565,41211,646
3,P01,DR,FR,6,41211,73144,31933
3,P01,DR,FR,5,73144,73297,153
3,P01,DR,FR,6,73297,76628,3331
3,P01,DR,FR,5,76628,76801,173
3,P01,DR,FR,6,76801,105054,28253
3,P01,DR,FR,1,105054,105154,100
3,P01,DR,FR,6,105154,109423,4269
3,P01,DR,FR,5,109423,109935,512
3,P01,DR,FR,6,109935,110278,343
3,P01,DR,FR,5,110278,110661,383
3,P01,DR,FR,6,110661,113709,3048
3,P01,DR,FR,5,113709,115204,1495
3,P01,DR,FR,6,115204,167908,52704
3,P01,DR,FR,4,167908,191680,23772
3,P01,DR,FR,6,191680,193483,1803
3,P01,DR,FR,4,193483,196744,3261
3,P01,DR,FR,6,196744,196828,84
3,P01,DR,FR,5,196828,200494,3666
3,P01,DR,FR,6,200494,200803,309
3,P01,DR,FR,5,200803,202009,1206
3,P01,DR,FR,6,202009,206015,4006
3,P01,DR,FR,4,206015,206211,196
3,P01,DR,FR,6,206211,206447,236
3,P01,DR,FR,4,206447,207971,1524
3,P01,DR,FR,6,207971,208125,154
3,P01,DR,FR,4,208125,208582,457
3,P01,DR,FR,6,208582,208866,284
3,P01,DR,FR,4,208866,209854,988
3,P01,DR,FR,6,209854,211193,1339
3,P01,DR,FR,5,211193,213851,2658
3,P01,DR,FR,6,213851,214173,322
3,P01,DR,FR,5,214173,223744,9571
3,P01,DR,FR,4,223744,229303,5559
3,P01,DR,FR,6,229303,231793,2490
3,P01,DR,FR,1,231793,249161,17368
3,P01,DR,FR,6,249161,264370,15209
3,P01,DR,FR,5,264370,266049,1679
3,P01,DR,FR,6,266049,267876,1827
3,P01,DR,FR,4,267876,271267,3391
3,P01,DR,FR,6,271267,271330,63
3,P01,DR,FR,2,271330,275018,3688
3,P01,DR,FR,6,275018,275802,784
3,P01,DR,FR,1,275802,276601,799
3,P01,DR,FR,6,276601,278869,2268
3,P01,DR,FR,5,278869,279057,188
3,P01,DR,FR,6,279057,280122,1065
3,P01,DR,FR,5,280122,282850,2728
3,P01,DR,FR,2,282850,288735,5885
3,P01,DR,FR,4,288735,290700,1965
3,P01,DR,FR,6,290700,307903,17203
3,P01,DR,FR,5,307903,313349,5446
3,P01,DR,FR,6,313349,362662,49313
3,P01,DR,FR,4,362662,364495,1833
3,P01,DR,FR,6,364495,370105,5610
3,P01,DR,FR,4,370105,371574,1469
3,P01,DR,FR,6,371574,376506,4932
3,P01,DR,FR,4,376506,377532,1026
3,P01,DR,FR,6,377532,382223,4691
3,P01,DR,FR,1,382223,387803,5580
3,P01,DR,FR,6,387803,389346,1543
3,P01,DR,FR,4,389346,390389,1043
3,P01,DR,FR,2,390389,390525,136
3,P01,DR,FR,6,390525,390967,442
3,P01,DR,FR,5,390967,392720,1753
3,P01,DR,FR,1,392720,394407,1687
3,P01,DR,FR,4,394407,394469,62
3,P01,DR,FR,1,394469,396654,2185
3,P01,DR,FR,6,396654,399130,2476
3,P01,DR,FR,5,399130,404624,5494
3,P01,DR,FR,6,404624,406703,2079
3,P01,DR,FR,5,406703,407540,837
3,P01,DR,FR,6,407540,407855,315
3,P01,DR,FR,5,407855,410156,2301
3,P01,DR,FR,1,410156,410237,81
3,P01,DR,FR,6,410237,413871,3634
3,P01,DR,FR,5,413871,413971,100
3,P01,DR,FR,6,413971,414141,170
3,P01,DR,FR,5,414141,415150,1009
3,P01,DR,FR,6,415150,429059,13909
3,P01,DR,FR,5,429059,429286,227
3,P01,DR,FR,4,429286,429844,558
3,P01,DR,FR,3,429844,429877,33
3,P01,DR,FR,6,429877,430022,145
3,P01,DR,FR,3,430022,430420,398
3,P01,DR,FR,6,430420,430827,407
3,P01,DR,FR,4,430827,430943,116
3,P01,DR,FR,6,430943,431081,138
3,P01,DR,FR,3,431081,431220,139
3,P01,DR,FR,6,431220,437066,5846
3,P01,DR,FR,5,437066,437421,355
3,P01,DR,FR,6,437421,441128,3707
3,P01,DR,FR,5,441128,441144,16
3,P01,DR,FR,6,441144,441945,801
3,P01,DR,FR,5,441945,442124,179
3,P01,DR,FR,6,442124,443623,1499
3,P01,DR,FR,5,443623,444874,1251
3,P01,DR,FR,6,444874,445462,588
3,P01,DR,FR,5,445462,445903,441
3,P01,DR,FR,6,445903,446028,125
3,P01,DR,FR,5,446028,447139,1111
3,P01,DR,FR,6,447139,455210,8071
3,P01,DR,FR,5,455210,457678,2468
3,P01,DR,FR,1,457678,458387,709
3,P01,DR,FR,6,458387,458510,123
3,P01,DR,FR,3,458510,459216,706
3,P01,DR,FR,6,459216,462752,3536
3,P01,DR,FR,4,462752,463794,1042
3,P01,DR,FR,6,463794,464406,612
3,P01,DR,FR,4,464406,464883,477
3,P01,DR,FR,6,464883,465083,200
3,P01,DR,FR,4,465083,465686,603
3,P01,DR,FR,6,465686,465839,153
3,P01,DR,FR,4,465839,466659,820
3,P01,DR,FR,6,466659,467920,1261
3,P01,DR,FR,4,467920,468131,211
3,P01,DR,FR,6,468131,468546,415
3,P01,DR,FR,4,468546,470645,2099
3,P01,DR,FR,6,470645,470772,127
3,P01,DR,FR,5,470772,471012,240
3,P01,DR,FR,4,471012,471498,486
3,P01,DR,FR,6,471498,478452,6954
3,P01,DR,FR,3,478452,485266,6814
3,P01,DR,FR,6,485266,485285,19
3,P01,DR,FR,2,485285,486643,1358
3,P01,DR,FR,6,486643,505503,18860
3,P01,DR,FR,5,505503,505783,280
3,P01,DR,FR,6,505783,506981,1198
3,P01,DR,FR,5,506981,511112,4131
3,P01,DR,FR,2,511112,513156,2044
3,P01,DR,FR,4,513156,525639,12483
3,P01,DR,FR,6,525639,526136,497
3,P01,DR,FR,4,526136,526507,371
3,P01,DR,FR,6,526507,527766,1259
3,P01,DR,FR,4,527766,528783,1017
3,P01,DR,FR,6,528783,553718,24935
3,P01,DR,FR,4,553718,555318,1600
3,P01,DR,FR,6,555318,556792,1474
3,P01,DR,FR,5,556792,559590,2798
3,P01,DR,FR,6,559590,565129,5539
3,P01,DR,FR,4,565129,566065,936
3,P01,DR,FR,6,566065,577805,11740
3,P01,DR,FR,5,577805,578290,485
3,P01,DR,FR,6,578290,582568,4278
3,P01,DR,FR,5,582568,585646,3078
3,P01,DR,FR,6,585646,586329,683
3,P01,DR,FR,2,586329,586456,127
3,P01,DR,FR,6,586456,594558,8102
3,P01,DR,FR,5,594558,596928,2370
3,P01,DR,FR,4,596928,597975,1047
3,P01,DR,FR,6,597975,598550,575
3,P01,DR,FR,5,598550,598889,339
3,P01,DR,FR,6,598889,614547,15658
3,P01,DR,FR,5,614547,614886,339
3,P01,DR,FR,6,614886,615258,372
3,P01,DR,FR,5,615258,615533,275
3,P01,DR,FR,6,615533,618403,2870
3,P01,DR,FR,4,618403,619474,1071
3,P01,DR,FR,6,619474,637949,18475
3,P01,DR,FR,4,637949,637979,30
3,P01,DR,FR,6,637979,638848,869
3,P01,DR,FR,4,638848,638953,105
3,P01,DR,FR,6,638953,643838,4885
3,P01,DR,FR,5,643838,644435,597
3,P01,DR,FR,6,644435,645198,763
3,P01,DR,FR,5,645198,645239,41
3,P01,DR,FR,4,645239,645383,144
3,P01,DR,FR,5,645383,648067,2684
3,P01,DR,FR,6,648067,648194,127
3,P01,DR,FR,5,648194,648425,231
3,P01,DR,FR,6,648425,650410,1985
3,P01,DR,FR,4,650410,650578,168
3,P01,DR,FR,6,650578,663427,12849
3,P01,DR,FR,4,663427,663432,5
3,P01,DR,FR,6,663432,677169,13737
3,P01,DR,FR,5,677169,678221,1052
3,P01,DR,FR,6,678221,678424,203
3,P01,DR,FR,4,678424,679411,987
3,P01,DR,FR,6,679411,709908,30497
3,P01,DR,FR,4,709908,710180,272
3,P01,DR,FR,3,710180,710706,526
3,P01,DR,FR,6,710706,710957,251
3,P01,DR,FR,5,710957,711373,416
3,P01,DR,FR,6,711373,711475,102
3,P01,DR,FR,5,711475,712060,585
3,P01,DR,FR,6,712060,712622,562
3,P01,DR,FR,2,712622,712693,71
3,P01,DR,FR,6,712693,713273,580
3,P01,DR,FR,4,713273,713428,155
3,P01,DR,FR,6,713428,713977,549
3,P01,DR,FR,4,713977,714480,503
3,P01,DR,FR,6,714480,715208,728
3,P01,DR,FR,4,715208,716293,1085
3,P01,DR,FR,6,716293,716636,343
3,P01,DR,FR,4,716636,717373,737
3,P01,DR,FR,3,717373,717568,195
3,P01,DR,FR,6,717568,717638,70
3,P01,DR,FR,3,717638,718061,423
3,P01,DR,FR,6,718061,719654,1593
3,P01,DR,FR,4,719654,719942,288
3,P01,DR,FR,6,719942,719980,38
3,P01,DR,FR,3,719980,720038,58
3,P01,DR,FR,4,720038,720387,349
3,P01,DR,FR,6,720387,720932,545
3,P01,DR,FR,4,720932,721042,110
3,P01,DR,FR,6,721042,721445,403
3,P01,DR,FR,4,721445,721622,177
3,P01,DR,FR,6,721622,722503,881
3,P01,DR,FR,4,722503,722807,304
3,P01,DR,FR,6,722807,723793,986
3,P01,DR,FR,3,723793,724203,410
3,P01,DR,FR,4,724203,724296,93
3,P01,DR,FR,3,724296,724457,161
3,P01,DR,FR,4,724457,724905,448
3,P01,DR,FR,6,724905,726183,1278
3,P01,DR,FR,3,726183,726366,183
3,P01,DR,FR,4,726366,726646,280
3,P01,DR,FR,6,726646,727699,1053
3,P01,DR,FR,4,727699,728142,443
3,P01,DR,FR,6,728142,729880,1738
3,P01,DR,FR,4,729880,730077,197
3,P01,DR,FR,2,730077,730400,323
3,P01,DR,FR,6,730400,730994,594
3,P01,DR,FR,4,730994,733839,2845
3,P01,DR,FR,6,733839,735452,1613
3,P01,DR,FR,4,735452,735988,536
3,P01,DR,FR,6,735988,736115,127
3,P01,DR,FR,4,736115,736210,95
3,P01,DR,FR,6,736210,737565,1355
3,P01,DR,FR,4,737565,738363,798
3,P01,DR,FR,6,738363,738953,590
3,P01,DR,FR,4,738953,739784,831
3,P01,DR,FR,6,739784,740084,300
3,P01,DR,FR,4,740084,740100,16
3,P01,DR,FR,6,740100,740447,347
3,P01,DR,FR,4,740447,763295,22848
3,P01,DR,FR,3,763295,763794,499
3,P01,DR,FR,6,763794,800201,36407
3,P01,DR,FR,5,800201,802883,2682
3,P01,DR,FR,6,802883,808895,6012
3,P01,DR,FR,5,808895,815643,6748
3,P01,DR,FR,2,815643,824620,8977
3,P01,DR,FR,6,824620,825452,832
3,P01,DR,FR,2,825452,826526,1074
3,P01,DR,FR,6,826526,827273,747
3,P01,DR,FR,2,827273,874173,46900
3,P01,DR,FR,6,874173,915872,41699
3,P01,DR,FR,3,915872,916079,207
3,P01,DR,FR,6,916079,916986,907
3,P01,DR,FR,0,916986,917320,334
3,P01,DR,FR,4,917320,917520,200
3,P01,DR,FR,6,917520,921317,3797
3,P01,DR,FR,3,921317,921633,316
3,P01,DR,FR,6,921633,924798,3165
3,P01,DR,FR,2,924798,927370,2572
3,P01,DR,FR,6,927370,951841,24471
3,P01,DR,FR,5,951841,952296,455
3,P01,DR,FR,6,952296,952611,315
3,P01,DR,FR,5,952611,992799,40188
3,P01,DR,FR,6,992799,1118747,125948
3,P01,DR,FR,4,1118747,1123607,4860
3,P01,DR,FR,6,1123607,1123862,255
3,P01,DR,FR,4,1123862,1123968,106
3,P01,DR,FR,6,1123968,1177681,53713
3,P01,DR,FR,4,1177681,1178550,869
3,P01,DR,FR,6,1178550,1178721,171
3,P01,DR,FR,4,1178721,1179133,412
3,P01,DR,FR,6,1179133,1179512,379
3,P01,DR,FR,3,1179512,1180008,496
3,P01,DR,FR,4,1180008,1180929,921
4,P01,DR,LU,6,0,6590,6590
4,P01,DR,LU,1,6590,6701,111
4,P01,DR,LU,6,6701,6870,169
4,P01,DR,LU,0,6870,7463,593
4,P01,DR,LU,6,7463,13309,5846
4,P01,DR,LU,2,13309,13386,77
4,P01,DR,LU,6,13386,13799,413
4,P01,DR,LU,2,13799,14119,320
4,P01,DR,LU,6,14119,14123,4
4,P01,DR,LU,2,14123,14135,12
4,P01,DR,LU,6,14135,14410,275
4,P01,DR,LU,5,14410,14766,356
4,P01,DR,LU,2,14766,14858,92
4,P01,DR,LU,6,14858,15596,738
4,P01,DR,LU,5,15596,16098,502
4,P01,DR,LU,2,16098,16289,191
4,P01,DR,LU,5,16289,16786,497
4,P01,DR,LU,2,16786,17161,375
4,P01,DR,LU,5,17161,17959,798
4,P01,DR,LU,2,17959,18251,292
4,P01,DR,LU,5,18251,18324,73
4,P01,DR,LU,6,18324,18526,202
4,P01,DR,LU,2,18526,18549,23
4,P01,DR,LU,6,18549,18594,45
4,P01,DR,LU,2,18594,18760,166
4,P01,DR,LU,0,18760,18793,33
4,P01,DR,LU,6,18793,19197,404
4,P01,DR,LU,2,19197,19508,311
4,P01,DR,LU,0,19508,19577,69
4,P01,DR,LU,6,19577,19754,177
4,P01,DR,LU,2,19754,20161,407
4,P01,DR,LU,6,20161,20579,418
4,P01,DR,LU,2,20579,20821,242
4,P01,DR,LU,6,20821,21869,1048
4,P01,DR,LU,2,21869,22210,341
4,P01,DR,LU,6,22210,22354,144
4,P01,DR,LU,2,22354,22975,621
4,P01,DR,LU,6,22975,24079,1104
4,P01,DR,LU,0,24079,24084,5
4,P01,DR,LU,5,24084,24463,379
4,P01,DR,LU,6,24463,68495,44032
4,P01,DR,LU,5,68495,70555,2060
4,P01,DR,LU,6,70555,70715,160
4,P01,DR,LU,5,70715,70959,244
4,P01,DR,LU,6,70959,72196,1237
4,P01,DR,LU,4,72196,72233,37
4,P01,DR,LU,6,72233,72649,416
4,P01,DR,LU,5,72649,72863,214
4,P01,DR,LU,6,72863,73060,197
4,P01,DR,LU,5,73060,73123,63
4,P01,DR,LU,6,73123,73828,705
4,P01,DR,LU,5,73828,74001,173
4,P01,DR,LU,6,74001,76028,2027
4,P01,DR,LU,5,76028,76682,654
4,P01,DR,LU,6,76682,229960,153278
4,P01,DR,LU,4,229960,248427,18467
4,P01,DR,LU,6,248427,266702,18275
4,P01,DR,LU,4,266702,266776,74
4,P01,DR,LU,0,266776,266778,2
4,P01,DR,LU,5,266778,266871,93
4,P01,DR,LU,6,266871,278825,11954
4,P01,DR,LU,0,278825,290543,11718
4,P01,DR,LU,5,290543,290609,66
4,P01,DR,LU,2,290609,290831,222
4,P01,DR,LU,6,290831,329122,38291
4,P01,DR,LU,4,329122,329400,278
4,P01,DR,LU,6,329400,334894,5494
4,P01,DR,LU,4,334894,335064,170
4,P01,DR,LU,6,335064,335266,202
4,P01,DR,LU,4,335266,335268,2
4,P01,DR,LU,6,335268,335281,13
4,P01,DR,LU,4,335281,335357,76
4,P01,DR,LU,6,335357,360160,24803
4,P01,DR,LU,0,360160,360461,301
4,P01,DR,LU,4,360461,364512,4051
4,P01,DR,LU,5,364512,387228,22716
4,P01,DR,LU,6,387228,406423,19195
4,P01,DR,LU,2,406423,406523,100
4,P01,DR,LU,6,406523,407195,672
4,P01,DR,LU,4,407195,419964,12769
4,P01,DR,LU,6,419964,436667,16703
4,P01,DR,LU,5,436667,436836,169
4,P01,DR,LU,2,436836,437542,706
4,P01,DR,LU,0,437542,440525,2983
4,P01,DR,LU,6,440525,443694,3169
4,P01,DR,LU,5,443694,443914,220
4,P01,DR,LU,6,443914,443958,44
4,P01,DR,LU,5,443958,443981,23
4,P01,DR,LU,6,443981,443998,17
4,P01,DR,LU,5,443998,444086,88
4,P01,DR,LU,6,444086,446564,2478
4,P01,DR,LU,4,446564,455294,8730
4,P01,DR,LU,6,455294,465542,10248
4,P01,DR,LU,4,465542,479678,14136
4,P01,DR,LU,6,479678,479691,13
4,P01,DR,LU,1,479691,493856,14165
4,P01,DR,LU,6,493856,497564,3708
4,P01,DR,LU,4,497564,501432,3868
4,P01,DR,LU,6,501432,552596,51164
4,P01,DR,LU,4,552596,552742,146
4,P01,DR,LU,5,552742,552811,69
4,P01,DR,LU,4,552811,552941,130
4,P01,DR,LU,2,552941,552980,39
4,P01,DR,LU,0,552980,553034,54
4,P01,DR,LU,6,553034,553051,17
4,P01,DR,LU,0,553051,567740,14689
4,P01,DR,LU,5,567740,582629,14889
4,P01,DR,LU,6,582629,584619,1990
4,P01,DR,LU,5,584619,584655,36
4,P01,DR,LU,6,584655,584674,19
4,P01,DR,LU,5,584674,584705,31
4,P01,DR,LU,1,584705,584827,122
4,P01,DR,LU,6,584827,584898,71
4,P01,DR,LU,1,584898,584957,59
4,P01,DR,LU,5,584957,585189,232
4,P01,DR,LU,6,585189,597712,12523
4,P01,DR,LU,4,597712,598176,464
4,P01,DR,LU,6,598176,598181,5
4,P01,DR,LU,4,598181,598209,28
4,P01,DR,LU,6,598209,598755,546
4,P01,DR,LU,4,598755,598812,57
4,P01,DR,LU,6,598812,599424,612
4,P01,DR,LU,2,599424,599703,279
4,P01,DR,LU,6,599703,600713,1010
4,P01,DR,LU,4,600713,601393,680
4,P01,DR,LU,6,601393,607788,6395
4,P01,DR,LU,1,607788,608103,315
4,P01,DR,LU,6,608103,609340,1237
4,P01,DR,LU,1,609340,609384,44
4,P01,DR,LU,6,609384,615589,6205
4,P01,DR,LU,4,615589,619733,4144
4,P01,DR,LU,6,619733,622733,3000
4,P01,DR,LU,4,622733,625640,2907
4,P01,DR,LU,6,625640,629819,4179
4,P01,DR,LU,5,629819,629956,137
4,P01,DR,LU,6,629956,635306,5350
4,P01,DR,LU,4,635306,641587,6281
4,P01,DR,LU,5,641587,654628,13041
4,P01,DR,LU,6,654628,662090,7462
4,P01,DR,LU,4,662090,662542,452
4,P01,DR,LU,5,662542,663316,774
4,P01,DR,LU,6,663316,663794,478
4,P01,DR,LU,5,663794,664388,594
4,P01,DR,LU,6,664388,715600,51212
4,P01,DR,LU,2,715600,715750,150
4,P01,DR,LU,6,715750,721024,5274
4,P01,DR,LU,5,721024,721204,180
4,P01,DR,LU,6,721204,721376,172
4,P01,DR,LU,2,721376,721818,442
4,P01,DR,LU,6,721818,728905,7087
4,P01,DR,LU,4,728905,730256,1351
4,P01,DR,LU,6,730256,797688,67432
4,P01,DR,LU,4,797688,807705,10017
4,P01,DR,LU,6,807705,879893,72188
4,P01,DR,LU,4,879893,951683,71790
4,P01,DR,LU,6,951683,1180929,229246
5,P01,DR,XP,0,0,114,114
5,P01,DR,XP,6,114,72903,72789
5,P01,DR,XP,4,72903,73229,326
5,P01,DR,XP,6,73229,174479,101250
5,P01,DR,XP,0,174479,189671,15192
5,P01,DR,XP,3,189671,189738,67
5,P01,DR,XP,0,189738,189793,55
5,P01,DR,XP,3,189793,190749,956
5,P01,DR,XP,6,190749,190975,226
5,P01,DR,XP,3,190975,194123,3148
5,P01,DR,XP,0,194123,229096,34973
5,P01,DR,XP,6,229096,265456,36360
5,P01,DR,XP,5,265456,266245,789
5,P01,DR,XP,6,266245,285860,19615
5,P01,DR,XP,0,285860,290258,4398
5,P01,DR,XP,6,290258,432252,141994
5,P01,DR,XP,4,432252,436744,4492
5,P01,DR,XP,6,436744,459235,22491
5,P01,DR,XP,0,459235,493803,34568
5,P01,DR,XP,6,493803,556165,62362
5,P01,DR,XP,0,556165,559243,3078
5,P01,DR,XP,6,559243,584836,25593
5,P01,DR,XP,5,584836,597188,12352
5,P01,DR,XP,6,597188,808857,211669
5,P01,DR,XP,0,808857,1180929,372072
6,P01,UL,FR,5,0,357,357
6,P01,UL,FR,1,357,3492,3135
6,P01,UL,FR,6,3492,4906,1414
6,P01,UL,FR,3,4906,6149,1243
6,P01,UL,FR,6,6149,6228,79
6,P01,UL,FR,3,6228,6960,732
6,P01,UL,FR,6,6960,7505,545
6,P01,UL,FR,3,7505,7688,183
6,P01,UL,FR,6,7688,14383,6695
6,P01,UL,FR,1,14383,14544,161
6,P01,UL,FR,6,14544,15815,1271
6,P01,UL,FR,1,15815,16049,234
6,P01,UL,FR,6,16049,19232,3183
6,P01,UL,FR,1,19232,19516,284
6,P01,UL,FR,6,19516,21668,2152
6,P01,UL,FR,5,21668,21842,174
6,P01,UL,FR,6,21842,23606,1764
6,P01,UL,FR,1,23606,23634,28
6,P01,UL,FR,6,23634,23891,257
6,P01,UL,FR,1,23891,25567,1676
6,P01,UL,FR,6,25567,26449,882
6,P01,UL,FR,1,26449,30930,4481
6,P01,UL,FR,6,30930,33161,2231
6,P01,UL,FR,1,33161,33359,198
6,P01,UL,FR,6,33359,34048,689
6,P01,UL,FR,1,34048,34381,333
6,P01,UL,FR,6,34381,35279,898
6,P01,UL,FR,1,35279,39730,4451
6,P01,UL,FR,6,39730,41495,1765
6,P01,UL,FR,1,41495,53164,11669
6,P01,UL,FR,6,53164,58879,5715
6,P01,UL,FR,1,58879,59359,480
6,P01,UL,FR,6,59359,60576,1217
6,P01,UL,FR,1,60576,67062,6486
6,P01,UL,FR,6,67062,68737,1675
6,P01,UL,FR,1,68737,73994,5257
6,P01,UL,FR,6,73994,74501,507
6,P01,UL,FR,1,74501,74883,382
6,P01,UL,FR,6,74883,75457,574
6,P01,UL,FR,5,75457,75987,530
6,P01,UL,FR,6,75987,76412,425
6,P01,UL,FR,1,76412,77023,611
6,P01,UL,FR,6,77023,78979,1956
6,P01,UL,FR,1,78979,79184,205
6,P01,UL,FR,6,79184,80070,886
6,P01,UL,FR,5,80070,80885,815
6,P01,UL,FR,6,80885,84705,3820
6,P01,UL,FR,1,84705,87344,2639
6,P01,UL,FR,6,87344,87690,346
6,P01,UL,FR,1,87690,88342,652
6,P01,UL,FR,6,88342,88626,284
6,P01,UL,FR,1,88626,89801,1175
6,P01,UL,FR,6,89801,103227,13426
6,P01,UL,FR,1,103227,108816,5589
6,P01,UL,FR,6,108816,109063,247
6,P01,UL,FR,1,109063,109084,21
6,P01,UL,FR,6,109084,109524,440
6,P01,UL,FR,3,109524,109911,387
6,P01,UL,FR,6,109911,111829,1918
6,P01,UL,FR,1,111829,111979,150
6,P01,UL,FR,6,111979,112491,512
6,P01,UL,FR,1,112491,114798,2307
6,P01,UL,FR,6,114798,115906,1108
6,P01,UL,FR,1,115906,116770,864
6,P01,UL,FR,6,116770,116856,86
6,P01,UL,FR,1,116856,119880,3024
6,P01,UL,FR,6,119880,120184,304
6,P01,UL,FR,1,120184,120443,259
6,P01,UL,FR,6,120443,131044,10601
6,P01,UL,FR,1,131044,134030,2986
6,P01,UL,FR,6,134030,134403,373
6,P01,UL,FR,3,134403,134591,188
6,P01,UL,FR,6,134591,135539,948
6,P01,UL,FR,1,135539,136937,1398
6,P01,UL,FR,6,136937,137047,110
6,P01,UL,FR,1,137047,141883,4836
6,P01,UL,FR,6,141883,168052,26169
6,P01,UL,FR,1,168052,169478,1426
6,P01,UL,FR,6,169478,169765,287
6,P01,UL,FR,1,169765,170091,326
6,P01,UL,FR,6,170091,170301,210
6,P01,UL,FR,1,170301,171655,1354
6,P01,UL,FR,6,171655,171711,56
6,P01,UL,FR,1,171711,172255,544
6,P01,UL,FR,6,172255,201659,29404
6,P01,UL,FR,1,201659,202912,1253
6,P01,UL,FR,6,202912,212832,9920
6,P01,UL,FR,1,212832,220814,7982
6,P01,UL,FR,6,220814,228957,8143
6,P01,UL,FR,1,228957,229216,259
6,P01,UL,FR,6,229216,229952,736
6,P01,UL,FR,5,229952,230132,180
6,P01,UL,FR,6,230132,241270,11138
6,P01,UL,FR,1,241270,241626,356
6,P01,UL,FR,6,241626,241830,204
6,P01,UL,FR,1,241830,242501,671
6,P01,UL,FR,6,242501,244598,2097
6,P01,UL,FR,5,244598,244702,104
6,P01,UL,FR,1,244702,244859,157
6,P01,UL,FR,6,244859,247218,2359
6,P01,UL,FR,5,247218,247642,424
6,P01,UL,FR,6,247642,261353,13711
6,P01,UL,FR,1,261353,264454,3101
6,P01,UL,FR,2,264454,266320,1866
6,P01,UL,FR,1,266320,267695,1375
6,P01,UL,FR,5,267695,269107,1412
6,P01,UL,FR,6,269107,270508,1401
6,P01,UL,FR,1,270508,272489,1981
6,P01,UL,FR,6,272489,274303,1814
6,P01,UL,FR,1,274303,274629,326
6,P01,UL,FR,6,274629,275946,1317
6,P01,UL,FR,1,275946,277732,1786
6,P01,UL,FR,6,277732,289904,12172
6,P01,UL,FR,2,289904,290240,336
6,P01,UL,FR,6,290240,308419,18179
6,P01,UL,FR,1,308419,308843,424
6,P01,UL,FR,6,308843,316182,7339
6,P01,UL,FR,1,316182,317139,957
6,P01,UL,FR,6,317139,317295,156
6,P01,UL,FR,1,317295,317986,691
6,P01,UL,FR,6,317986,318334,348
6,P01,UL,FR,5,318334,318663,329
6,P01,UL,FR,6,318663,318848,185
6,P01,UL,FR,5,318848,319046,198
6,P01,UL,FR,6,319046,376128,57082
6,P01,UL,FR,1,376128,376248,120
6,P01,UL,FR,6,376248,379010,2762
6,P01,UL,FR,5,379010,379434,424
6,P01,UL,FR,6,379434,382895,3461
6,P01,UL,FR,1,382895,383693,798
6,P01,UL,FR,6,383693,384884,1191
6,P01,UL,FR,1,384884,387096,2212
6,P01,UL,FR,6,387096,389853,2757
6,P01,UL,FR,4,389853,401900,12047
6,P01,UL,FR,6,401900,431571,29671
6,P01,UL,FR,4,431571,431816,245
6,P01,UL,FR,6,431816,431994,178
6,P01,UL,FR,1,431994,432468,474
6,P01,UL,FR,6,432468,434497,2029
6,P01,UL,FR,1,434497,436753,2256
6,P01,UL,FR,2,436753,436962,209
6,P01,UL,FR,1,436962,437616,654
6,P01,UL,FR,6,437616,438292,676
6,P01,UL,FR,1,438292,438890,598
6,P01,UL,FR,6,438890,440521,1631
6,P01,UL,FR,5,440521,441829,1308
6,P01,UL,FR,6,441829,443604,1775
6,P01,UL,FR,2,443604,444155,551
6,P01,UL,FR,6,444155,470376,26221
6,P01,UL,FR,5,470376,470662,286
6,P01,UL,FR,6,470662,471619,957
6,P01,UL,FR,3,471619,471932,313
6,P01,UL,FR,6,471932,482070,10138
6,P01,UL,FR,4,482070,482514,444
6,P01,UL,FR,6,482514,482734,220
6,P01,UL,FR,1,482734,484188,1454
6,P01,UL,FR,6,484188,493725,9537
6,P01,UL,FR,1,493725,494446,721
6,P01,UL,FR,6,494446,525164,30718
6,P01,UL,FR,1,525164,525349,185
6,P01,UL,FR,5,525349,525465,116
6,P01,UL,FR,1,525465,525921,456
6,P01,UL,FR,6,525921,542398,16477
6,P01,UL,FR,1,542398,543083,685
6,P01,UL,FR,6,543083,543422,339
6,P01,UL,FR,1,543422,544149,727
6,P01,UL,FR,6,544149,544260,111
6,P01,UL,FR,1,544260,544684,424
6,P01,UL,FR,6,544684,545629,945
6,P01,UL,FR,1,545629,545648,19
6,P01,UL,FR,6,545648,545653,5
6,P01,UL,FR,1,545653,545655,2
6,P01,UL,FR,6,545655,545780,125
6,P01,UL,FR,1,545780,546055,275
6,P01,UL,FR,6,546055,565793,19738
6,P01,UL,FR,1,565793,566329,536
6,P01,UL,FR,6,566329,566428,99
6,P01,UL,FR,1,566428,566686,258
6,P01,UL,FR,6,566686,582780,16094
6,P01,UL,FR,1,582780,583293,513
6,P01,UL,FR,2,583293,584550,1257
6,P01,UL,FR,1,584550,585152,602
6,P01,UL,FR,6,585152,586249,1097
6,P01,UL,FR,1,586249,586854,605
6,P01,UL,FR,6,586854,592660,5806
6,P01,UL,FR,1,592660,594819,2159
6,P01,UL,FR,6,594819,595147,328
6,P01,UL,FR,1,595147,595766,619
6,P01,UL,FR,6,595766,595847,81
6,P01,UL,FR,1,595847,596408,561
6,P01,UL,FR,6,596408,596488,80
6,P01,UL,FR,5,596488,597312,824
6,P01,UL,FR,1,597312,597778,466
6,P01,UL,FR,5,597778,598600,822
6,P01,UL,FR,6,598600,603856,5256
6,P01,UL,FR,1,603856,608659,4803
6,P01,UL,FR,6,608659,608731,72
6,P01,UL,FR,1,608731,611135,2404
6,P01,UL,FR,6,611135,619477,8342
6,P01,UL,FR,4,619477,620081,604
6,P01,UL,FR,6,620081,620117,36
6,P01,UL,FR,1,620117,622355,2238
6,P01,UL,FR,6,622355,629068,6713
6,P01,UL,FR,1,629068,629235,167
6,P01,UL,FR,6,629235,629752,517
6,P01,UL,FR,1,629752,630198,446
6,P01,UL,FR,6,630198,630901,703
6,P01,UL,FR,1,630901,631582,681
6,P01,UL,FR,6,631582,631690,108
6,P01,UL,FR,1,631690,632935,1245
6,P01,UL,FR,6,632935,633159,224
6,P01,UL,FR,1,633159,634165,1006
6,P01,UL,FR,6,634165,634487,322
6,P01,UL,FR,1,634487,634723,236
6,P01,UL,FR,6,634723,648036,13313
6,P01,UL,FR,1,648036,648810,774
6,P01,UL,FR,6,648810,661273,12463
6,P01,UL,FR,1,661273,661659,386
6,P01,UL,FR,6,661659,663349,1690
6,P01,UL,FR,1,663349,663551,202
6,P01,UL,FR,6,663551,663762,211
6,P01,UL,FR,2,663762,663941,179
6,P01,UL,FR,6,663941,664259,318
6,P01,UL,FR,4,664259,665092,833
6,P01,UL,FR,1,665092,668320,3228
6,P01,UL,FR,6,668320,678262,9942
6,P01,UL,FR,3,678262,679039,777
6,P01,UL,FR,6,679039,679307,268
6,P01,UL,FR,2,679307,679594,287
6,P01,UL,FR,6,679594,680903,1309
6,P01,UL,FR,1,680903,681365,462
6,P01,UL,FR,6,681365,716556,35191
6,P01,UL,FR,1,716556,717431,875
6,P01,UL,FR,6,717431,717645,214
6,P01,UL,FR,1,717645,718097,452
6,P01,UL,FR,6,718097,718200,103
6,P01,UL,FR,1,718200,719136,936
6,P01,UL,FR,6,719136,721675,2539
6,P01,UL,FR,4,721675,722524,849
6,P01,UL,FR,6,722524,723081,557
6,P01,UL,FR,1,723081,723414,333
6,P01,UL,FR,6,723414,733283,9869
6,P01,UL,FR,1,733283,733774,491
6,P01,UL,FR,6,733774,734990,1216
6,P01,UL,FR,1,734990,735375,385
6,P01,UL,FR,6,735375,817394,82019
6,P01,UL,FR,5,817394,817704,310
6,P01,UL,FR,6,817704,818155,451
6,P01,UL,FR,5,818155,818634,479
6,P01,UL,FR,6,818634,829302,10668
6,P01,UL,FR,1,829302,834217,4915
6,P01,UL,FR,6,834217,834861,644
6,P01,UL,FR,3,834861,835116,255
6,P01,UL,FR,6,835116,836411,1295
6,P01,UL,FR,5,836411,836961,550
6,P01,UL,FR,6,836961,838863,1902
6,P01,UL,FR,4,838863,838947,84
6,P01,UL,FR,6,838947,840807,1860
6,P01,UL,FR,1,840807,840996,189
6,P01,UL,FR,6,840996,873035,32039
6,P01,UL,FR,4,873035,884055,11020
6,P01,UL,FR,6,884055,895691,11636
6,P01,UL,FR,1,895691,896249,558
6,P01,UL,FR,6,896249,897357,1108
6,P01,UL,FR,1,897357,897695,338
6,P01,UL,FR,6,897695,898533,838
6,P01,UL,FR,1,898533,898674,141
6,P01,UL,FR,6,898674,899353,679
6,P01,UL,FR,4,899353,918130,18777
6,P01,UL,FR,6,918130,944093,25963
6,P01,UL,FR,5,944093,952043,7950
6,P01,UL,FR,6,952043,955892,3849
6,P01,UL,FR,1,955892,956234,342
6,P01,UL,FR,6,956234,956744,510
6,P01,UL,FR,1,956744,959026,2282
6,P01,UL,FR,6,959026,960465,1439
6,P01,UL,FR,1,960465,962901,2436
6,P01,UL,FR,6,962901,968884,5983
6,P01,UL,FR,2,968884,969041,157
6,P01,UL,FR,1,969041,971229,2188
6,P01,UL,FR,6,971229,971308,79
6,P01,UL,FR,1,971308,972134,826
6,P01,UL,FR,6,972134,972938,804
6,P01,UL,FR,1,972938,977274,4336
6,P01,UL,FR,6,977274,977581,307
6,P01,UL,FR,1,977581,977873,292
6,P01,UL,FR,6,977873,978646,773
6,P01,UL,FR,1,978646,980282,1636
6,P01,UL,FR,6,980282,980360,78
6,P01,UL,FR,1,980360,982008,1648
6,P01,UL,FR,6,982008,993630,11622
6,P01,UL,FR,1,993630,1001560,7930
6,P01,UL,FR,6,1001560,1010789,9229
6,P01,UL,FR,4,1010789,1012405,1616
6,P01,UL,FR,6,1012405,1028824,16419
6,P01,UL,FR,1,1028824,1029351,527
6,P01,UL,FR,6,1029351,1034249,4898
6,P01,UL,FR,1,1034249,1034350,101
6,P01,UL,FR,6,1034350,1034497,147
6,P01,UL,FR,1,1034497,1034826,329
6,P01,UL,FR,6,1034826,1035362,536
6,P01,UL,FR,1,1035362,1039190,3828
6,P01,UL,FR,6,1039190,1055700,16510
6,P01,UL,FR,4,1055700,1063253,7553
6,P01,UL,FR,6,1063253,1106408,43155
6,P01,UL,FR,4,1106408,1106625,217
6,P01,UL,FR,6,1106625,1106750,125
6,P01,UL,FR,4,1106750,1107596,846
6,P01,UL,FR,6,1107596,1124701,17105
6,P01,UL,FR,4,1124701,1130697,5996
6,P01,UL,FR,6,1130697,1134970,4273
6,P01,UL,FR,4,1134970,1136913,1943
6,P01,UL,FR,6,1136913,1137489,576
6,P01,UL,FR,4,1137489,1138164,675
6,P01,UL,FR,1,1138164,1138510,346
6,P01,UL,FR,4,1138510,1159390,20880
6,P01,UL,FR,6,1159390,1180929,21539
7,P01,UL,LU,6,0,12809,12809
7,P01,UL,LU,2,12809,12907,98
7,P01,UL,LU,6,12907,14490,1583
7,P01,UL,LU,2,14490,14551,61
7,P01,UL,LU,6,14551,14903,352
7,P01,UL,LU,2,14903,14942,39
7,P01,UL,LU,6,14942,15352,410
7,P01,UL,LU,2,15352,15584,232
7,P01,UL,LU,6,15584,15624,40
7,P01,UL,LU,2,15624,16491,867
7,P01,UL,LU,6,16491,16520,29
7,P01,UL,LU,2,16520,16585,65
7,P01,UL,LU,6,16585,17670,1085
7,P01,UL,LU,3,17670,18133,463
7,P01,UL,LU,6,18133,18948,815
7,P01,UL,LU,3,18948,19047,99
7,P01,UL,LU,6,19047,19063,16
7,P01,UL,LU,3,19063,19067,4
7,P01,UL,LU,6,19067,23505,4438
7,P01,UL,LU,0,23505,23683,178
7,P01,UL,LU,6,23683,40265,16582
7,P01,UL,LU,2,40265,40296,31
7,P01,UL,LU,6,40296,40384,88
7,P01,UL,LU,2,40384,40423,39
7,P01,UL,LU,6,40423,41877,1454
7,P01,UL,LU,0,41877,42826,949
7,P01,UL,LU,6,42826,51038,8212
7,P01,UL,LU,1,51038,51078,40
7,P01,UL,LU,6,51078,51442,364
7,P01,UL,LU,1,51442,51541,99
7,P01,UL,LU,6,51541,73020,21479
7,P01,UL,LU,3,73020,73195,175
7,P01,UL,LU,6,73195,96143,22948
7,P01,UL,LU,0,96143,96156,13
7,P01,UL,LU,6,96156,97569,1413
7,P01,UL,LU,4,97569,97854,285
7,P01,UL,LU,0,97854,97956,102
7,P01,UL,LU,4,97956,97970,14
7,P01,UL,LU,0,97970,98021,51
7,P01,UL,LU,4,98021,98044,23
7,P01,UL,LU,0,98044,98282,238
7,P01,UL,LU,4,98282,98300,18
7,P01,UL,LU,0,98300,98316,16
7,P01,UL,LU,4,98316,98480,164
7,P01,UL,LU,0,98480,98668,188
7,P01,UL,LU,6,98668,99076,408
7,P01,UL,LU,3,99076,99366,290
7,P01,UL,LU,6,99366,102502,3136
7,P01,UL,LU,3,102502,102685,183
7,P01,UL,LU,6,102685,109284,6599
7,P01,UL,LU,3,109284,109322,38
7,P01,UL,LU,6,109322,113419,4097
7,P01,UL,LU,0,113419,114221,802
7,P01,UL,LU,6,114221,114371,150
7,P01,UL,LU,0,114371,114462,91
7,P01,UL,LU,6,114462,116235,1773
7,P01,UL,LU,0,116235,116301,66
7,P01,UL,LU,6,116301,120169,3868
7,P01,UL,LU,1,120169,120205,36
7,P01,UL,LU,6,120205,145636,25431
7,P01,UL,LU,0,145636,145795,159
7,P01,UL,LU,4,145795,146007,212
7,P01,UL,LU,0,146007,146766,759
7,P01,UL,LU,4,146766,146797,31
7,P01,UL,LU,0,146797,147273,476
7,P01,UL,LU,4,147273,147311,38
7,P01,UL,LU,0,147311,147331,20
7,P01,UL,LU,4,147331,147334,3
7,P01,UL,LU,0,147334,147479,145
7,P01,UL,LU,4,147479,147524,45
7,P01,UL,LU,0,147524,148411,887
7,P01,UL,LU,4,148411,148857,446
7,P01,UL,LU,0,148857,149092,235
7,P01,UL,LU,4,149092,150129,1037
7,P01,UL,LU,0,150129,150580,451
7,P01,UL,LU,4,150580,150696,116
7,P01,UL,LU,0,150696,150863,167
7,P01,UL,LU,6,150863,151539,676
7,P01,UL,LU,0,151539,151557,18
7,P01,UL,LU,6,151557,151583,26
7,P01,UL,LU,0,151583,151629,46
7,P01,UL,LU,6,151629,151648,19
7,P01,UL,LU,0,151648,151812,164
7,P01,UL,LU,4,151812,152137,325
7,P01,UL,LU,0,152137,152432,295
7,P01,UL,LU,4,152432,152688,256
7,P01,UL,LU,0,152688,152949,261
7,P01,UL,LU,4,152949,152959,10
7,P01,UL,LU,0,152959,152973,14
7,P01,UL,LU,4,152973,153320,347
7,P01,UL,LU,0,153320,153599,279
7,P01,UL,LU,6,153599,153626,27
7,P01,UL,LU,0,153626,153662,36
7,P01,UL,LU,6,153662,153723,61
7,P01,UL,LU,0,153723,153767,44
7,P01,UL,LU,4,153767,153900,133
7,P01,UL,LU,0,153900,153906,6
7,P01,UL,LU,6,153906,154158,252
7,P01,UL,LU,0,154158,154375,217
7,P01,UL,LU,4,154375,154410,35
7,P01,UL,LU,0,154410,154427,17
7,P01,UL,LU,4,154427,156025,1598
7,P01,UL,LU,6,156025,156162,137
7,P01,UL,LU,0,156162,156695,533
7,P01,UL,LU,4,156695,156842,147
7,P01,UL,LU,0,156842,156874,32
7,P01,UL,LU,6,156874,156964,90
7,P01,UL,LU,0,156964,157068,104
7,P01,UL,LU,6,157068,157378,310
7,P01,UL,LU,0,157378,157473,95
7,P01,UL,LU,6,157473,157576,103
7,P01,UL,LU,0,157576,157748,172
7,P01,UL,LU,4,157748,157845,97
7,P01,UL,LU,0,157845,158153,308
7,P01,UL,LU,4,158153,158185,32
7,P01,UL,LU,0,158185,158226,41
7,P01,UL,LU,4,158226,158231,5
7,P01,UL,LU,0,158231,158551,320
7,P01,UL,LU,6,158551,158654,103
7,P01,UL,LU,0,158654,158657,3
7,P01,UL,LU,6,158657,158683,26
7,P01,UL,LU,0,158683,159058,375
7,P01,UL,LU,6,159058,159191,133
7,P01,UL,LU,0,159191,159457,266
7,P01,UL,LU,6,159457,159505,48
7,P01,UL,LU,0,159505,160151,646
7,P01,UL,LU,6,160151,160155,4
7,P01,UL,LU,0,160155,160226,71
7,P01,UL,LU,6,160226,160386,160
7,P01,UL,LU,0,160386,160493,107
7,P01,UL,LU,6,160493,160680,187
7,P01,UL,LU,0,160680,161277,597
7,P01,UL,LU,6,161277,161332,55
7,P01,UL,LU,0,161332,161353,21
7,P01,UL,LU,6,161353,161435,82
7,P01,UL,LU,0,161435,161587,152
7,P01,UL,LU,6,161587,161924,337
7,P01,UL,LU,0,161924,161944,20
7,P01,UL,LU,4,161944,162163,219
7,P01,UL,LU,0,162163,162277,114
7,P01,UL,LU,6,162277,162390,113
7,P01,UL,LU,0,162390,162569,179
7,P01,UL,LU,4,162569,162738,169
7,P01,UL,LU,6,162738,162790,52
7,P01,UL,LU,4,162790,163095,305
7,P01,UL,LU,0,163095,163133,38
7,P01,UL,LU,4,163133,163155,22
7,P01,UL,LU,6,163155,163560,405
7,P01,UL,LU,0,163560,163562,2
7,P01,UL,LU,6,163562,163595,33
7,P01,UL,LU,0,163595,163650,55
7,P01,UL,LU,6,163650,164377,727
7,P01,UL,LU,4,164377,164504,127
7,P01,UL,LU,0,164504,164566,62
7,P01,UL,LU,4,164566,164921,355
7,P01,UL,LU,0,164921,165027,106
7,P01,UL,LU,4,165027,165141,114
7,P01,UL,LU,0,165141,165182,41
7,P01,UL,LU,6,165182,190719,25537
7,P01,UL,LU,4,190719,190924,205
7,P01,UL,LU,0,190924,191514,590
7,P01,UL,LU,4,191514,191692,178
7,P01,UL,LU,0,191692,191755,63
7,P01,UL,LU,4,191755,193535,1780
7,P01,UL,LU,0,193535,196358,2823
7,P01,UL,LU,4,196358,196611,253
7,P01,UL,LU,6,196611,206883,10272
7,P01,UL,LU,2,206883,206934,51
7,P01,UL,LU,6,206934,213075,6141
7,P01,UL,LU,0,213075,213077,2
7,P01,UL,LU,4,213077,213226,149
7,P01,UL,LU,0,213226,213400,174
7,P01,UL,LU,6,213400,213529,129
7,P01,UL,LU,0,213529,213594,65
7,P01,UL,LU,6,213594,215247,1653
7,P01,UL,LU,0,215247,215270,23
7,P01,UL,LU,6,215270,216490,1220
7,P01,UL,LU,0,216490,217958,1468
7,P01,UL,LU,6,217958,218022,64
7,P01,UL,LU,0,218022,218167,145
7,P01,UL,LU,6,218167,218193,26
7,P01,UL,LU,0,218193,218241,48
7,P01,UL,LU,6,218241,218249,8
7,P01,UL,LU,4,218249,218375,126
7,P01,UL,LU,0,218375,219530,1155
7,P01,UL,LU,6,219530,220075,545
7,P01,UL,LU,0,220075,220105,30
7,P01,UL,LU,4,220105,220161,56
7,P01,UL,LU,0,220161,220307,146
7,P01,UL,LU,4,220307,220916,609
7,P01,UL,LU,6,220916,222113,1197
7,P01,UL,LU,4,222113,222118,5
7,P01,UL,LU,6,222118,225332,3214
7,P01,UL,LU,4,225332,225425,93
7,P01,UL,LU,6,225425,226854,1429
7,P01,UL,LU,4,226854,227639,785
7,P01,UL,LU,6,227639,229166,1527
7,P01,UL,LU,4,229166,229305,139
7,P01,UL,LU,6,229305,236997,7692
7,P01,UL,LU,4,236997,237074,77
7,P01,UL,LU,6,237074,244351,7277
7,P01,UL,LU,5,244351,244507,156
7,P01,UL,LU,2,244507,244620,113
7,P01,UL,LU,5,244620,244641,21
7,P01,UL,LU,6,244641,252893,8252
7,P01,UL,LU,4,252893,253060,167
7,P01,UL,LU,6,253060,256050,2990
7,P01,UL,LU,4,256050,256165,115
7,P01,UL,LU,6,256165,260514,4349
7,P01,UL,LU,4,260514,260635,121
7,P01,UL,LU,6,260635,261857,1222
7,P01,UL,LU,1,261857,261883,26
7,P01,UL,LU,6,261883,262633,750
7,P01,UL,LU,1,262633,262687,54
7,P01,UL,LU,6,262687,265283,2596
7,P01,UL,LU,3,265283,266421,1138
7,P01,UL,LU,1,266421,266714,293
7,P01,UL,LU,6,266714,267430,716
7,P01,UL,LU,0,267430,267453,23
7,P01,UL,LU,4,267453,267581,128
7,P01,UL,LU,6,267581,269786,2205
7,P01,UL,LU,0,269786,269833,47
7,P01,UL,LU,4,269833,270042,209
7,P01,UL,LU,0,270042,270530,488
7,P01,UL,LU,6,270530,277827,7297
7,P01,UL,LU,4,277827,278040,213
7,P01,UL,LU,6,278040,281336,3296
7,P01,UL,LU,5,281336,281630,294
7,P01,UL,LU,6,281630,282141,511
7,P01,UL,LU,3,282141,282376,235
7,P01,UL,LU,6,282376,283308,932
7,P01,UL,LU,0,283308,283377,69
7,P01,UL,LU,6,283377,283531,154
7,P01,UL,LU,0,283531,283803,272
7,P01,UL,LU,6,283803,284047,244
7,P01,UL,LU,0,284047,284268,221
7,P01,UL,LU,4,284268,284317,49
7,P01,UL,LU,0,284317,284342,25
7,P01,UL,LU,4,284342,284353,11
7,P01,UL,LU,0,284353,284444,91
7,P01,UL,LU,4,284444,284775,331
7,P01,UL,LU,6,284775,285205,430
7,P01,UL,LU,0,285205,285224,19
7,P01,UL,LU,6,285224,285251,27
7,P01,UL,LU,0,285251,285321,70
7,P01,UL,LU,4,285321,285416,95
7,P01,UL,LU,0,285416,285449,33
7,P01,UL,LU,4,285449,285932,483
7,P01,UL,LU,0,285932,285962,30
7,P01,UL,LU,4,285962,286047,85
7,P01,UL,LU,0,286047,287495,1448
7,P01,UL,LU,4,287495,287528,33
7,P01,UL,LU,0,287528,287534,6
7,P01,UL,LU,4,287534,287643,109
7,P01,UL,LU,0,287643,287947,304
7,P01,UL,LU,4,287947,288153,206
7,P01,UL,LU,0,288153,288504,351
7,P01,UL,LU,4,288504,289724,1220
7,P01,UL,LU,0,289724,289899,175
7,P01,UL,LU,6,289899,290048,149
7,P01,UL,LU,3,290048,290404,356
7,P01,UL,LU,6,290404,292857,2453
7,P01,UL,LU,4,292857,295268,2411
7,P01,UL,LU,0,295268,295282,14
7,P01,UL,LU,4,295282,298472,3190
7,P01,UL,LU,6,298472,303267,4795
7,P01,UL,LU,4,303267,303528,261
7,P01,UL,LU,0,303528,303737,209
7,P01,UL,LU,4,303737,304064,327
7,P01,UL,LU,0,304064,304408,344
7,P01,UL,LU,6,304408,304519,111
7,P01,UL,LU,4,304519,304697,178
7,P01,UL,LU,0,304697,304950,253
7,P01,UL,LU,6,304950,305041,91
7,P01,UL,LU,0,305041,305057,16
7,P01,UL,LU,6,305057,305106,49
7,P01,UL,LU,0,305106,305336,230
7,P01,UL,LU,4,305336,305512,176
7,P01,UL,LU,0,305512,306121,609
7,P01,UL,LU,4,306121,306388,267
7,P01,UL,LU,0,306388,307018,630
7,P01,UL,LU,6,307018,307041,23
7,P01,UL,LU,0,307041,307044,3
7,P01,UL,LU,6,307044,307064,20
7,P01,UL,LU,0,307064,307099,35
7,P01,UL,LU,6,307099,308288,1189
7,P01,UL,LU,2,308288,308319,31
7,P01,UL,LU,4,308319,308612,293
7,P01,UL,LU,0,308612,308628,16
7,P01,UL,LU,2,308628,308686,58
7,P01,UL,LU,3,308686,309369,683
7,P01,UL,LU,6,309369,310708,1339
7,P01,UL,LU,3,310708,310870,162
7,P01,UL,LU,6,310870,310988,118
7,P01,UL,LU,3,310988,311296,308
7,P01,UL,LU,0,311296,311376,80
7,P01,UL,LU,6,311376,312963,1587
7,P01,UL,LU,0,312963,313251,288
7,P01,UL,LU,4,313251,313304,53
7,P01,UL,LU,0,313304,313445,141
7,P01,UL,LU,6,313445,313507,62
7,P01,UL,LU,0,313507,314551,1044
7,P01,UL,LU,4,314551,314660,109
7,P01,UL,LU,0,314660,316152,1492
7,P01,UL,LU,4,316152,316241,89
7,P01,UL,LU,0,316241,317331,1090
7,P01,UL,LU,4,317331,317384,53
7,P01,UL,LU,0,317384,317874,490
7,P01,UL,LU,4,317874,317922,48
7,P01,UL,LU,6,317922,325775,7853
7,P01,UL,LU,2,325775,325786,11
7,P01,UL,LU,4,325786,326578,792
7,P01,UL,LU,0,326578,326655,77
7,P01,UL,LU,6,326655,334347,7692
7,P01,UL,LU,2,334347,334527,180
7,P01,UL,LU,4,334527,335303,776
7,P01,UL,LU,6,335303,336316,1013
7,P01,UL,LU,2,336316,336336,20
7,P01,UL,LU,6,336336,340544,4208
7,P01,UL,LU,2,340544,340626,82
7,P01,UL,LU,6,340626,341309,683
7,P01,UL,LU,2,341309,341368,59
7,P01,UL,LU,6,341368,342777,1409
7,P01,UL,LU,4,342777,342870,93
7,P01,UL,LU,6,342870,343873,1003
7,P01,UL,LU,4,343873,344034,161
7,P01,UL,LU,6,344034,347548,3514
7,P01,UL,LU,4,347548,347726,178
7,P01,UL,LU,6,347726,350919,3193
7,P01,UL,LU,4,350919,350973,54
7,P01,UL,LU,6,350973,350990,17
7,P01,UL,LU,4,350990,351706,716
7,P01,UL,LU,6,351706,352028,322
7,P01,UL,LU,0,352028,352318,290
7,P01,UL,LU,4,352318,352333,15
7,P01,UL,LU,0,352333,352749,416
7,P01,UL,LU,4,352749,352922,173
7,P01,UL,LU,0,352922,353113,191
7,P01,UL,LU,4,353113,353327,214
7,P01,UL,LU,0,353327,353810,483
7,P01,UL,LU,4,353810,353948,138
7,P01,UL,LU,6,353948,356738,2790
7,P01,UL,LU,2,356738,356830,92
7,P01,UL,LU,6,356830,358112,1282
7,P01,UL,LU,0,358112,358113,1
7,P01,UL,LU,2,358113,358237,124
7,P01,UL,LU,4,358237,358437,200
7,P01,UL,LU,0,358437,358655,218
7,P01,UL,LU,6,358655,358969,314
7,P01,UL,LU,0,358969,359072,103
7,P01,UL,LU,4,359072,360460,1388
7,P01,UL,LU,6,360460,363592,3132
7,P01,UL,LU,4,363592,365062,1470
7,P01,UL,LU,6,365062,365467,405
7,P01,UL,LU,4,365467,365481,14
7,P01,UL,LU,6,365481,365482,1
7,P01,UL,LU,4,365482,365650,168
7,P01,UL,LU,6,365650,365824,174
7,P01,UL,LU,4,365824,365862,38
7,P01,UL,LU,6,365862,365914,52
7,P01,UL,LU,4,365914,365933,19
7,P01,UL,LU,6,365933,366036,103
7,P01,UL,LU,4,366036,366381,345
7,P01,UL,LU,0,366381,366392,11
7,P01,UL,LU,4,366392,366427,35
7,P01,UL,LU,0,366427,366509,82
7,P01,UL,LU,6,366509,366724,215
7,P01,UL,LU,4,366724,366961,237
7,P01,UL,LU,0,366961,367055,94
7,P01,UL,LU,4,367055,367203,148
7,P01,UL,LU,0,367203,367269,66
7,P01,UL,LU,4,367269,367999,730
7,P01,UL,LU,6,367999,371735,3736
7,P01,UL,LU,4,371735,376122,4387
7,P01,UL,LU,6,376122,376904,782
7,P01,UL,LU,3,376904,377185,281
7,P01,UL,LU,6,377185,377314,129
7,P01,UL,LU,3,377314,377471,157
7,P01,UL,LU,6,377471,378245,774
7,P01,UL,LU,0,378245,378264,19
7,P01,UL,LU,4,378264,378281,17
7,P01,UL,LU,0,378281,378298,17
7,P01,UL,LU,4,378298,378317,19
7,P01,UL,LU,0,378317,378378,61
7,P01,UL,LU,4,378378,378412,34
7,P01,UL,LU,0,378412,378517,105
7,P01,UL,LU,4,378517,379013,496
7,P01,UL,LU,0,379013,379127,114
7,P01,UL,LU,6,379127,379577,450
7,P01,UL,LU,0,379577,379810,233
7,P01,UL,LU,4,379810,379835,25
7,P01,UL,LU,0,379835,379850,15
7,P01,UL,LU,4,379850,379859,9
7,P01,UL,LU,0,379859,379878,19
7,P01,UL,LU,4,379878,380527,649
7,P01,UL,LU,0,380527,380593,66
7,P01,UL,LU,4,380593,380605,12
7,P01,UL,LU,0,380605,380836,231
7,P01,UL,LU,4,380836,380862,26
7,P01,UL,LU,0,380862,380908,46
7,P01,UL,LU,4,380908,380910,2
7,P01,UL,LU,0,380910,381224,314
7,P01,UL,LU,4,381224,381679,455
7,P01,UL,LU,0,381679,381802,123
7,P01,UL,LU,4,381802,382099,297
7,P01,UL,LU,0,382099,382203,104
7,P01,UL,LU,6,382203,383367,1164
7,P01,UL,LU,0,383367,383470,103
7,P01,UL,LU,6,383470,383670,200
7,P01,UL,LU,0,383670,383751,81
7,P01,UL,LU,6,383751,383771,20
7,P01,UL,LU,0,383771,383823,52
7,P01,UL,LU,6,383823,383908,85
7,P01,UL,LU,0,383908,386242,2334
7,P01,UL,LU,6,386242,386607,365
7,P01,UL,LU,0,386607,386921,314
7,P01,UL,LU,6,386921,387136,215
7,P01,UL,LU,0,387136,387870,734
7,P01,UL,LU,4,387870,387976,106
7,P01,UL,LU,0,387976,388412,436
7,P01,UL,LU,4,388412,388674,262
7,P01,UL,LU,0,388674,389221,547
7,P01,UL,LU,4,389221,389299,78
7,P01,UL,LU,6,389299,389558,259
7,P01,UL,LU,3,389558,390065,507
7,P01,UL,LU,6,390065,390167,102
7,P01,UL,LU,3,390167,390547,380
7,P01,UL,LU,0,390547,391003,456
7,P01,UL,LU,1,391003,405889,14886
7,P01,UL,LU,6,405889,406129,240
7,P01,UL,LU,0,406129,406250,121
7,P01,UL,LU,6,406250,407212,962
7,P01,UL,LU,0,407212,407274,62
7,P01,UL,LU,1,407274,407373,99
7,P01,UL,LU,6,407373,413152,5779
7,P01,UL,LU,0,413152,413158,6
7,P01,UL,LU,1,413158,413185,27
7,P01,UL,LU,0,413185,413212,27
7,P01,UL,LU,6,413212,415310,2098
7,P01,UL,LU,4,415310,419542,4232
7,P01,UL,LU,0,419542,419768,226
7,P01,UL,LU,6,419768,420327,559
7,P01,UL,LU,4,420327,420347,20
7,P01,UL,LU,6,420347,420363,16
7,P01,UL,LU,4,420363,420783,420
7,P01,UL,LU,6,420783,421285,502
7,P01,UL,LU,4,421285,422651,1366
7,P01,UL,LU,0,422651,422718,67
7,P01,UL,LU,4,422718,423029,311
7,P01,UL,LU,0,423029,423166,137
7,P01,UL,LU,4,423166,425992,2826
7,P01,UL,LU,0,425992,426187,195
7,P01,UL,LU,4,426187,426605,418
7,P01,UL,LU,0,426605,426640,35
7,P01,UL,LU,4,426640,428849,2209
7,P01,UL,LU,6,428849,429259,410
7,P01,UL,LU,3,429259,429412,153
7,P01,UL,LU,6,429412,429750,338
7,P01,UL,LU,3,429750,429890,140
7,P01,UL,LU,6,429890,430184,294
7,P01,UL,LU,3,430184,430593,409
7,P01,UL,LU,6,430593,436608,6015
7,P01,UL,LU,3,436608,437230,622
7,P01,UL,LU,0,437230,437265,35
7,P01,UL,LU,6,437265,437303,38
7,P01,UL,LU,0,437303,437490,187
7,P01,UL,LU,4,437490,437792,302
7,P01,UL,LU,0,437792,439271,1479
7,P01,UL,LU,6,439271,439327,56
7,P01,UL,LU,0,439327,439713,386
7,P01,UL,LU,6,439713,440083,370
7,P01,UL,LU,0,440083,440291,208
7,P01,UL,LU,4,440291,440391,100
7,P01,UL,LU,6,440391,453911,13520
7,P01,UL,LU,4,453911,454412,501
7,P01,UL,LU,6,454412,463115,8703
7,P01,UL,LU,0,463115,463159,44
7,P01,UL,LU,4,463159,464859,1700
7,P01,UL,LU,6,464859,464972,113
7,P01,UL,LU,0,464972,465042,70
7,P01,UL,LU,4,465042,467399,2357
7,P01,UL,LU,0,467399,467853,454
7,P01,UL,LU,4,467853,468057,204
7,P01,UL,LU,6,468057,470091,2034
7,P01,UL,LU,5,470091,470111,20
7,P01,UL,LU,6,470111,470974,863
7,P01,UL,LU,3,470974,471738,764
7,P01,UL,LU,6,471738,473421,1683
7,P01,UL,LU,4,473421,482669,9248
7,P01,UL,LU,0,482669,482915,246
7,P01,UL,LU,6,482915,483005,90
7,P01,UL,LU,4,483005,483212,207
7,P01,UL,LU,0,483212,483271,59
7,P01,UL,LU,4,483271,483976,705
7,P01,UL,LU,6,483976,492695,8719
7,P01,UL,LU,4,492695,492738,43
7,P01,UL,LU,6,492738,493847,1109
7,P01,UL,LU,3,493847,494097,250
7,P01,UL,LU,6,494097,500438,6341
7,P01,UL,LU,4,500438,500556,118
7,P01,UL,LU,6,500556,501112,556
7,P01,UL,LU,4,501112,501135,23
7,P01,UL,LU,6,501135,501315,180
7,P01,UL,LU,4,501315,501327,12
7,P01,UL,LU,6,501327,501332,5
7,P01,UL,LU,4,501332,501737,405
7,P01,UL,LU,6,501737,501819,82
7,P01,UL,LU,4,501819,501891,72
7,P01,UL,LU,6,501891,502055,164
7,P01,UL,LU,4,502055,502791,736
7,P01,UL,LU,6,502791,503957,1166
7,P01,UL,LU,4,503957,504072,115
7,P01,UL,LU,6,504072,512544,8472
7,P01,UL,LU,2,512544,512592,48
7,P01,UL,LU,4,512592,518975,6383
7,P01,UL,LU,6,518975,524995,6020
7,P01,UL,LU,5,524995,525612,617
7,P01,UL,LU,6,525612,526214,602
7,P01,UL,LU,3,526214,526237,23
7,P01,UL,LU,6,526237,526259,22
7,P01,UL,LU,3,526259,526446,187
7,P01,UL,LU,6,526446,526476,30
7,P01,UL,LU,3,526476,527142,666
7,P01,UL,LU,6,527142,538909,11767
7,P01,UL,LU,4,538909,540016,1107
7,P01,UL,LU,0,540016,540126,110
7,P01,UL,LU,4,540126,541210,1084
7,P01,UL,LU,0,541210,541214,4
7,P01,UL,LU,4,541214,541520,306
7,P01,UL,LU,0,541520,542873,1353
7,P01,UL,LU,6,542873,542913,40
7,P01,UL,LU,0,542913,542930,17
7,P01,UL,LU,4,542930,543121,191
7,P01,UL,LU,0,543121,543255,134
7,P01,UL,LU,6,543255,543631,376
7,P01,UL,LU,0,543631,543755,124
7,P01,UL,LU,6,543755,543957,202
7,P01,UL,LU,0,543957,544517,560
7,P01,UL,LU,4,544517,544688,171
7,P01,UL,LU,0,544688,545114,426
7,P01,UL,LU,6,545114,545173,59
7,P01,UL,LU,0,545173,546032,859
7,P01,UL,LU,4,546032,546239,207
7,P01,UL,LU,0,546239,546413,174
7,P01,UL,LU,4,546413,546498,85
7,P01,UL,LU,0,546498,546709,211
7,P01,UL,LU,4,546709,547139,430
7,P01,UL,LU,0,547139,547472,333
7,P01,UL,LU,6,547472,552341,4869
7,P01,UL,LU,4,552341,552512,171
7,P01,UL,LU,6,552512,564672,12160
7,P01,UL,LU,4,564672,565583,911
7,P01,UL,LU,0,565583,565658,75
7,P01,UL,LU,6,565658,566056,398
7,P01,UL,LU,0,566056,566108,52
7,P01,UL,LU,6,566108,566359,251
7,P01,UL,LU,0,566359,566678,319
7,P01,UL,LU,6,566678,572199,5521
7,P01,UL,LU,4,572199,572225,26
7,P01,UL,LU,6,572225,572228,3
7,P01,UL,LU,4,572228,572242,14
7,P01,UL,LU,6,572242,575373,3131
7,P01,UL,LU,4,575373,575386,13
7,P01,UL,LU,6,575386,575882,496
7,P01,UL,LU,4,575882,575964,82
7,P01,UL,LU,6,575964,576176,212
7,P01,UL,LU,4,576176,576303,127
7,P01,UL,LU,6,576303,576531,228
7,P01,UL,LU,4,576531,576995,464
7,P01,UL,LU,6,576995,579409,2414
7,P01,UL,LU,5,579409,579526,117
7,P01,UL,LU,6,579526,581181,1655
7,P01,UL,LU,2,581181,581205,24
7,P01,UL,LU,5,581205,581207,2
7,P01,UL,LU,2,581207,581211,4
7,P01,UL,LU,5,581211,581268,57
7,P01,UL,LU,2,581268,581315,47
7,P01,UL,LU,6,581315,582040,725
7,P01,UL,LU,2,582040,582165,125
7,P01,UL,LU,6,582165,584725,2560
7,P01,UL,LU,2,584725,584744,19
7,P01,UL,LU,4,584744,584869,125
7,P01,UL,LU,6,584869,585234,365
7,P01,UL,LU,3,585234,585785,551
7,P01,UL,LU,6,585785,596230,10445
7,P01,UL,LU,0,596230,596277,47
7,P01,UL,LU,4,596277,596583,306
7,P01,UL,LU,6,596583,597514,931
7,P01,UL,LU,3,597514,597616,102
7,P01,UL,LU,6,597616,598168,552
7,P01,UL,LU,4,598168,598320,152
7,P01,UL,LU,6,598320,598815,495
7,P01,UL,LU,4,598815,598978,163
7,P01,UL,LU,6,598978,600421,1443
7,P01,UL,LU,4,600421,600431,10
7,P01,UL,LU,6,600431,600444,13
7,P01,UL,LU,4,600444,600981,537
7,P01,UL,LU,6,600981,609884,8903
7,P01,UL,LU,2,609884,609901,17
7,P01,UL,LU,6,609901,612499,2598
7,P01,UL,LU,4,612499,613362,863
7,P01,UL,LU,6,613362,614411,1049
7,P01,UL,LU,5,614411,614464,53
7,P01,UL,LU,2,614464,614473,9
7,P01,UL,LU,4,614473,614495,22
7,P01,UL,LU,2,614495,614600,105
7,P01,UL,LU,0,614600,615266,666
7,P01,UL,LU,5,615266,615321,55
7,P01,UL,LU,0,615321,615349,28
7,P01,UL,LU,5,615349,616053,704
7,P01,UL,LU,2,616053,616067,14
7,P01,UL,LU,5,616067,616404,337
7,P01,UL,LU,6,616404,616435,31
7,P01,UL,LU,5,616435,616766,331
7,P01,UL,LU,6,616766,616978,212
7,P01,UL,LU,5,616978,617034,56
7,P01,UL,LU,6,617034,617951,917
7,P01,UL,LU,5,617951,618597,646
7,P01,UL,LU,6,618597,625224,6627
7,P01,UL,LU,4,625224,625644,420
7,P01,UL,LU,6,625644,633976,8332
7,P01,UL,LU,2,633976,634026,50
7,P01,UL,LU,6,634026,636661,2635
7,P01,UL,LU,4,636661,636772,111
7,P01,UL,LU,6,636772,637395,623
7,P01,UL,LU,4,637395,637436,41
7,P01,UL,LU,2,637436,637440,4
7,P01,UL,LU,6,637440,638847,1407
7,P01,UL,LU,4,638847,639268,421
7,P01,UL,LU,6,639268,642109,2841
7,P01,UL,LU,5,642109,642208,99
7,P01,UL,LU,4,642208,642650,442
7,P01,UL,LU,0,642650,642715,65
7,P01,UL,LU,5,642715,642731,16
7,P01,UL,LU,6,642731,643399,668
7,P01,UL,LU,4,643399,643444,45
7,P01,UL,LU,6,643444,646994,3550
7,P01,UL,LU,4,646994,647023,29
7,P01,UL,LU,6,647023,647048,25
7,P01,UL,LU,4,647048,647056,8
7,P01,UL,LU,6,647056,647428,372
7,P01,UL,LU,4,647428,647469,41
7,P01,UL,LU,0,647469,647542,73
7,P01,UL,LU,2,647542,647699,157
7,P01,UL,LU,5,647699,647782,83
7,P01,UL,LU,6,647782,648525,743
7,P01,UL,LU,3,648525,649172,647
7,P01,UL,LU,2,649172,649288,116
7,P01,UL,LU,6,649288,649954,666
7,P01,UL,LU,4,649954,650190,236
7,P01,UL,LU,6,650190,651601,1411
7,P01,UL,LU,4,651601,651665,64
7,P01,UL,LU,6,651665,656455,4790
7,P01,UL,LU,4,656455,656583,128
7,P01,UL,LU,6,656583,658919,2336
7,P01,UL,LU,4,658919,659492,573
7,P01,UL,LU,0,659492,659524,32
7,P01,UL,LU,4,659524,659527,3
7,P01,UL,LU,0,659527,659608,81
7,P01,UL,LU,4,659608,659849,241
7,P01,UL,LU,6,659849,659987,138
7,P01,UL,LU,4,659987,660264,277
7,P01,UL,LU,6,660264,660422,158
7,P01,UL,LU,4,660422,660745,323
7,P01,UL,LU,6,660745,662678,1933
7,P01,UL,LU,4,662678,662825,147
7,P01,UL,LU,2,662825,662924,99
7,P01,UL,LU,6,662924,663524,600
7,P01,UL,LU,2,663524,663964,440
7,P01,UL,LU,6,663964,664087,123
7,P01,UL,LU,2,664087,664095,8
7,P01,UL,LU,6,664095,665446,1351
7,P01,UL,LU,2,665446,665484,38
7,P01,UL,LU,6,665484,677656,12172
7,P01,UL,LU,2,677656,678323,667
7,P01,UL,LU,3,678323,678871,548
7,P01,UL,LU,6,678871,679266,395
7,P01,UL,LU,0,679266,679689,423
7,P01,UL,LU,4,679689,682107,2418
7,P01,UL,LU,6,682107,689834,7727
7,P01,UL,LU,0,689834,689999,165
7,P01,UL,LU,6,689999,690041,42
7,P01,UL,LU,2,690041,690127,86
7,P01,UL,LU,6,690127,706892,16765
7,P01,UL,LU,4,706892,706906,14
7,P01,UL,LU,6,706906,716891,9985
7,P01,UL,LU,2,716891,716913,22
7,P01,UL,LU,6,716913,717379,466
7,P01,UL,LU,2,717379,717700,321
7,P01,UL,LU,6,717700,734582,16882
7,P01,UL,LU,2,734582,734591,9
7,P01,UL,LU,6,734591,736417,1826
7,P01,UL,LU,2,736417,736480,63
7,P01,UL,LU,6,736480,737464,984
7,P01,UL,LU,2,737464,737538,74
7,P01,UL,LU,6,737538,737760,222
7,P01,UL,LU,2,737760,737768,8
7,P01,UL,LU,6,737768,739235,1467
7,P01,UL,LU,5,739235,739635,400
7,P01,UL,LU,2,739635,739726,91
7,P01,UL,LU,5,739726,739775,49
7,P01,UL,LU,6,739775,740538,763
7,P01,UL,LU,4,740538,740664,126
7,P01,UL,LU,6,740664,740669,5
7,P01,UL,LU,4,740669,740679,10
7,P01,UL,LU,6,740679,740724,45
7,P01,UL,LU,4,740724,742920,2196
7,P01,UL,LU,6,742920,743698,778
7,P01,UL,LU,4,743698,744001,303
7,P01,UL,LU,6,744001,745157,1156
7,P01,UL,LU,4,745157,745482,325
7,P01,UL,LU,6,745482,745498,16
7,P01,UL,LU,0,745498,745506,8
7,P01,UL,LU,6,745506,745522,16
7,P01,UL,LU,0,745522,745530,8
7,P01,UL,LU,6,745530,745542,12
7,P01,UL,LU,0,745542,745659,117
7,P01,UL,LU,6,745659,746570,911
7,P01,UL,LU,4,746570,746804,234
7,P01,UL,LU,0,746804,746873,69
7,P01,UL,LU,6,746873,747012,139
7,P01,UL,LU,4,747012,747087,75
7,P01,UL,LU,0,747087,747136,49
7,P01,UL,LU,4,747136,747957,821
7,P01,UL,LU,0,747957,747991,34
7,P01,UL,LU,4,747991,748756,765
7,P01,UL,LU,0,748756,748853,97
7,P01,UL,LU,6,748853,749141,288
7,P01,UL,LU,4,749141,749790,649
7,P01,UL,LU,0,749790,750029,239
7,P01,UL,LU,4,750029,750079,50
7,P01,UL,LU,0,750079,750260,181
7,P01,UL,LU,4,750260,750287,27
7,P01,UL,LU,0,750287,750471,184
7,P01,UL,LU,6,750471,752753,2282
7,P01,UL,LU,4,752753,753954,1201
7,P01,UL,LU,0,753954,753971,17
7,P01,UL,LU,6,753971,754135,164
7,P01,UL,LU,4,754135,754457,322
7,P01,UL,LU,6,754457,758721,4264
7,P01,UL,LU,4,758721,759638,917
7,P01,UL,LU,6,759638,759836,198
7,P01,UL,LU,4,759836,762127,2291
7,P01,UL,LU,6,762127,762745,618
7,P01,UL,LU,4,762745,763190,445
7,P01,UL,LU,6,763190,763342,152
7,P01,UL,LU,4,763342,763378,36
7,P01,UL,LU,6,763378,763660,282
7,P01,UL,LU,4,763660,763932,272
7,P01,UL,LU,6,763932,764049,117
7,P01,UL,LU,4,764049,764376,327
7,P01,UL,LU,6,764376,764489,113
7,P01,UL,LU,4,764489,765827,1338
7,P01,UL,LU,6,765827,765981,154
7,P01,UL,LU,4,765981,766007,26
7,P01,UL,LU,6,766007,766237,230
7,P01,UL,LU,4,766237,767453,1216
7,P01,UL,LU,6,767453,767508,55
7,P01,UL,LU,4,767508,768044,536
7,P01,UL,LU,6,768044,768093,49
7,P01,UL,LU,4,768093,768340,247
7,P01,UL,LU,6,768340,768467,127
7,P01,UL,LU,4,768467,774173,5706
7,P01,UL,LU,6,774173,774333,160
7,P01,UL,LU,4,774333,776289,1956
7,P01,UL,LU,6,776289,776461,172
7,P01,UL,LU,4,776461,776531,70
7,P01,UL,LU,6,776531,776948,417
7,P01,UL,LU,4,776948,778831,1883
7,P01,UL,LU,6,778831,779239,408
7,P01,UL,LU,4,779239,786520,7281
7,P01,UL,LU,6,786520,791628,5108
7,P01,UL,LU,2,791628,791827,199
7,P01,UL,LU,6,791827,794221,2394
7,P01,UL,LU,4,794221,794646,425
7,P01,UL,LU,0,794646,799679,5033
7,P01,UL,LU,4,799679,799706,27
7,P01,UL,LU,6,799706,807378,7672
7,P01,UL,LU,4,807378,807430,52
7,P01,UL,LU,0,807430,807605,175
7,P01,UL,LU,6,807605,841565,33960
7,P01,UL,LU,3,841565,841600,35
7,P01,UL,LU,0,841600,841723,123
7,P01,UL,LU,3,841723,841735,12
7,P01,UL,LU,0,841735,842042,307
7,P01,UL,LU,6,842042,842193,151
7,P01,UL,LU,3,842193,842357,164
7,P01,UL,LU,0,842357,842471,114
7,P01,UL,LU,6,842471,845448,2977
7,P01,UL,LU,0,845448,845850,402
7,P01,UL,LU,6,845850,846521,671
7,P01,UL,LU,0,846521,847104,583
7,P01,UL,LU,6,847104,847140,36
7,P01,UL,LU,0,847140,847154,14
7,P01,UL,LU,6,847154,847906,752
7,P01,UL,LU,0,847906,848003,97
7,P01,UL,LU,6,848003,848232,229
7,P01,UL,LU,0,848232,848374,142
7,P01,UL,LU,6,848374,848514,140
7,P01,UL,LU,0,848514,848617,103
7,P01,UL,LU,1,848617,848733,116
7,P01,UL,LU,0,848733,849278,545
7,P01,UL,LU,6,849278,849544,266
7,P01,UL,LU,0,849544,849823,279
7,P01,UL,LU,6,849823,854858,5035
7,P01,UL,LU,0,854858,855513,655
7,P01,UL,LU,6,855513,869284,13771
7,P01,UL,LU,0,869284,869943,659
7,P01,UL,LU,6,869943,907310,37367
7,P01,UL,LU,0,907310,909649,2339
7,P01,UL,LU,6,909649,913636,3987
7,P01,UL,LU,3,913636,913968,332
7,P01,UL,LU,6,913968,936685,22717
7,P01,UL,LU,5,936685,936826,141
7,P01,UL,LU,6,936826,943993,7167
7,P01,UL,LU,4,943993,951261,7268
7,P01,UL,LU,6,951261,957741,6480
7,P01,UL,LU,1,957741,957888,147
7,P01,UL,LU,6,957888,958038,150
7,P01,UL,LU,1,958038,958213,175
7,P01,UL,LU,6,958213,984657,26444
7,P01,UL,LU,4,984657,984875,218
7,P01,UL,LU,6,984875,986085,1210
7,P01,UL,LU,4,986085,986184,99
7,P01,UL,LU,6,986184,986186,2
7,P01,UL,LU,4,986186,986200,14
7,P01,UL,LU,6,986200,986433,233
7,P01,UL,LU,4,986433,986626,193
7,P01,UL,LU,6,986626,986833,207
7,P01,UL,LU,4,986833,987556,723
7,P01,UL,LU,6,987556,987702,146
7,P01,UL,LU,4,987702,988600,898
7,P01,UL,LU,6,988600,988805,205
7,P01,UL,LU,4,988805,990822,2017
7,P01,UL,LU,6,990822,990861,39
7,P01,UL,LU,4,990861,991369,508
7,P01,UL,LU,6,991369,991413,44
7,P01,UL,LU,4,991413,992323,910
7,P01,UL,LU,6,992323,992668,345
7,P01,UL,LU,4,992668,993550,882
7,P01,UL,LU,6,993550,993968,418
7,P01,UL,LU,4,993968,994308,340
7,P01,UL,LU,6,994308,994353,45
7,P01,UL,LU,4,994353,994597,244
7,P01,UL,LU,6,994597,994606,9
7,P01,UL,LU,4,994606,995599,993
7,P01,UL,LU,6,995599,995721,122
7,P01,UL,LU,4,995721,996583,862
7,P01,UL,LU,6,996583,996693,110
7,P01,UL,LU,4,996693,997405,712
7,P01,UL,LU,6,997405,997489,84
7,P01,UL,LU,4,997489,998188,699
7,P01,UL,LU,6,998188,998209,21
7,P01,UL,LU,4,998209,1002029,3820
7,P01,UL,LU,6,1002029,1002079,50
7,P01,UL,LU,4,1002079,1003011,932
7,P01,UL,LU,6,1003011,1003492,481
7,P01,UL,LU,4,1003492,1003762,270
7,P01,UL,LU,6,1003762,1003885,123
7,P01,UL,LU,4,1003885,1004042,157
7,P01,UL,LU,6,1004042,1004220,178
7,P01,UL,LU,4,1004220,1004273,53
7,P01,UL,LU,6,1004273,1004745,472
7,P01,UL,LU,4,1004745,1006200,1455
7,P01,UL,LU,6,1006200,1006743,543
7,P01,UL,LU,0,1006743,1009566,2823
7,P01,UL,LU,6,1009566,1021739,12173
7,P01,UL,LU,0,1021739,1022365,626
7,P01,UL,LU,6,1022365,1022370,5
7,P01,UL,LU,0,1022370,1022456,86
7,P01,UL,LU,6,1022456,1022658,202
7,P01,UL,LU,1,1022658,1022698,40
7,P01,UL,LU,6,1022698,1024680,1982
7,P01,UL,LU,1,1024680,1024711,31
7,P01,UL,LU,6,1024711,1024762,51
7,P01,UL,LU,1,1024762,1024801,39
7,P01,UL,LU,0,1024801,1024969,168
7,P01,UL,LU,6,1024969,1025433,464
7,P01,UL,LU,0,1025433,1025540,107
7,P01,UL,LU,1,1025540,1025632,92
7,P01,UL,LU,6,1025632,1027079,1447
7,P01,UL,LU,0,1027079,1027099,20
7,P01,UL,LU,6,1027099,1027296,197
7,P01,UL,LU,0,1027296,1027315,19
7,P01,UL,LU,4,1027315,1027568,253
7,P01,UL,LU,6,1027568,1030124,2556
7,P01,UL,LU,4,1030124,1031187,1063
7,P01,UL,LU,6,1031187,1032866,1679
7,P01,UL,LU,0,1032866,1033214,348
7,P01,UL,LU,6,1033214,1064026,30812
7,P01,UL,LU,3,1064026,1103131,39105
7,P01,UL,LU,6,1103131,1103399,268
7,P01,UL,LU,4,1103399,1103588,189
7,P01,UL,LU,5,1103588,1103827,239
7,P01,UL,LU,4,1103827,1104052,225
7,P01,UL,LU,6,1104052,1108408,4356
7,P01,UL,LU,0,1108408,1108588,180
7,P01,UL,LU,1,1108588,1109178,590
7,P01,UL,LU,6,1109178,1109671,493
7,P01,UL,LU,0,1109671,1109774,103
7,P01,UL,LU,6,1109774,1109921,147
7,P01,UL,LU,0,1109921,1110021,100
7,P01,UL,LU,6,1110021,1117340,7319
7,P01,UL,LU,0,1117340,1117421,81
7,P01,UL,LU,1,1117421,1117568,147
7,P01,UL,LU,6,1117568,1122016,4448
7,P01,UL,LU,0,1122016,1122062,46
7,P01,UL,LU,1,1122062,1122160,98
7,P01,UL,LU,0,1122160,1122272,112
7,P01,UL,LU,1,1122272,1122332,60
7,P01,UL,LU,6,1122332,1123870,1538
7,P01,UL,LU,4,1123870,1124838,968
7,P01,UL,LU,6,1124838,1125222,384
7,P01,UL,LU,4,1125222,1125377,155
7,P01,UL,LU,6,1125377,1125493,116
7,P01,UL,LU,4,1125493,1125594,101
7,P01,UL,LU,6,1125594,1125629,35
7,P01,UL,LU,4,1125629,1125650,21
7,P01,UL,LU,6,1125650,1125764,114
7,P01,UL,LU,4,1125764,1126397,633
7,P01,UL,LU,6,1126397,1126440,43
7,P01,UL,LU,4,1126440,1126919,479
7,P01,UL,LU,6,1126919,1127016,97
7,P01,UL,LU,4,1127016,1128084,1068
7,P01,UL,LU,6,1128084,1132185,4101
7,P01,UL,LU,4,1132185,1132238,53
7,P01,UL,LU,6,1132238,1132526,288
7,P01,UL,LU,4,1132526,1134029,1503
7,P01,UL,LU,6,1134029,1134395,366
7,P01,UL,LU,4,1134395,1134598,203
7,P01,UL,LU,0,1134598,1141852,7254
7,P01,UL,LU,6,1141852,1142461,609
7,P01,UL,LU,1,1142461,1142652,191
7,P01,UL,LU,0,1142652,1142655,3
7,P01,UL,LU,3,1142655,1143008,353
7,P01,UL,LU,6,1143008,1143353,345
7,P01,UL,LU,1,1143353,1144266,913
7,P01,UL,LU,6,1144266,1164059,19793
7,P01,UL,LU,1,1164059,1164107,48
7,P01,UL,LU,6,1164107,1166251,2144
7,P01,UL,LU,1,1166251,1166529,278
7,P01,UL,LU,0,1166529,1166571,42
7,P01,UL,LU,6,1166571,1167508,937
7,P01,UL,LU,1,1167508,1167649,141
7,P01,UL,LU,6,1167649,1167750,101
7,P01,UL,LU,1,1167750,1167776,26
7,P01,UL,LU,0,1167776,1168021,245
7,P01,UL,LU,1,1168021,1168323,302
7,P01,UL,LU,0,1168323,1168337,14
7,P01,UL,LU,1,1168337,1168668,331
7,P01,UL,LU,0,1168668,1168672,4
7,P01,UL,LU,1,1168672,1169035,363
7,P01,UL,LU,0,1169035,1169316,281
7,P01,UL,LU,6,1169316,1169351,35
7,P01,UL,LU,1,1169351,1169494,143
7,P01,UL,LU,3,1169494,1169599,105
7,P01,UL,LU,6,1169599,1172630,3031
7,P01,UL,LU,0,1172630,1172671,41
7,P01,UL,LU,3,1172671,1172744,73
7,P01,UL,LU,0,1172744,1172757,13
7,P01,UL,LU,1,1172757,1172795,38
7,P01,UL,LU,6,1172795,1172859,64
7,P01,UL,LU,1,1172859,1173614,755
7,P01,UL,LU,6,1173614,1173642,28
7,P01,UL,LU,1,1173642,1173904,262
7,P01,UL,LU,0,1173904,1173985,81
7,P01,UL,LU,1,1173985,1174534,549
7,P01,UL,LU,6,1174534,1174677,143
7,P01,UL,LU,0,1174677,1174836,159
7,P01,UL,LU,1,1174836,1174865,29
7,P01,UL,LU,0,1174865,1176438,1573
7,P01,UL,LU,3,1176438,1176502,64
7,P01,UL,LU,6,1176502,1177038,536
7,P01,UL,LU,4,1177038,1177262,224
7,P01,UL,LU,0,1177262,1177641,379
7,P01,UL,LU,4,1177641,1177779,138
7,P01,UL,LU,6,1177779,1178227,448
7,P01,UL,LU,4,1178227,1178299,72
7,P01,UL,LU,6,1178299,1178859,560
7,P01,UL,LU,4,1178859,1179250,391
7,P01,UL,LU,6,1179250,1179489,239
7,P01,UL,LU,4,1179489,1179523,34
7,P01,UL,LU,0,1179523,1179525,2
7,P01,UL,LU,6,1179525,1180758,1233
7,P01,UL,LU,0,1180758,1180929,171
8,P01,UL,XP,0,0,34,34
8,P01,UL,XP,6,34,9633,9599
8,P01,UL,XP,1,9633,9659,26
8,P01,UL,XP,6,9659,15590,5931
8,P01,UL,XP,2,15590,15744,154
8,P01,UL,XP,6,15744,17775,2031
8,P01,UL,XP,1,17775,18224,449
8,P01,UL,XP,6,18224,18961,737
8,P01,UL,XP,1,18961,19029,68
8,P01,UL,XP,6,19029,19558,529
8,P01,UL,XP,1,19558,19653,95
8,P01,UL,XP,6,19653,23327,3674
8,P01,UL,XP,1,23327,23524,197
8,P01,UL,XP,6,23524,23784,260
8,P01,UL,XP,1,23784,24452,668
8,P01,UL,XP,6,24452,24609,157
8,P01,UL,XP,1,24609,24919,310
8,P01,UL,XP,6,24919,28718,3799
8,P01,UL,XP,1,28718,28895,177
8,P01,UL,XP,6,28895,38282,9387
8,P01,UL,XP,1,38282,38506,224
8,P01,UL,XP,6,38506,49073,10567
8,P01,UL,XP,4,49073,49119,46
8,P01,UL,XP,6,49119,49619,500
8,P01,UL,XP,4,49619,49655,36
8,P01,UL,XP,6,49655,50908,1253
8,P01,UL,XP,4,50908,51016,108
8,P01,UL,XP,6,51016,51642,626
8,P01,UL,XP,4,51642,51969,327
8,P01,UL,XP,6,51969,63166,11197
8,P01,UL,XP,4,63166,63240,74
8,P01,UL,XP,6,63240,70523,7283
8,P01,UL,XP,1,70523,70981,458
8,P01,UL,XP,6,70981,72069,1088
8,P01,UL,XP,1,72069,72330,261
8,P01,UL,XP,6,72330,73548,1218
8,P01,UL,XP,1,73548,73647,99
8,P01,UL,XP,6,73647,73825,178
8,P01,UL,XP,1,73825,73835,10
8,P01,UL,XP,6,73835,74641,806
8,P01,UL,XP,1,74641,74910,269
8,P01,UL,XP,6,74910,75078,168
8,P01,UL,XP,1,75078,75205,127
8,P01,UL,XP,6,75205,87261,12056
8,P01,UL,XP,1,87261,87698,437
8,P01,UL,XP,6,87698,88474,776
8,P01,UL,XP,4,88474,88564,90
8,P01,UL,XP,1,88564,88566,2
8,P01,UL,XP,6,88566,99231,10665
8,P01,UL,XP,3,99231,99415,184
8,P01,UL,XP,6,99415,102519,3104
8,P01,UL,XP,0,102519,102814,295
8,P01,UL,XP,6,102814,103226,412
8,P01,UL,XP,0,103226,103758,532
8,P01,UL,XP,6,103758,104267,509
8,P01,UL,XP,1,104267,104474,207
8,P01,UL,XP,6,104474,104985,511
8,P01,UL,XP,1,104985,105925,940
8,P01,UL,XP,6,105925,106674,749
8,P01,UL,XP,4,106674,106818,144
8,P01,UL,XP,6,106818,107134,316
8,P01,UL,XP,4,107134,107929,795
8,P01,UL,XP,6,107929,108592,663
8,P01,UL,XP,0,108592,109436,844
8,P01,UL,XP,6,109436,134258,24822
8,P01,UL,XP,3,134258,134529,271
8,P01,UL,XP,6,134529,139020,4491
8,P01,UL,XP,4,139020,139144,124
8,P01,UL,XP,6,139144,139222,78
8,P01,UL,XP,4,139222,139238,16
8,P01,UL,XP,1,139238,139760,522
8,P01,UL,XP,6,139760,139810,50
8,P01,UL,XP,1,139810,139972,162
8,P01,UL,XP,6,139972,140151,179
8,P01,UL,XP,1,140151,140242,91
8,P01,UL,XP,6,140242,140816,574
8,P01,UL,XP,1,140816,141044,228
8,P01,UL,XP,6,141044,169354,28310
8,P01,UL,XP,4,169354,169727,373
8,P01,UL,XP,6,169727,170030,303
8,P01,UL,XP,4,170030,170294,264
8,P01,UL,XP,6,170294,213996,43702
8,P01,UL,XP,4,213996,214004,8
8,P01,UL,XP,6,214004,218302,4298
8,P01,UL,XP,4,218302,218459,157
8,P01,UL,XP,6,218459,235246,16787
8,P01,UL,XP,4,235246,235338,92
8,P01,UL,XP,6,235338,245290,9952
8,P01,UL,XP,3,245290,245421,131
8,P01,UL,XP,6,245421,248628,3207
8,P01,UL,XP,0,248628,248745,117
8,P01,UL,XP,6,248745,261099,12354
8,P01,UL,XP,3,261099,261241,142
8,P01,UL,XP,6,261241,264678,3437
8,P01,UL,XP,1,264678,265064,386
8,P01,UL,XP,6,265064,265485,421
8,P01,UL,XP,1,265485,266127,642
8,P01,UL,XP,6,266127,266360,233
8,P01,UL,XP,1,266360,266461,101
8,P01,UL,XP,6,266461,266691,230
8,P01,UL,XP,2,266691,266704,13
8,P01,UL,XP,6,266704,266730,26
8,P01,UL,XP,2,266730,266745,15
8,P01,UL,XP,6,266745,267475,730
8,P01,UL,XP,3,267475,267533,58
8,P01,UL,XP,6,267533,270249,2716
8,P01,UL,XP,3,270249,272543,2294
8,P01,UL,XP,6,272543,279677,7134
8,P01,UL,XP,3,279677,279895,218
8,P01,UL,XP,6,279895,282174,2279
8,P01,UL,XP,3,282174,282520,346
8,P01,UL,XP,6,282520,282840,320
8,P01,UL,XP,3,282840,282981,141
8,P01,UL,XP,6,282981,284225,1244
8,P01,UL,XP,3,284225,284350,125
8,P01,UL,XP,6,284350,284704,354
8,P01,UL,XP,3,284704,284857,153
8,P01,UL,XP,6,284857,286626,1769
8,P01,UL,XP,3,286626,286707,81
8,P01,UL,XP,6,286707,288501,1794
8,P01,UL,XP,3,288501,288566,65
8,P01,UL,XP,6,288566,289799,1233
8,P01,UL,XP,3,289799,290240,441
8,P01,UL,XP,6,290240,290672,432
8,P01,UL,XP,3,290672,290827,155
8,P01,UL,XP,6,290827,291915,1088
8,P01,UL,XP,3,291915,292102,187
8,P01,UL,XP,6,292102,292242,140
8,P01,UL,XP,3,292242,292422,180
8,P01,UL,XP,6,292422,295282,2860
8,P01,UL,XP,3,295282,295610,328
8,P01,UL,XP,6,295610,295922,312
8,P01,UL,XP,3,295922,297991,2069
8,P01,UL,XP,6,297991,298117,126
8,P01,UL,XP,3,298117,298218,101
8,P01,UL,XP,6,298218,299992,1774
8,P01,UL,XP,3,299992,300031,39
8,P01,UL,XP,6,300031,300572,541
8,P01,UL,XP,3,300572,301773,1201
8,P01,UL,XP,6,301773,302327,554
8,P01,UL,XP,3,302327,302354,27
8,P01,UL,XP,6,302354,310225,7871
8,P01,UL,XP,3,310225,310407,182
8,P01,UL,XP,6,310407,311442,1035
8,P01,UL,XP,3,311442,311566,124
8,P01,UL,XP,6,311566,311976,410
8,P01,UL,XP,3,311976,312491,515
8,P01,UL,XP,6,312491,313162,671
8,P01,UL,XP,3,313162,313339,177
8,P01,UL,XP,6,313339,317008,3669
8,P01,UL,XP,3,317008,317047,39
8,P01,UL,XP,6,317047,321287,4240
8,P01,UL,XP,3,321287,321485,198
8,P01,UL,XP,6,321485,321727,242
8,P01,UL,XP,3,321727,321977,250
8,P01,UL,XP,6,321977,322094,117
8,P01,UL,XP,3,322094,322320,226
8,P01,UL,XP,6,322320,324201,1881
8,P01,UL,XP,3,324201,324285,84
8,P01,UL,XP,6,324285,324801,516
8,P01,UL,XP,3,324801,325051,250
8,P01,UL,XP,6,325051,330815,5764
8,P01,UL,XP,3,330815,330949,134
8,P01,UL,XP,6,330949,331530,581
8,P01,UL,XP,3,331530,331730,200
8,P01,UL,XP,6,331730,332410,680
8,P01,UL,XP,3,332410,332488,78
8,P01,UL,XP,6,332488,335100,2612
8,P01,UL,XP,3,335100,335129,29
8,P01,UL,XP,6,335129,335217,88
8,P01,UL,XP,3,335217,335548,331
8,P01,UL,XP,6,335548,339336,3788
8,P01,UL,XP,3,339336,339451,115
8,P01,UL,XP,6,339451,341958,2507
8,P01,UL,XP,3,341958,342117,159
8,P01,UL,XP,6,342117,342376,259
8,P01,UL,XP,3,342376,342646,270
8,P01,UL,XP,6,342646,343176,530
8,P01,UL,XP,3,343176,343402,226
8,P01,UL,XP,6,343402,343533,131
8,P01,UL,XP,3,343533,343750,217
8,P01,UL,XP,6,343750,346748,2998
8,P01,UL,XP,3,346748,346866,118
8,P01,UL,XP,6,346866,352989,6123
8,P01,UL,XP,3,352989,353168,179
8,P01,UL,XP,6,353168,357607,4439
8,P01,UL,XP,3,357607,357748,141
8,P01,UL,XP,6,357748,360264,2516
8,P01,UL,XP,3,360264,360341,77
8,P01,UL,XP,6,360341,360895,554
8,P01,UL,XP,3,360895,360924,29
8,P01,UL,XP,6,360924,365103,4179
8,P01,UL,XP,3,365103,365269,166
8,P01,UL,XP,6,365269,366191,922
8,P01,UL,XP,3,366191,366373,182
8,P01,UL,XP,6,366373,366580,207
8,P01,UL,XP,3,366580,366780,200
8,P01,UL,XP,6,366780,367821,1041
8,P01,UL,XP,3,367821,367903,82
8,P01,UL,XP,6,367903,368369,466
8,P01,UL,XP,3,368369,368994,625
8,P01,UL,XP,6,368994,369145,151
8,P01,UL,XP,3,369145,369321,176
8,P01,UL,XP,6,369321,369459,138
8,P01,UL,XP,3,369459,369621,162
8,P01,UL,XP,6,369621,371263,1642
8,P01,UL,XP,3,371263,371342,79
8,P01,UL,XP,6,371342,371416,74
8,P01,UL,XP,3,371416,371899,483
8,P01,UL,XP,6,371899,372207,308
8,P01,UL,XP,3,372207,372343,136
8,P01,UL,XP,6,372343,372524,181
8,P01,UL,XP,3,372524,372622,98
8,P01,UL,XP,6,372622,373307,685
8,P01,UL,XP,3,373307,373359,52
8,P01,UL,XP,6,373359,374102,743
8,P01,UL,XP,3,374102,374538,436
8,P01,UL,XP,6,374538,374592,54
8,P01,UL,XP,3,374592,374717,125
8,P01,UL,XP,6,374717,375760,1043
8,P01,UL,XP,3,375760,375896,136
8,P01,UL,XP,6,375896,377323,1427
8,P01,UL,XP,3,377323,377425,102
8,P01,UL,XP,6,377425,377886,461
8,P01,UL,XP,3,377886,378216,330
8,P01,UL,XP,6,378216,381572,3356
8,P01,UL,XP,3,381572,382056,484
8,P01,UL,XP,6,382056,383381,1325
8,P01,UL,XP,3,383381,383533,152
8,P01,UL,XP,6,383533,386045,2512
8,P01,UL,XP,3,386045,386148,103
8,P01,UL,XP,6,386148,386702,554
8,P01,UL,XP,3,386702,386899,197
8,P01,UL,XP,6,386899,388126,1227
8,P01,UL,XP,3,388126,388308,182
8,P01,UL,XP,6,388308,389645,1337
8,P01,UL,XP,3,389645,390058,413
8,P01,UL,XP,6,390058,390252,194
8,P01,UL,XP,3,390252,390312,60
8,P01,UL,XP,6,390312,390338,26
8,P01,UL,XP,3,390338,390660,322
8,P01,UL,XP,6,390660,390786,126
8,P01,UL,XP,3,390786,390824,38
8,P01,UL,XP,6,390824,390887,63
8,P01,UL,XP,3,390887,391013,126
8,P01,UL,XP,6,391013,391290,277
8,P01,UL,XP,3,391290,391390,100
8,P01,UL,XP,6,391390,392122,732
8,P01,UL,XP,3,392122,392350,228
8,P01,UL,XP,6,392350,392661,311
8,P01,UL,XP,3,392661,392803,142
8,P01,UL,XP,6,392803,394233,1430
8,P01,UL,XP,3,394233,394511,278
8,P01,UL,XP,6,394511,394801,290
8,P01,UL,XP,3,394801,394853,52
8,P01,UL,XP,6,394853,397567,2714
8,P01,UL,XP,3,397567,398177,610
8,P01,UL,XP,6,398177,398242,65
8,P01,UL,XP,3,398242,398957,715
8,P01,UL,XP,6,398957,400383,1426
8,P01,UL,XP,3,400383,400833,450
8,P01,UL,XP,6,400833,401084,251
8,P01,UL,XP,3,401084,401313,229
8,P01,UL,XP,6,401313,401818,505
8,P01,UL,XP,3,401818,401922,104
8,P01,UL,XP,6,401922,404486,2564
8,P01,UL,XP,3,404486,405129,643
8,P01,UL,XP,6,405129,405346,217
8,P01,UL,XP,3,405346,405783,437
8,P01,UL,XP,6,405783,410362,4579
8,P01,UL,XP,3,410362,410499,137
8,P01,UL,XP,6,410499,411396,897
8,P01,UL,XP,3,411396,411497,101
8,P01,UL,XP,6,411497,413996,2499
8,P01,UL,XP,3,413996,414056,60
8,P01,UL,XP,6,414056,414995,939
8,P01,UL,XP,3,414995,415172,177
8,P01,UL,XP,6,415172,415353,181
8,P01,UL,XP,3,415353,415478,125
8,P01,UL,XP,6,415478,415740,262
8,P01,UL,XP,3,415740,415922,182
8,P01,UL,XP,6,415922,416793,871
8,P01,UL,XP,3,416793,417141,348
8,P01,UL,XP,6,417141,418883,1742
8,P01,UL,XP,3,418883,419017,134
8,P01,UL,XP,6,419017,421296,2279
8,P01,UL,XP,3,421296,421537,241
8,P01,UL,XP,6,421537,421799,262
8,P01,UL,XP,3,421799,422566,767
8,P01,UL,XP,6,422566,422814,248
8,P01,UL,XP,3,422814,424498,1684
8,P01,UL,XP,6,424498,424687,189
8,P01,UL,XP,3,424687,424883,196
8,P01,UL,XP,6,424883,425158,275
8,P01,UL,XP,3,425158,425763,605
8,P01,UL,XP,6,425763,426144,381
8,P01,UL,XP,3,426144,426612,468
8,P01,UL,XP,6,426612,426828,216
8,P01,UL,XP,3,426828,427234,406
8,P01,UL,XP,6,427234,429113,1879
8,P01,UL,XP,3,429113,429421,308
8,P01,UL,XP,6,429421,433305,3884
8,P01,UL,XP,3,433305,433346,41
8,P01,UL,XP,6,433346,434580,1234
8,P01,UL,XP,3,434580,434710,130
8,P01,UL,XP,6,434710,435689,979
8,P01,UL,XP,3,435689,435901,212
8,P01,UL,XP,6,435901,435979,78
8,P01,UL,XP,3,435979,436178,199
8,P01,UL,XP,6,436178,440531,4353
8,P01,UL,XP,3,440531,440643,112
8,P01,UL,XP,6,440643,440974,331
8,P01,UL,XP,3,440974,441090,116
8,P01,UL,XP,6,441090,441417,327
8,P01,UL,XP,3,441417,441707,290
8,P01,UL,XP,6,441707,443382,1675
8,P01,UL,XP,3,443382,443541,159
8,P01,UL,XP,6,443541,446510,2969
8,P01,UL,XP,3,446510,446674,164
8,P01,UL,XP,6,446674,446694,20
8,P01,UL,XP,3,446694,446813,119
8,P01,UL,XP,6,446813,447345,532
8,P01,UL,XP,3,447345,447468,123
8,P01,UL,XP,6,447468,447997,529
8,P01,UL,XP,3,447997,448029,32
8,P01,UL,XP,6,448029,448622,593
8,P01,UL,XP,3,448622,448640,18
8,P01,UL,XP,6,448640,449097,457
8,P01,UL,XP,3,449097,449831,734
8,P01,UL,XP,6,449831,502809,52978
8,P01,UL,XP,4,502809,502995,186
8,P01,UL,XP,2,502995,503144,149
8,P01,UL,XP,4,503144,503286,142
8,P01,UL,XP,6,503286,525470,22184
8,P01,UL,XP,5,525470,525500,30
8,P01,UL,XP,6,525500,526279,779
8,P01,UL,XP,3,526279,526634,355
8,P01,UL,XP,6,526634,582735,56101
8,P01,UL,XP,3,582735,582947,212
8,P01,UL,XP,6,582947,585307,2360
8,P01,UL,XP,3,585307,585590,283
8,P01,UL,XP,6,585590,588202,2612
8,P01,UL,XP,4,588202,588292,90
8,P01,UL,XP,6,588292,588769,477
8,P01,UL,XP,4,588769,588934,165
8,P01,UL,XP,6,588934,589909,975
8,P01,UL,XP,4,589909,589953,44
8,P01,UL,XP,6,589953,591336,1383
8,P01,UL,XP,4,591336,591854,518
8,P01,UL,XP,6,591854,591967,113
8,P01,UL,XP,4,591967,592134,167
8,P01,UL,XP,6,592134,592395,261
8,P01,UL,XP,4,592395,592539,144
8,P01,UL,XP,6,592539,592732,193
8,P01,UL,XP,4,592732,592878,146
8,P01,UL,XP,6,592878,593267,389
8,P01,UL,XP,4,593267,593539,272
8,P01,UL,XP,6,593539,593745,206
8,P01,UL,XP,4,593745,593867,122
8,P01,UL,XP,6,593867,593948,81
8,P01,UL,XP,4,593948,594191,243
8,P01,UL,XP,6,594191,594363,172
8,P01,UL,XP,4,594363,594516,153
8,P01,UL,XP,6,594516,594829,313
8,P01,UL,XP,4,594829,595034,205
8,P01,UL,XP,0,595034,595111,77
8,P01,UL,XP,4,595111,595332,221
8,P01,UL,XP,6,595332,595335,3
8,P01,UL,XP,0,595335,595875,540
8,P01,UL,XP,6,595875,596001,126
8,P01,UL,XP,4,596001,596145,144
8,P01,UL,XP,6,596145,604076,7931
8,P01,UL,XP,4,604076,604243,167
8,P01,UL,XP,6,604243,606414,2171
8,P01,UL,XP,4,606414,606536,122
8,P01,UL,XP,6,606536,608618,2082
8,P01,UL,XP,4,608618,608744,126
8,P01,UL,XP,6,608744,609895,1151
8,P01,UL,XP,4,609895,609898,3
8,P01,UL,XP,2,609898,610027,129
8,P01,UL,XP,6,610027,610630,603
8,P01,UL,XP,4,610630,610859,229
8,P01,UL,XP,6,610859,610954,95
8,P01,UL,XP,4,610954,611142,188
8,P01,UL,XP,6,611142,617609,6467
8,P01,UL,XP,5,617609,618477,868
8,P01,UL,XP,6,618477,661231,42754
8,P01,UL,XP,4,661231,661429,198
8,P01,UL,XP,1,661429,661525,96
8,P01,UL,XP,4,661525,661805,280
8,P01,UL,XP,6,661805,662705,900
8,P01,UL,XP,4,662705,663508,803
8,P01,UL,XP,2,663508,663834,326
8,P01,UL,XP,1,663834,664077,243
8,P01,UL,XP,4,664077,664744,667
8,P01,UL,XP,2,664744,664916,172
8,P01,UL,XP,4,664916,666311,1395
8,P01,UL,XP,6,666311,666473,162
8,P01,UL,XP,4,666473,666667,194
8,P01,UL,XP,6,666667,666783,116
8,P01,UL,XP,4,666783,667412,629
8,P01,UL,XP,2,667412,667462,50
8,P01,UL,XP,6,667462,667688,226
8,P01,UL,XP,4,667688,667773,85
8,P01,UL,XP,6,667773,667886,113
8,P01,UL,XP,4,667886,668078,192
8,P01,UL,XP,6,668078,668323,245
8,P01,UL,XP,4,668323,668451,128
8,P01,UL,XP,6,668451,669425,974
8,P01,UL,XP,4,669425,669442,17
8,P01,UL,XP,6,669442,678137,8695
8,P01,UL,XP,3,678137,678146,9
8,P01,UL,XP,6,678146,718755,40609
8,P01,UL,XP,4,718755,718955,200
8,P01,UL,XP,6,718955,720806,1851
8,P01,UL,XP,4,720806,722012,1206
8,P01,UL,XP,6,722012,733845,11833
8,P01,UL,XP,4,733845,734691,846
8,P01,UL,XP,6,734691,761429,26738
8,P01,UL,XP,3,761429,761435,6
8,P01,UL,XP,6,761435,762154,719
8,P01,UL,XP,3,762154,762417,263
8,P01,UL,XP,6,762417,762699,282
8,P01,UL,XP,3,762699,762893,194
8,P01,UL,XP,6,762893,763089,196
8,P01,UL,XP,3,763089,763133,44
8,P01,UL,XP,6,763133,765401,2268
8,P01,UL,XP,3,765401,765596,195
8,P01,UL,XP,6,765596,766057,461
8,P01,UL,XP,3,766057,766075,18
8,P01,UL,XP,6,766075,769629,3554
8,P01,UL,XP,3,769629,769711,82
8,P01,UL,XP,6,769711,770474,763
8,P01,UL,XP,3,770474,770515,41
8,P01,UL,XP,6,770515,770807,292
8,P01,UL,XP,3,770807,770943,136
8,P01,UL,XP,6,770943,771097,154
8,P01,UL,XP,3,771097,771235,138
8,P01,UL,XP,6,771235,771299,64
8,P01,UL,XP,3,771299,771452,153
8,P01,UL,XP,6,771452,772527,1075
8,P01,UL,XP,3,772527,773233,706
8,P01,UL,XP,6,773233,774539,1306
8,P01,UL,XP,3,774539,774689,150
8,P01,UL,XP,6,774689,775155,466
8,P01,UL,XP,3,775155,775855,700
8,P01,UL,XP,6,775855,775881,26
8,P01,UL,XP,3,775881,776119,238
8,P01,UL,XP,6,776119,776294,175
8,P01,UL,XP,3,776294,776355,61
8,P01,UL,XP,6,776355,794243,17888
8,P01,UL,XP,4,794243,794421,178
8,P01,UL,XP,6,794421,837943,43522
8,P01,UL,XP,0,837943,838064,121
8,P01,UL,XP,6,838064,842735,4671
8,P01,UL,XP,4,842735,843228,493
8,P01,UL,XP,6,843228,843989,761
8,P01,UL,XP,4,843989,844082,93
8,P01,UL,XP,2,844082,844558,476
8,P01,UL,XP,6,844558,845349,791
8,P01,UL,XP,2,845349,845518,169
8,P01,UL,XP,4,845518,845725,207
8,P01,UL,XP,2,845725,855290,9565
8,P01,UL,XP,0,855290,855468,178
8,P01,UL,XP,2,855468,858196,2728
8,P01,UL,XP,4,858196,858299,103
8,P01,UL,XP,6,858299,862547,4248
8,P01,UL,XP,4,862547,862713,166
8,P01,UL,XP,6,862713,864086,1373
8,P01,UL,XP,4,864086,864256,170
8,P01,UL,XP,6,864256,864453,197
8,P01,UL,XP,0,864453,864623,170
8,P01,UL,XP,4,864623,864866,243
8,P01,UL,XP,0,864866,865149,283
8,P01,UL,XP,2,865149,865166,17
8,P01,UL,XP,0,865166,865169,3
8,P01,UL,XP,6,865169,865230,61
8,P01,UL,XP,4,865230,865436,206
8,P01,UL,XP,6,865436,866989,1553
8,P01,UL,XP,4,866989,867070,81
8,P01,UL,XP,6,867070,867441,371
8,P01,UL,XP,4,867441,867639,198
8,P01,UL,XP,6,867639,868650,1011
8,P01,UL,XP,4,868650,868683,33
8,P01,UL,XP,6,868683,869202,519
8,P01,UL,XP,2,869202,871709,2507
8,P01,UL,XP,6,871709,874553,2844
8,P01,UL,XP,4,874553,876247,1694
8,P01,UL,XP,0,876247,876466,219
8,P01,UL,XP,6,876466,876589,123
8,P01,UL,XP,4,876589,879978,3389
8,P01,UL,XP,6,879978,880323,345
8,P01,UL,XP,4,880323,883296,2973
8,P01,UL,XP,6,883296,883602,306
8,P01,UL,XP,4,883602,885798,2196
8,P01,UL,XP,6,885798,886006,208
8,P01,UL,XP,4,886006,893638,7632
8,P01,UL,XP,6,893638,893783,145
8,P01,UL,XP,1,893783,894055,272
8,P01,UL,XP,2,894055,894806,751
8,P01,UL,XP,1,894806,894955,149
8,P01,UL,XP,6,894955,896883,1928
8,P01,UL,XP,3,896883,896942,59
8,P01,UL,XP,0,896942,900737,3795
8,P01,UL,XP,6,900737,903425,2688
8,P01,UL,XP,4,903425,903555,130
8,P01,UL,XP,6,903555,904593,1038
8,P01,UL,XP,4,904593,904741,148
8,P01,UL,XP,6,904741,906827,2086
8,P01,UL,XP,2,906827,907071,244
8,P01,UL,XP,1,907071,907122,51
8,P01,UL,XP,2,907122,907282,160
8,P01,UL,XP,1,907282,907629,347
8,P01,UL,XP,2,907629,907876,247
8,P01,UL,XP,1,907876,908104,228
8,P01,UL,XP,2,908104,908216,112
8,P01,UL,XP,1,908216,909013,797
8,P01,UL,XP,2,909013,909199,186
8,P01,UL,XP,1,909199,909413,214
8,P01,UL,XP,2,909413,909748,335
8,P01,UL,XP,6,909748,913696,3948
8,P01,UL,XP,4,913696,914318,622
8,P01,UL,XP,6,914318,944036,29718
8,P01,UL,XP,0,944036,951217,7181
8,P01,UL,XP,6,951217,955977,4760
8,P01,UL,XP,1,955977,956056,79
8,P01,UL,XP,6,956056,957780,1724
8,P01,UL,XP,2,957780,957865,85
8,P01,UL,XP,4,957865,958120,255
8,P01,UL,XP,1,958120,958504,384
8,P01,UL,XP,6,958504,964055,5551
8,P01,UL,XP,5,964055,964545,490
8,P01,UL,XP,6,964545,967134,2589
8,P01,UL,XP,1,967134,967219,85
8,P01,UL,XP,6,967219,994081,26862
8,P01,UL,XP,4,994081,994171,90
8,P01,UL,XP,6,994171,994529,358
8,P01,UL,XP,4,994529,1006150,11621
8,P01,UL,XP,6,1006150,1010919,4769
8,P01,UL,XP,2,1010919,1011698,779
8,P01,UL,XP,6,1011698,1011852,154
8,P01,UL,XP,2,1011852,1012485,633
8,P01,UL,XP,4,1012485,1012646,161
8,P01,UL,XP,6,1012646,1012683,37
8,P01,UL,XP,4,1012683,1012850,167
8,P01,UL,XP,6,1012850,1013036,186
8,P01,UL,XP,4,1013036,1013101,65
8,P01,UL,XP,6,1013101,1014941,1840
8,P01,UL,XP,1,1014941,1015066,125
8,P01,UL,XP,6,1015066,1018323,3257
8,P01,UL,XP,4,1018323,1018555,232
8,P01,UL,XP,6,1018555,1018723,168
8,P01,UL,XP,0,1018723,1018745,22
8,P01,UL,XP,4,1018745,1018763,18
8,P01,UL,XP,6,1018763,1018927,164
8,P01,UL,XP,4,1018927,1019504,577
8,P01,UL,XP,6,1019504,1020737,1233
8,P01,UL,XP,4,1020737,1020932,195
8,P01,UL,XP,6,1020932,1024063,3131
8,P01,UL,XP,4,1024063,1024652,589
8,P01,UL,XP,6,1024652,1025409,757
8,P01,UL,XP,4,1025409,1025505,96
8,P01,UL,XP,1,1025505,1025690,185
8,P01,UL,XP,4,1025690,1026097,407
8,P01,UL,XP,6,1026097,1033026,6929
8,P01,UL,XP,1,1033026,1033100,74
8,P01,UL,XP,6,1033100,1039361,6261
8,P01,UL,XP,0,1039361,1042947,3586
8,P01,UL,XP,6,1042947,1048751,5804
8,P01,UL,XP,1,1048751,1061775,13024
8,P01,UL,XP,6,1061775,1062879,1104
8,P01,UL,XP,1,1062879,1062929,50
8,P01,UL,XP,6,1062929,1064720,1791
8,P01,UL,XP,1,1064720,1084207,19487
8,P01,UL,XP,0,1084207,1103497,19290
8,P01,UL,XP,6,1103497,1106115,2618
8,P01,UL,XP,4,1106115,1106308,193
8,P01,UL,XP,6,1106308,1107983,1675
8,P01,UL,XP,4,1107983,1108033,50
8,P01,UL,XP,2,1108033,1110370,2337
8,P01,UL,XP,6,1110370,1110841,471
8,P01,UL,XP,2,1110841,1110936,95
8,P01,UL,XP,4,1110936,1111574,638
8,P01,UL,XP,6,1111574,1112009,435
8,P01,UL,XP,4,1112009,1112087,78
8,P01,UL,XP,6,1112087,1112998,911
8,P01,UL,XP,2,1112998,1113107,109
8,P01,UL,XP,4,1113107,1115887,2780
8,P01,UL,XP,2,1115887,1115977,90
8,P01,UL,XP,4,1115977,1117007,1030
8,P01,UL,XP,6,1117007,1117207,200
8,P01,UL,XP,2,1117207,1122493,5286
8,P01,UL,XP,6,1122493,1127190,4697
8,P01,UL,XP,4,1127190,1127325,135
8,P01,UL,XP,6,1127325,1127983,658
8,P01,UL,XP,4,1127983,1128954,971
8,P01,UL,XP,1,1128954,1129274,320
8,P01,UL,XP,4,1129274,1131322,2048
8,P01,UL,XP,6,1131322,1132631,1309
8,P01,UL,XP,0,1132631,1133975,1344
8,P01,UL,XP,6,1133975,1137738,3763
8,P01,UL,XP,4,1137738,1138191,453
8,P01,UL,XP,2,1138191,1138232,41
8,P01,UL,XP,4,1138232,1139061,829
8,P01,UL,XP,6,1139061,1139240,179
8,P01,UL,XP,4,1139240,1139514,274
8,P01,UL,XP,6,1139514,1139677,163
8,P01,UL,XP,4,1139677,1140267,590
8,P01,UL,XP,2,1140267,1140315,48
8,P01,UL,XP,4,1140315,1140503,188
8,P01,UL,XP,6,1140503,1140821,318
8,P01,UL,XP,4,1140821,1141206,385
8,P01,UL,XP,6,1141206,1141238,32
8,P01,UL,XP,4,1141238,1141704,466
8,P01,UL,XP,2,1141704,1142030,326
8,P01,UL,XP,1,1142030,1142059,29
8,P01,UL,XP,2,1142059,1167014,24955
8,P01,UL,XP,0,1167014,1167094,80
8,P01,UL,XP,2,1167094,1176162,9068
8,P01,UL,XP,6,1176162,1176689,527
8,P01,UL,XP,2,1176689,1176807,118
8,P01,UL,XP,4,1176807,1176957,150
8,P01,UL,XP,6,1176957,1180929,3972
9,P01,UR,FR,5,0,1872,1872
9,P01,UR,FR,6,1872,1974,102
9,P01,UR,FR,3,1974,2003,29
9,P01,UR,FR,1,2003,3392,1389
9,P01,UR,FR,6,3392,4958,1566
9,P01,UR,FR,3,4958,6052,1094
9,P01,UR,FR,6,6052,6367,315
9,P01,UR,FR,3,6367,6466,99
9,P01,UR,FR,6,6466,6582,116
9,P01,UR,FR,3,6582,7048,466
9,P01,UR,FR,6,7048,9105,2057
9,P01,UR,FR,1,9105,9339,234
9,P01,UR,FR,6,9339,10859,1520
9,P01,UR,FR,1,10859,11250,391
9,P01,UR,FR,6,11250,11287,37
9,P01,UR,FR,1,11287,11534,247
9,P01,UR,FR,6,11534,14382,2848
9,P01,UR,FR,1,14382,14471,89
9,P01,UR,FR,6,14471,15748,1277
9,P01,UR,FR,1,15748,16504,756
9,P01,UR,FR,6,16504,20601,4097
9,P01,UR,FR,1,20601,21722,1121
9,P01,UR,FR,6,21722,22008,286
9,P01,UR,FR,1,22008,22117,109
9,P01,UR,FR,6,22117,23540,1423
9,P01,UR,FR,1,23540,25765,2225
9,P01,UR,FR,6,25765,26586,821
9,P01,UR,FR,1,26586,31022,4436
9,P01,UR,FR,6,31022,32802,1780
9,P01,UR,FR,1,32802,40202,7400
9,P01,UR,FR,6,40202,41191,989
9,P01,UR,FR,1,41191,53138,11947
9,P01,UR,FR,6,53138,58833,5695
9,P01,UR,FR,1,58833,59373,540
9,P01,UR,FR,6,59373,60508,1135
9,P01,UR,FR,1,60508,67210,6702
9,P01,UR,FR,6,67210,68877,1667
9,P01,UR,FR,1,68877,70383,1506
9,P01,UR,FR,2,70383,70687,304
9,P01,UR,FR,6,70687,71163,476
9,P01,UR,FR,1,71163,71465,302
9,P01,UR,FR,6,71465,72805,1340
9,P01,UR,FR,1,72805,72944,139
9,P01,UR,FR,2,72944,73140,196
9,P01,UR,FR,6,73140,73686,546
9,P01,UR,FR,2,73686,73751,65
9,P01,UR,FR,1,73751,74577,826
9,P01,UR,FR,5,74577,75429,852
9,P01,UR,FR,6,75429,75832,403
9,P01,UR,FR,1,75832,76814,982
9,P01,UR,FR,6,76814,77401,587
9,P01,UR,FR,1,77401,77748,347
9,P01,UR,FR,6,77748,78815,1067
9,P01,UR,FR,1,78815,87388,8573
9,P01,UR,FR,6,87388,87695,307
9,P01,UR,FR,1,87695,89878,2183
9,P01,UR,FR,6,89878,91975,2097
9,P01,UR,FR,1,91975,93855,1880
9,P01,UR,FR,6,93855,94039,184
9,P01,UR,FR,1,94039,94479,440
9,P01,UR,FR,6,94479,97173,2694
9,P01,UR,FR,1,97173,97462,289
9,P01,UR,FR,6,97462,102893,5431
9,P01,UR,FR,1,102893,105812,2919
9,P01,UR,FR,6,105812,106045,233
9,P01,UR,FR,1,106045,106445,400
9,P01,UR,FR,6,106445,107743,1298
9,P01,UR,FR,1,107743,108586,843
9,P01,UR,FR,6,108586,110592,2006
9,P01,UR,FR,1,110592,111014,422
9,P01,UR,FR,6,111014,111693,679
9,P01,UR,FR,1,111693,120623,8930
9,P01,UR,FR,6,120623,130971,10348
9,P01,UR,FR,1,130971,134168,3197
9,P01,UR,FR,6,134168,135279,1111
9,P01,UR,FR,1,135279,141962,6683
9,P01,UR,FR,6,141962,168046,26084
9,P01,UR,FR,1,168046,169546,1500
9,P01,UR,FR,6,169546,169843,297
9,P01,UR,FR,1,169843,170182,339
9,P01,UR,FR,6,170182,170329,147
9,P01,UR,FR,1,170329,172390,2061
9,P01,UR,FR,6,172390,175203,2813
9,P01,UR,FR,4,175203,176647,1444
9,P01,UR,FR,6,176647,180421,3774
9,P01,UR,FR,4,180421,181923,1502
9,P01,UR,FR,6,181923,182492,569
9,P01,UR,FR,5,182492,184263,1771
9,P01,UR,FR,6,184263,184557,294
9,P01,UR,FR,5,184557,185367,810
9,P01,UR,FR,6,185367,186776,1409
9,P01,UR,FR,5,186776,190012,3236
9,P01,UR,FR,6,190012,190680,668
9,P01,UR,FR,5,190680,191505,825
9,P01,UR,FR,6,191505,201662,10157
9,P01,UR,FR,1,201662,201909,247
9,P01,UR,FR,6,201909,202514,605
9,P01,UR,FR,1,202514,202955,441
9,P01,UR,FR,6,202955,206024,3069
9,P01,UR,FR,1,206024,206146,122
9,P01,UR,FR,6,206146,207681,1535
9,P01,UR,FR,1,207681,208022,341
9,P01,UR,FR,6,208022,208127,105
9,P01,UR,FR,1,208127,208650,523
9,P01,UR,FR,6,208650,219952,11302
9,P01,UR,FR,1,219952,220347,395
9,P01,UR,FR,6,220347,222609,2262
9,P01,UR,FR,1,222609,222676,67
9,P01,UR,FR,6,222676,228827,6151
9,P01,UR,FR,1,228827,229635,808
9,P01,UR,FR,6,229635,234362,4727
9,P01,UR,FR,1,234362,236619,2257
9,P01,UR,FR,6,236619,240915,4296
9,P01,UR,FR,1,240915,241588,673
9,P01,UR,FR,6,241588,247636,6048
9,P01,UR,FR,1,247636,247808,172
9,P01,UR,FR,6,247808,248140,332
9,P01,UR,FR,1,248140,252656,4516
9,P01,UR,FR,6,252656,261163,8507
9,P01,UR,FR,1,261163,263912,2749
9,P01,UR,FR,6,263912,264180,268
9,P01,UR,FR,1,264180,264376,196
9,P01,UR,FR,6,264376,264654,278
9,P01,UR,FR,1,264654,264768,114
9,P01,UR,FR,6,264768,265045,277
9,P01,UR,FR,3,265045,265805,760
9,P01,UR,FR,2,265805,266289,484
9,P01,UR,FR,6,266289,266406,117
9,P01,UR,FR,1,266406,267588,1182
9,P01,UR,FR,6,267588,270491,2903
9,P01,UR,FR,1,270491,270984,493
9,P01,UR,FR,6,270984,271121,137
9,P01,UR,FR,1,271121,272538,1417
9,P01,UR,FR,6,272538,272978,440
9,P01,UR,FR,1,272978,277789,4811
9,P01,UR,FR,6,277789,282158,4369
9,P01,UR,FR,3,282158,282490,332
9,P01,UR,FR,6,282490,283136,646
9,P01,UR,FR,3,283136,283283,147
9,P01,UR,FR,6,283283,290128,6845
9,P01,UR,FR,1,290128,290291,163
9,P01,UR,FR,6,290291,290592,301
9,P01,UR,FR,5,290592,291031,439
9,P01,UR,FR,6,291031,308421,17390
9,P01,UR,FR,1,308421,308994,573
9,P01,UR,FR,3,308994,309621,627
9,P01,UR,FR,6,309621,313472,3851
9,P01,UR,FR,1,313472,313843,371
9,P01,UR,FR,6,313843,314222,379
9,P01,UR,FR,1,314222,318066,3844
9,P01,UR,FR,6,318066,318398,332
9,P01,UR,FR,5,318398,318400,2
9,P01,UR,FR,6,318400,318407,7
9,P01,UR,FR,5,318407,318431,24
9,P01,UR,FR,6,318431,376069,57638
9,P01,UR,FR,1,376069,376211,142
9,P01,UR,FR,6,376211,386082,9871
9,P01,UR,FR,1,386082,387057,975
9,P01,UR,FR,6,387057,390150,3093
9,P01,UR,FR,1,390150,414059,23909
9,P01,UR,FR,6,414059,414290,231
9,P01,UR,FR,1,414290,414430,140
9,P01,UR,FR,6,414430,414465,35
9,P01,UR,FR,5,414465,414755,290
9,P01,UR,FR,6,414755,429220,14465
9,P01,UR,FR,1,429220,429379,159
9,P01,UR,FR,6,429379,429775,396
9,P01,UR,FR,2,429775,430014,239
9,P01,UR,FR,6,430014,430570,556
9,P01,UR,FR,1,430570,431205,635
9,P01,UR,FR,6,431205,431802,597
9,P01,UR,FR,1,431802,432607,805
9,P01,UR,FR,6,432607,433533,926
9,P01,UR,FR,1,433533,437379,3846
9,P01,UR,FR,6,437379,443448,6069
9,P01,UR,FR,2,443448,444069,621
9,P01,UR,FR,1,444069,444524,455
9,P01,UR,FR,5,444524,445324,800
9,P01,UR,FR,6,445324,470475,25151
9,P01,UR,FR,5,470475,470580,105
9,P01,UR,FR,6,470580,470746,166
9,P01,UR,FR,3,470746,472074,1328
9,P01,UR,FR,6,472074,493658,21584
9,P01,UR,FR,1,493658,494004,346
9,P01,UR,FR,2,494004,494212,208
9,P01,UR,FR,1,494212,494669,457
9,P01,UR,FR,5,494669,494997,328
9,P01,UR,FR,6,494997,497618,2621
9,P01,UR,FR,5,497618,498113,495
9,P01,UR,FR,6,498113,498671,558
9,P01,UR,FR,5,498671,499113,442
9,P01,UR,FR,6,499113,500207,1094
9,P01,UR,FR,5,500207,500922,715
9,P01,UR,FR,6,500922,501316,394
9,P01,UR,FR,1,501316,501923,607
9,P01,UR,FR,6,501923,502564,641
9,P01,UR,FR,5,502564,503282,718
9,P01,UR,FR,6,503282,503567,285
9,P01,UR,FR,4,503567,503783,216
9,P01,UR,FR,6,503783,507444,3661
9,P01,UR,FR,4,507444,507631,187
9,P01,UR,FR,6,507631,510387,2756
9,P01,UR,FR,4,510387,510572,185
9,P01,UR,FR,6,510572,510885,313
9,P01,UR,FR,4,510885,511328,443
9,P01,UR,FR,6,511328,525653,14325
9,P01,UR,FR,1,525653,525776,123
9,P01,UR,FR,6,525776,526255,479
9,P01,UR,FR,3,526255,526576,321
9,P01,UR,FR,6,526576,532603,6027
9,P01,UR,FR,1,532603,532740,137
9,P01,UR,FR,6,532740,542595,9855
9,P01,UR,FR,1,542595,543034,439
9,P01,UR,FR,6,543034,543258,224
9,P01,UR,FR,1,543258,546033,2775
9,P01,UR,FR,6,546033,546534,501
9,P01,UR,FR,1,546534,547986,1452
9,P01,UR,FR,6,547986,565798,17812
9,P01,UR,FR,1,565798,565914,116
9,P01,UR,FR,6,565914,583241,17327
9,P01,UR,FR,2,583241,584432,1191
9,P01,UR,FR,1,584432,584701,269
9,P01,UR,FR,6,584701,585132,431
9,P01,UR,FR,3,585132,585203,71
9,P01,UR,FR,6,585203,585251,48
9,P01,UR,FR,1,585251,585346,95
9,P01,UR,FR,6,585346,585498,152
9,P01,UR,FR,3,585498,586219,721
9,P01,UR,FR,6,586219,588938,2719
9,P01,UR,FR,1,588938,591289,2351
9,P01,UR,FR,6,591289,591900,611
9,P01,UR,FR,1,591900,593975,2075
9,P01,UR,FR,6,593975,595881,1906
9,P01,UR,FR,1,595881,596189,308
9,P01,UR,FR,6,596189,597233,1044
9,P01,UR,FR,1,597233,597940,707
9,P01,UR,FR,6,597940,603199,5259
9,P01,UR,FR,1,603199,611333,8134
9,P01,UR,FR,6,611333,618605,7272
9,P01,UR,FR,4,618605,619828,1223
9,P01,UR,FR,1,619828,622826,2998
9,P01,UR,FR,6,622826,628878,6052
9,P01,UR,FR,1,628878,629276,398
9,P01,UR,FR,6,629276,630643,1367
9,P01,UR,FR,1,630643,634869,4226
9,P01,UR,FR,6,634869,638512,3643
9,P01,UR,FR,1,638512,638658,146
9,P01,UR,FR,6,638658,639416,758
9,P01,UR,FR,5,639416,639985,569
9,P01,UR,FR,6,639985,642348,2363
9,P01,UR,FR,5,642348,642489,141
9,P01,UR,FR,6,642489,648272,5783
9,P01,UR,FR,1,648272,649291,1019
9,P01,UR,FR,6,649291,661280,11989
9,P01,UR,FR,1,661280,661823,543
9,P01,UR,FR,6,661823,663203,1380
9,P01,UR,FR,1,663203,663706,503
9,P01,UR,FR,6,663706,664560,854
9,P01,UR,FR,1,664560,666583,2023
9,P01,UR,FR,6,666583,666820,237
9,P01,UR,FR,1,666820,668446,1626
9,P01,UR,FR,6,668446,674671,6225
9,P01,UR,FR,1,674671,675020,349
9,P01,UR,FR,6,675020,677862,2842
9,P01,UR,FR,3,677862,677965,103
9,P01,UR,FR,6,677965,678644,679
9,P01,UR,FR,3,678644,679203,559
9,P01,UR,FR,1,679203,679498,295
9,P01,UR,FR,6,679498,716009,36511
9,P01,UR,FR,1,716009,716145,136
9,P01,UR,FR,6,716145,716689,544
9,P01,UR,FR,1,716689,716848,159
9,P01,UR,FR,6,716848,716969,121
9,P01,UR,FR,1,716969,717557,588
9,P01,UR,FR,6,717557,717653,96
9,P01,UR,FR,1,717653,718256,603
9,P01,UR,FR,6,718256,718821,565
9,P01,UR,FR,1,718821,719069,248
9,P01,UR,FR,6,719069,719503,434
9,P01,UR,FR,1,719503,720804,1301
9,P01,UR,FR,6,720804,722259,1455
9,P01,UR,FR,1,722259,724512,2253
9,P01,UR,FR,6,724512,731778,7266
9,P01,UR,FR,1,731778,732324,546
9,P01,UR,FR,6,732324,732809,485
9,P01,UR,FR,1,732809,732996,187
9,P01,UR,FR,6,732996,733104,108
9,P01,UR,FR,1,733104,733657,553
9,P01,UR,FR,6,733657,735030,1373
9,P01,UR,FR,1,735030,735309,279
9,P01,UR,FR,6,735309,739744,4435
9,P01,UR,FR,5,739744,739791,47
9,P01,UR,FR,6,739791,820424,80633
9,P01,UR,FR,4,820424,820551,127
9,P01,UR,FR,6,820551,820584,33
9,P01,UR,FR,5,820584,823173,2589
9,P01,UR,FR,1,823173,827426,4253
9,P01,UR,FR,6,827426,827944,518
9,P01,UR,FR,1,827944,833895,5951
9,P01,UR,FR,5,833895,833972,77
9,P01,UR,FR,1,833972,834203,231
9,P01,UR,FR,6,834203,835745,1542
9,P01,UR,FR,5,835745,836015,270
9,P01,UR,FR,6,836015,840791,4776
9,P01,UR,FR,1,840791,841208,417
9,P01,UR,FR,6,841208,842745,1537
9,P01,UR,FR,4,842745,842944,199
9,P01,UR,FR,1,842944,858451,15507
9,P01,UR,FR,4,858451,859030,579
9,P01,UR,FR,5,859030,860365,1335
9,P01,UR,FR,6,860365,860542,177
9,P01,UR,FR,1,860542,861167,625
9,P01,UR,FR,6,861167,862817,1650
9,P01,UR,FR,1,862817,863132,315
9,P01,UR,FR,4,863132,869464,6332
9,P01,UR,FR,2,869464,869730,266
9,P01,UR,FR,1,869730,871968,2238
9,P01,UR,FR,5,871968,873061,1093
9,P01,UR,FR,6,873061,874777,1716
9,P01,UR,FR,1,874777,875125,348
9,P01,UR,FR,6,875125,875367,242
9,P01,UR,FR,4,875367,875991,624
9,P01,UR,FR,6,875991,877577,1586
9,P01,UR,FR,4,877577,879033,1456
9,P01,UR,FR,6,879033,879482,449
9,P01,UR,FR,4,879482,883406,3924
9,P01,UR,FR,6,883406,883972,566
9,P01,UR,FR,4,883972,884448,476
9,P01,UR,FR,6,884448,884533,85
9,P01,UR,FR,4,884533,886844,2311
9,P01,UR,FR,6,886844,886954,110
9,P01,UR,FR,1,886954,887405,451
9,P01,UR,FR,4,887405,888378,973
9,P01,UR,FR,1,888378,888656,278
9,P01,UR,FR,6,888656,888753,97
9,P01,UR,FR,1,888753,888961,208
9,P01,UR,FR,6,888961,889006,45
9,P01,UR,FR,4,889006,889827,821
9,P01,UR,FR,6,889827,892270,2443
9,P01,UR,FR,4,892270,892917,647
9,P01,UR,FR,6,892917,895147,2230
9,P01,UR,FR,1,895147,896779,1632
9,P01,UR,FR,6,896779,897207,428
9,P01,UR,FR,1,897207,897957,750
9,P01,UR,FR,6,897957,899125,1168
9,P01,UR,FR,1,899125,899432,307
9,P01,UR,FR,6,899432,899940,508
9,P01,UR,FR,1,899940,900717,777
9,P01,UR,FR,6,900717,903271,2554
9,P01,UR,FR,1,903271,907410,4139
9,P01,UR,FR,6,907410,907777,367
9,P01,UR,FR,1,907777,909041,1264
9,P01,UR,FR,2,909041,909590,549
9,P01,UR,FR,1,909590,910392,802
9,P01,UR,FR,6,910392,911761,1369
9,P01,UR,FR,1,911761,912135,374
9,P01,UR,FR,6,912135,912776,641
9,P01,UR,FR,1,912776,913204,428
9,P01,UR,FR,6,913204,913510,306
9,P01,UR,FR,1,913510,914464,954
9,P01,UR,FR,6,914464,914888,424
9,P01,UR,FR,1,914888,916690,1802
9,P01,UR,FR,6,916690,916949,259
9,P01,UR,FR,1,916949,936514,19565
9,P01,UR,FR,4,936514,936705,191
9,P01,UR,FR,6,936705,944030,7325
9,P01,UR,FR,1,944030,951180,7150
9,P01,UR,FR,6,951180,956052,4872
9,P01,UR,FR,1,956052,959893,3841
9,P01,UR,FR,6,959893,960783,890
9,P01,UR,FR,1,960783,963703,2920
9,P01,UR,FR,6,963703,965227,1524
9,P01,UR,FR,1,965227,966847,1620
9,P01,UR,FR,6,966847,969250,2403
9,P01,UR,FR,5,969250,969329,79
9,P01,UR,FR,0,969329,969552,223
9,P01,UR,FR,6,969552,970242,690
9,P01,UR,FR,1,970242,970320,78
9,P01,UR,FR,0,970320,970713,393
9,P01,UR,FR,6,970713,971081,368
9,P01,UR,FR,1,971081,972036,955
9,P01,UR,FR,6,972036,982071,10035
9,P01,UR,FR,1,982071,982439,368
9,P01,UR,FR,6,982439,993935,11496
9,P01,UR,FR,1,993935,995604,1669
9,P01,UR,FR,6,995604,995937,333
9,P01,UR,FR,1,995937,996621,684
9,P01,UR,FR,6,996621,996766,145
9,P01,UR,FR,1,996766,997351,585
9,P01,UR,FR,6,997351,998330,979
9,P01,UR,FR,1,998330,998543,213
9,P01,UR,FR,6,998543,999700,1157
9,P01,UR,FR,1,999700,1000356,656
9,P01,UR,FR,6,1000356,1001236,880
9,P01,UR,FR,1,1001236,1001720,484
9,P01,UR,FR,6,1001720,1003835,2115
9,P01,UR,FR,1,1003835,1004491,656
9,P01,UR,FR,6,1004491,1004752,261
9,P01,UR,FR,1,1004752,1005239,487
9,P01,UR,FR,6,1005239,1006502,1263
9,P01,UR,FR,1,1006502,1007000,498
9,P01,UR,FR,6,1007000,1008370,1370
9,P01,UR,FR,5,1008370,1008692,322
9,P01,UR,FR,6,1008692,1008883,191
9,P01,UR,FR,5,1008883,1009248,365
9,P01,UR,FR,6,1009248,1009611,363
9,P01,UR,FR,1,1009611,1009742,131
9,P01,UR,FR,6,1009742,1011213,1471
9,P01,UR,FR,1,1011213,1013135,1922
9,P01,UR,FR,6,1013135,1015122,1987
9,P01,UR,FR,1,1015122,1015930,808
9,P01,UR,FR,6,1015930,1016170,240
9,P01,UR,FR,1,1016170,1020740,4570
9,P01,UR,FR,6,1020740,1021874,1134
9,P01,UR,FR,1,1021874,1023046,1172
9,P01,UR,FR,2,1023046,1023241,195
9,P01,UR,FR,1,1023241,1026747,3506
9,P01,UR,FR,6,1026747,1028535,1788
9,P01,UR,FR,1,1028535,1029309,774
9,P01,UR,FR,6,1029309,1030495,1186
9,P01,UR,FR,1,1030495,1030761,266
9,P01,UR,FR,6,1030761,1031815,1054
9,P01,UR,FR,1,1031815,1032229,414
9,P01,UR,FR,6,1032229,1032411,182
9,P01,UR,FR,1,1032411,1033422,1011
9,P01,UR,FR,6,1033422,1033705,283
9,P01,UR,FR,5,1033705,1033888,183
9,P01,UR,FR,1,1033888,1034698,810
9,P01,UR,FR,6,1034698,1035379,681
9,P01,UR,FR,1,1035379,1035690,311
9,P01,UR,FR,6,1035690,1036069,379
9,P01,UR,FR,1,1036069,1039560,3491
9,P01,UR,FR,6,1039560,1055925,16365
9,P01,UR,FR,1,1055925,1063170,7245
9,P01,UR,FR,6,1063170,1083728,20558
9,P01,UR,FR,1,1083728,1103565,19837
9,P01,UR,FR,6,1103565,1103594,29
9,P01,UR,FR,5,1103594,1104091,497
9,P01,UR,FR,6,1104091,1106631,2540
9,P01,UR,FR,1,1106631,1107319,688
9,P01,UR,FR,6,1107319,1108016,697
9,P01,UR,FR,1,1108016,1110310,2294
9,P01,UR,FR,6,1110310,1114687,4377
9,P01,UR,FR,1,1114687,1122654,7967
9,P01,UR,FR,6,1122654,1122705,51
9,P01,UR,FR,5,1122705,1122933,228
9,P01,UR,FR,6,1122933,1128290,5357
9,P01,UR,FR,1,1128290,1128968,678
9,P01,UR,FR,6,1128968,1129802,834
9,P01,UR,FR,1,1129802,1131467,1665
9,P01,UR,FR,6,1131467,1134784,3317
9,P01,UR,FR,1,1134784,1135546,762
9,P01,UR,FR,6,1135546,1137092,1546
9,P01,UR,FR,1,1137092,1138609,1517
9,P01,UR,FR,6,1138609,1142217,3608
9,P01,UR,FR,1,1142217,1143819,1602
9,P01,UR,FR,5,1143819,1144489,670
9,P01,UR,FR,1,1144489,1149126,4637
9,P01,UR,FR,5,1149126,1149301,175
9,P01,UR,FR,1,1149301,1150666,1365
9,P01,UR,FR,5,1150666,1151212,546
9,P01,UR,FR,1,1151212,1152084,872
9,P01,UR,FR,5,1152084,1152867,783
9,P01,UR,FR,1,1152867,1153803,936
9,P01,UR,FR,5,1153803,1154331,528
9,P01,UR,FR,1,1154331,1155000,669
9,P01,UR,FR,5,1155000,1156245,1245
9,P01,UR,FR,1,1156245,1160073,3828
9,P01,UR,FR,6,1160073,1160565,492
9,P01,UR,FR,1,1160565,1176938,16373
9,P01,UR,FR,6,1176938,1177272,334
9,P01,UR,FR,5,1177272,1178466,1194
9,P01,UR,FR,4,1178466,1178558,92
9,P01,UR,FR,6,1178558,1180929,2371
10,P01,UR,LU,6,0,1920,1920
10,P01,UR,LU,4,1920,2643,723
10,P01,UR,LU,6,2643,14884,12241
10,P01,UR,LU,2,14884,15004,120
10,P01,UR,LU,6,15004,15336,332
10,P01,UR,LU,2,15336,15809,473
10,P01,UR,LU,6,15809,23517,7708
10,P01,UR,LU,0,23517,23672,155
10,P01,UR,LU,6,23672,40459,16787
10,P01,UR,LU,4,40459,40493,34
10,P01,UR,LU,6,40493,42053,1560
10,P01,UR,LU,0,42053,42783,730
10,P01,UR,LU,6,42783,60969,18186
10,P01,UR,LU,4,60969,61779,810
10,P01,UR,LU,6,61779,72594,10815
10,P01,UR,LU,3,72594,73085,491
10,P01,UR,LU,6,73085,97607,24522
10,P01,UR,LU,4,97607,97778,171
10,P01,UR,LU,0,97778,98280,502
10,P01,UR,LU,6,98280,104224,5944
10,P01,UR,LU,4,104224,104320,96
10,P01,UR,LU,0,104320,104543,223
10,P01,UR,LU,6,104543,145816,41273
10,P01,UR,LU,4,145816,146233,417
10,P01,UR,LU,0,146233,146434,201
10,P01,UR,LU,4,146434,146473,39
10,P01,UR,LU,0,146473,146481,8
10,P01,UR,LU,4,146481,146729,248
10,P01,UR,LU,0,146729,146742,13
10,P01,UR,LU,4,146742,146755,13
10,P01,UR,LU,0,146755,147079,324
10,P01,UR,LU,4,147079,147160,81
10,P01,UR,LU,6,147160,149249,2089
10,P01,UR,LU,4,149249,149489,240
10,P01,UR,LU,6,149489,149638,149
10,P01,UR,LU,4,149638,149708,70
10,P01,UR,LU,6,149708,150343,635
10,P01,UR,LU,4,150343,150523,180
10,P01,UR,LU,6,150523,150611,88
10,P01,UR,LU,4,150611,150715,104
10,P01,UR,LU,6,150715,152478,1763
10,P01,UR,LU,4,152478,152728,250
10,P01,UR,LU,6,152728,153097,369
10,P01,UR,LU,4,153097,153400,303
10,P01,UR,LU,6,153400,154461,1061
10,P01,UR,LU,4,154461,155979,1518
10,P01,UR,LU,6,155979,156093,114
10,P01,UR,LU,4,156093,156124,31
10,P01,UR,LU,6,156124,156735,611
10,P01,UR,LU,4,156735,156851,116
10,P01,UR,LU,6,156851,161996,5145
10,P01,UR,LU,4,161996,162196,200
10,P01,UR,LU,6,162196,164808,2612
10,P01,UR,LU,4,164808,164912,104
10,P01,UR,LU,6,164912,188622,23710
10,P01,UR,LU,4,188622,188732,110
10,P01,UR,LU,6,188732,190718,1986
10,P01,UR,LU,4,190718,190926,208
10,P01,UR,LU,0,190926,191864,938
10,P01,UR,LU,4,191864,191885,21
10,P01,UR,LU,0,191885,191941,56
10,P01,UR,LU,4,191941,193456,1515
10,P01,UR,LU,0,193456,196448,2992
10,P01,UR,LU,4,196448,196704,256
10,P01,UR,LU,6,196704,211117,14413
10,P01,UR,LU,0,211117,211132,15
10,P01,UR,LU,6,211132,211176,44
10,P01,UR,LU,0,211176,211200,24
10,P01,UR,LU,6,211200,211419,219
10,P01,UR,LU,0,211419,211692,273
10,P01,UR,LU,6,211692,211974,282
10,P01,UR,LU,0,211974,212280,306
10,P01,UR,LU,5,212280,212534,254
10,P01,UR,LU,0,212534,212614,80
10,P01,UR,LU,5,212614,215380,2766
10,P01,UR,LU,0,215380,216096,716
10,P01,UR,LU,5,216096,217230,1134
10,P01,UR,LU,0,217230,217276,46
10,P01,UR,LU,5,217276,217739,463
10,P01,UR,LU,0,217739,217872,133
10,P01,UR,LU,5,217872,218003,131
10,P01,UR,LU,0,218003,218222,219
10,P01,UR,LU,5,218222,218431,209
10,P01,UR,LU,0,218431,218802,371
10,P01,UR,LU,5,218802,219236,434
10,P01,UR,LU,0,219236,220248,1012
10,P01,UR,LU,6,220248,220350,102
10,P01,UR,LU,4,220350,220891,541
10,P01,UR,LU,6,220891,226951,6060
10,P01,UR,LU,4,226951,227621,670
10,P01,UR,LU,6,227621,229007,1386
10,P01,UR,LU,0,229007,229145,138
10,P01,UR,LU,6,229145,229964,819
10,P01,UR,LU,4,229964,230019,55
10,P01,UR,LU,6,230019,237044,7025
10,P01,UR,LU,4,237044,237174,130
10,P01,UR,LU,6,237174,237183,9
10,P01,UR,LU,4,237183,238324,1141
10,P01,UR,LU,6,238324,238741,417
10,P01,UR,LU,4,238741,238769,28
10,P01,UR,LU,6,238769,244310,5541
10,P01,UR,LU,5,244310,244783,473
10,P01,UR,LU,6,244783,244988,205
10,P01,UR,LU,0,244988,245013,25
10,P01,UR,LU,6,245013,245085,72
10,P01,UR,LU,2,245085,245319,234
10,P01,UR,LU,6,245319,245339,20
10,P01,UR,LU,2,245339,245358,19
10,P01,UR,LU,6,245358,245490,132
10,P01,UR,LU,2,245490,245656,166
10,P01,UR,LU,6,245656,245690,34
10,P01,UR,LU,2,245690,245709,19
10,P01,UR,LU,6,245709,245793,84
10,P01,UR,LU,2,245793,245893,100
10,P01,UR,LU,6,245893,251111,5218
10,P01,UR,LU,1,251111,251191,80
10,P01,UR,LU,6,251191,252384,1193
10,P01,UR,LU,0,252384,252488,104
10,P01,UR,LU,6,252488,262818,10330
10,P01,UR,LU,1,262818,262850,32
10,P01,UR,LU,6,262850,265250,2400
10,P01,UR,LU,2,265250,265327,77
10,P01,UR,LU,3,265327,267096,1769
10,P01,UR,LU,1,267096,267129,33
10,P01,UR,LU,6,267129,267337,208
10,P01,UR,LU,0,267337,267355,18
10,P01,UR,LU,6,267355,269849,2494
10,P01,UR,LU,4,269849,270071,222
10,P01,UR,LU,0,270071,270571,500
10,P01,UR,LU,6,270571,271167,596
10,P01,UR,LU,0,271167,271257,90
10,P01,UR,LU,6,271257,277881,6624
10,P01,UR,LU,4,277881,278077,196
10,P01,UR,LU,6,278077,281323,3246
10,P01,UR,LU,5,281323,281742,419
10,P01,UR,LU,6,281742,281951,209
10,P01,UR,LU,3,281951,282080,129
10,P01,UR,LU,6,282080,282474,394
10,P01,UR,LU,3,282474,282740,266
10,P01,UR,LU,6,282740,283474,734
10,P01,UR,LU,0,283474,283538,64
10,P01,UR,LU,6,283538,284130,592
10,P01,UR,LU,0,284130,284212,82
10,P01,UR,LU,4,284212,284756,544
10,P01,UR,LU,0,284756,284768,12
10,P01,UR,LU,6,284768,285328,560
10,P01,UR,LU,4,285328,285409,81
10,P01,UR,LU,0,285409,285466,57
10,P01,UR,LU,4,285466,285511,45
10,P01,UR,LU,0,285511,285523,12
10,P01,UR,LU,4,285523,285606,83
10,P01,UR,LU,0,285606,285632,26
10,P01,UR,LU,4,285632,285996,364
10,P01,UR,LU,0,285996,289525,3529
10,P01,UR,LU,4,289525,289577,52
10,P01,UR,LU,0,289577,289739,162
10,P01,UR,LU,5,289739,289943,204
10,P01,UR,LU,0,289943,290282,339
10,P01,UR,LU,3,290282,290345,63
10,P01,UR,LU,6,290345,293039,2694
10,P01,UR,LU,4,293039,298573,5534
10,P01,UR,LU,6,298573,303848,5275
10,P01,UR,LU,4,303848,304000,152
10,P01,UR,LU,6,304000,304571,571
10,P01,UR,LU,4,304571,304722,151
10,P01,UR,LU,6,304722,305369,647
10,P01,UR,LU,4,305369,305581,212
10,P01,UR,LU,6,305581,306256,675
10,P01,UR,LU,4,306256,306419,163
10,P01,UR,LU,6,306419,306619,200
10,P01,UR,LU,0,306619,306691,72
10,P01,UR,LU,4,306691,306782,91
10,P01,UR,LU,6,306782,308262,1480
10,P01,UR,LU,4,308262,308674,412
10,P01,UR,LU,6,308674,308714,40
10,P01,UR,LU,3,308714,309415,701
10,P01,UR,LU,6,309415,310920,1505
10,P01,UR,LU,0,310920,311023,103
10,P01,UR,LU,3,311023,311261,238
10,P01,UR,LU,0,311261,311275,14
10,P01,UR,LU,6,311275,312893,1618
10,P01,UR,LU,0,312893,317839,4946
10,P01,UR,LU,5,317839,317980,141
10,P01,UR,LU,6,317980,325843,7863
10,P01,UR,LU,4,325843,326057,214
10,P01,UR,LU,0,326057,326218,161
10,P01,UR,LU,4,326218,326268,50
10,P01,UR,LU,0,326268,326280,12
10,P01,UR,LU,4,326280,326308,28
10,P01,UR,LU,0,326308,326407,99
10,P01,UR,LU,6,326407,334612,8205
10,P01,UR,LU,4,334612,335229,617
10,P01,UR,LU,6,335229,340550,5321
10,P01,UR,LU,4,340550,340629,79
10,P01,UR,LU,6,340629,341300,671
10,P01,UR,LU,4,341300,341392,92
10,P01,UR,LU,6,341392,343899,2507
10,P01,UR,LU,4,343899,344023,124
10,P01,UR,LU,6,344023,347585,3562
10,P01,UR,LU,4,347585,347727,142
10,P01,UR,LU,6,347727,351164,3437
10,P01,UR,LU,4,351164,351175,11
10,P01,UR,LU,6,351175,352223,1048
10,P01,UR,LU,0,352223,352386,163
10,P01,UR,LU,4,352386,352446,60
10,P01,UR,LU,0,352446,352488,42
10,P01,UR,LU,4,352488,352520,32
10,P01,UR,LU,0,352520,352528,8
10,P01,UR,LU,4,352528,352946,418
10,P01,UR,LU,0,352946,352970,24
10,P01,UR,LU,4,352970,353326,356
10,P01,UR,LU,0,353326,353421,95
10,P01,UR,LU,6,353421,353805,384
10,P01,UR,LU,4,353805,353976,171
10,P01,UR,LU,6,353976,358134,4158
10,P01,UR,LU,4,358134,358303,169
10,P01,UR,LU,6,358303,358591,288
10,P01,UR,LU,4,358591,358658,67
10,P01,UR,LU,6,358658,359198,540
10,P01,UR,LU,4,359198,360529,1331
10,P01,UR,LU,6,360529,363656,3127
10,P01,UR,LU,4,363656,363766,110
10,P01,UR,LU,6,363766,363770,4
10,P01,UR,LU,4,363770,364927,1157
10,P01,UR,LU,6,364927,366784,1857
10,P01,UR,LU,4,366784,366876,92
10,P01,UR,LU,6,366876,367566,690
10,P01,UR,LU,4,367566,368030,464
10,P01,UR,LU,6,368030,368288,258
10,P01,UR,LU,4,368288,368448,160
10,P01,UR,LU,6,368448,371715,3267
10,P01,UR,LU,5,371715,371836,121
10,P01,UR,LU,4,371836,372415,579
10,P01,UR,LU,5,372415,372579,164
10,P01,UR,LU,4,372579,372614,35
10,P01,UR,LU,5,372614,372623,9
10,P01,UR,LU,4,372623,372693,70
10,P01,UR,LU,5,372693,373324,631
10,P01,UR,LU,0,373324,373378,54
10,P01,UR,LU,4,373378,373925,547
10,P01,UR,LU,5,373925,374405,480
10,P01,UR,LU,4,374405,374857,452
10,P01,UR,LU,0,374857,374888,31
10,P01,UR,LU,5,374888,374952,64
10,P01,UR,LU,4,374952,376070,1118
10,P01,UR,LU,5,376070,376128,58
10,P01,UR,LU,6,376128,376672,544
10,P01,UR,LU,3,376672,376804,132
10,P01,UR,LU,2,376804,377567,763
10,P01,UR,LU,3,377567,377788,221
10,P01,UR,LU,6,377788,378205,417
10,P01,UR,LU,4,378205,379039,834
10,P01,UR,LU,0,379039,379111,72
10,P01,UR,LU,6,379111,379433,322
10,P01,UR,LU,0,379433,379755,322
10,P01,UR,LU,4,379755,380910,1155
10,P01,UR,LU,0,380910,380960,50
10,P01,UR,LU,4,380960,381207,247
10,P01,UR,LU,0,381207,381276,69
10,P01,UR,LU,6,381276,381398,122
10,P01,UR,LU,0,381398,381489,91
10,P01,UR,LU,4,381489,382091,602
10,P01,UR,LU,0,382091,382409,318
10,P01,UR,LU,6,382409,382752,343
10,P01,UR,LU,0,382752,383370,618
10,P01,UR,LU,6,383370,383384,14
10,P01,UR,LU,0,383384,383547,163
10,P01,UR,LU,4,383547,383654,107
10,P01,UR,LU,0,383654,384708,1054
10,P01,UR,LU,4,384708,384759,51
10,P01,UR,LU,0,384759,385182,423
10,P01,UR,LU,4,385182,385350,168
10,P01,UR,LU,0,385350,385905,555
10,P01,UR,LU,4,385905,386026,121
10,P01,UR,LU,0,386026,386152,126
10,P01,UR,LU,6,386152,386282,130
10,P01,UR,LU,0,386282,386337,55
10,P01,UR,LU,6,386337,386497,160
10,P01,UR,LU,0,386497,386524,27
10,P01,UR,LU,4,386524,386682,158
10,P01,UR,LU,0,386682,386832,150
10,P01,UR,LU,4,386832,387221,389
10,P01,UR,LU,0,387221,387852,631
10,P01,UR,LU,4,387852,388020,168
10,P01,UR,LU,0,388020,388511,491
10,P01,UR,LU,4,388511,388729,218
10,P01,UR,LU,0,388729,389117,388
10,P01,UR,LU,4,389117,389345,228
10,P01,UR,LU,6,389345,389518,173
10,P01,UR,LU,3,389518,390062,544
10,P01,UR,LU,6,390062,390388,326
10,P01,UR,LU,1,390388,390425,37
10,P01,UR,LU,6,390425,390451,26
10,P01,UR,LU,1,390451,390534,83
10,P01,UR,LU,6,390534,390577,43
10,P01,UR,LU,1,390577,390753,176
10,P01,UR,LU,0,390753,390941,188
10,P01,UR,LU,6,390941,391824,883
10,P01,UR,LU,1,391824,392029,205
10,P01,UR,LU,6,392029,392055,26
10,P01,UR,LU,1,392055,392508,453
10,P01,UR,LU,0,392508,392512,4
10,P01,UR,LU,6,392512,392616,104
10,P01,UR,LU,1,392616,392821,205
10,P01,UR,LU,6,392821,392955,134
10,P01,UR,LU,1,392955,393454,499
10,P01,UR,LU,6,393454,393476,22
10,P01,UR,LU,1,393476,394131,655
10,P01,UR,LU,6,394131,394261,130
10,P01,UR,LU,1,394261,394917,656
10,P01,UR,LU,6,394917,395085,168
10,P01,UR,LU,1,395085,395375,290
10,P01,UR,LU,0,395375,395403,28
10,P01,UR,LU,1,395403,395471,68
10,P01,UR,LU,6,395471,396302,831
10,P01,UR,LU,1,396302,396522,220
10,P01,UR,LU,3,396522,396894,372
10,P01,UR,LU,1,396894,396898,4
10,P01,UR,LU,3,396898,396912,14
10,P01,UR,LU,1,396912,396950,38
10,P01,UR,LU,3,396950,396991,41
10,P01,UR,LU,1,396991,397038,47
10,P01,UR,LU,3,397038,397117,79
10,P01,UR,LU,1,397117,397173,56
10,P01,UR,LU,3,397173,397190,17
10,P01,UR,LU,1,397190,397356,166
10,P01,UR,LU,3,397356,397357,1
10,P01,UR,LU,1,397357,397426,69
10,P01,UR,LU,3,397426,397922,496
10,P01,UR,LU,6,397922,397935,13
10,P01,UR,LU,3,397935,398470,535
10,P01,UR,LU,1,398470,399473,1003
10,P01,UR,LU,3,399473,399976,503
10,P01,UR,LU,1,399976,400265,289
10,P01,UR,LU,6,400265,401103,838
10,P01,UR,LU,1,401103,401446,343
10,P01,UR,LU,6,401446,401499,53
10,P01,UR,LU,1,401499,402092,593
10,P01,UR,LU,3,402092,402139,47
10,P01,UR,LU,1,402139,402373,234
10,P01,UR,LU,3,402373,402374,1
10,P01,UR,LU,1,402374,402788,414
10,P01,UR,LU,3,402788,402818,30
10,P01,UR,LU,6,402818,402865,47
10,P01,UR,LU,1,402865,403873,1008
10,P01,UR,LU,3,403873,403963,90
10,P01,UR,LU,1,403963,404907,944
10,P01,UR,LU,3,404907,405059,152
10,P01,UR,LU,1,405059,405517,458
10,P01,UR,LU,3,405517,405647,130
10,P01,UR,LU,6,405647,405727,80
10,P01,UR,LU,1,405727,405944,217
10,P01,UR,LU,0,405944,407781,1837
10,P01,UR,LU,1,407781,407806,25
10,P01,UR,LU,3,407806,407874,68
10,P01,UR,LU,1,407874,407988,114
10,P01,UR,LU,6,407988,408197,209
10,P01,UR,LU,1,408197,408199,2
10,P01,UR,LU,6,408199,408233,34
10,P01,UR,LU,1,408233,408534,301
10,P01,UR,LU,0,408534,408540,6
10,P01,UR,LU,3,408540,408656,116
10,P01,UR,LU,0,408656,408766,110
10,P01,UR,LU,6,408766,408770,4
10,P01,UR,LU,0,408770,408787,17
10,P01,UR,LU,6,408787,408810,23
10,P01,UR,LU,0,408810,408860,50
10,P01,UR,LU,1,408860,409021,161
10,P01,UR,LU,6,409021,409172,151
10,P01,UR,LU,1,409172,409650,478
10,P01,UR,LU,6,409650,409787,137
10,P01,UR,LU,1,409787,410096,309
10,P01,UR,LU,0,410096,410131,35
10,P01,UR,LU,1,410131,410296,165
10,P01,UR,LU,0,410296,410382,86
10,P01,UR,LU,1,410382,410399,17
10,P01,UR,LU,6,410399,410473,74
10,P01,UR,LU,0,410473,410524,51
10,P01,UR,LU,6,410524,410585,61
10,P01,UR,LU,0,410585,410698,113
10,P01,UR,LU,6,410698,410902,204
10,P01,UR,LU,1,410902,411038,136
10,P01,UR,LU,0,411038,411070,32
10,P01,UR,LU,1,411070,411094,24
10,P01,UR,LU,0,411094,411263,169
10,P01,UR,LU,6,411263,411317,54
10,P01,UR,LU,0,411317,411519,202
10,P01,UR,LU,6,411519,411923,404
10,P01,UR,LU,0,411923,411943,20
10,P01,UR,LU,1,411943,412085,142
10,P01,UR,LU,0,412085,412224,139
10,P01,UR,LU,1,412224,412461,237
10,P01,UR,LU,0,412461,413082,621
10,P01,UR,LU,6,413082,413253,171
10,P01,UR,LU,0,413253,413520,267
10,P01,UR,LU,1,413520,413541,21
10,P01,UR,LU,0,413541,413578,37
10,P01,UR,LU,1,413578,413611,33
10,P01,UR,LU,0,413611,413727,116
10,P01,UR,LU,3,413727,413847,120
10,P01,UR,LU,1,413847,413939,92
10,P01,UR,LU,0,413939,413960,21
10,P01,UR,LU,6,413960,415382,1422
10,P01,UR,LU,4,415382,415416,34
10,P01,UR,LU,5,415416,415440,24
10,P01,UR,LU,4,415440,415703,263
10,P01,UR,LU,6,415703,415886,183
10,P01,UR,LU,4,415886,416083,197
10,P01,UR,LU,6,416083,416232,149
10,P01,UR,LU,4,416232,416270,38
10,P01,UR,LU,6,416270,416311,41
10,P01,UR,LU,4,416311,417226,915
10,P01,UR,LU,6,417226,417402,176
10,P01,UR,LU,4,417402,419429,2027
10,P01,UR,LU,6,419429,419608,179
10,P01,UR,LU,0,419608,419651,43
10,P01,UR,LU,6,419651,420089,438
10,P01,UR,LU,4,420089,420723,634
10,P01,UR,LU,6,420723,421376,653
10,P01,UR,LU,4,421376,421642,266
10,P01,UR,LU,6,421642,421977,335
10,P01,UR,LU,4,421977,422614,637
10,P01,UR,LU,6,422614,422696,82
10,P01,UR,LU,4,422696,422713,17
10,P01,UR,LU,6,422713,422732,19
10,P01,UR,LU,4,422732,422770,38
10,P01,UR,LU,6,422770,423133,363
10,P01,UR,LU,4,423133,426683,3550
10,P01,UR,LU,6,426683,426826,143
10,P01,UR,LU,4,426826,427033,207
10,P01,UR,LU,6,427033,427160,127
10,P01,UR,LU,4,427160,428890,1730
10,P01,UR,LU,6,428890,428947,57
10,P01,UR,LU,3,428947,428984,37
10,P01,UR,LU,6,428984,429152,168
10,P01,UR,LU,3,429152,430299,1147
10,P01,UR,LU,2,430299,430322,23
10,P01,UR,LU,3,430322,430669,347
10,P01,UR,LU,0,430669,430677,8
10,P01,UR,LU,6,430677,430768,91
10,P01,UR,LU,1,430768,430855,87
10,P01,UR,LU,6,430855,436492,5637
10,P01,UR,LU,2,436492,436710,218
10,P01,UR,LU,6,436710,436716,6
10,P01,UR,LU,2,436716,436807,91
10,P01,UR,LU,3,436807,437129,322
10,P01,UR,LU,2,437129,437211,82
10,P01,UR,LU,6,437211,437343,132
10,P01,UR,LU,0,437343,437549,206
10,P01,UR,LU,4,437549,437793,244
10,P01,UR,LU,0,437793,438127,334
10,P01,UR,LU,4,438127,438302,175
10,P01,UR,LU,0,438302,439152,850
10,P01,UR,LU,4,439152,439330,178
10,P01,UR,LU,0,439330,439748,418
10,P01,UR,LU,4,439748,439944,196
10,P01,UR,LU,0,439944,440293,349
10,P01,UR,LU,4,440293,440436,143
10,P01,UR,LU,6,440436,440489,53
10,P01,UR,LU,4,440489,440515,26
10,P01,UR,LU,6,440515,443403,2888
10,P01,UR,LU,3,443403,444038,635
10,P01,UR,LU,6,444038,453955,9917
10,P01,UR,LU,4,453955,454608,653
10,P01,UR,LU,6,454608,462560,7952
10,P01,UR,LU,4,462560,462614,54
10,P01,UR,LU,6,462614,463158,544
10,P01,UR,LU,4,463158,464494,1336
10,P01,UR,LU,6,464494,465089,595
10,P01,UR,LU,0,465089,465128,39
10,P01,UR,LU,4,465128,467338,2210
10,P01,UR,LU,0,467338,467909,571
10,P01,UR,LU,4,467909,468150,241
10,P01,UR,LU,5,468150,468350,200
10,P01,UR,LU,6,468350,469949,1599
10,P01,UR,LU,5,469949,470322,373
10,P01,UR,LU,6,470322,470830,508
10,P01,UR,LU,0,470830,471063,233
10,P01,UR,LU,2,471063,471072,9
10,P01,UR,LU,0,471072,471153,81
10,P01,UR,LU,3,471153,471534,381
10,P01,UR,LU,2,471534,471645,111
10,P01,UR,LU,6,471645,471652,7
10,P01,UR,LU,2,471652,471681,29
10,P01,UR,LU,6,471681,473432,1751
10,P01,UR,LU,4,473432,480884,7452
10,P01,UR,LU,0,480884,480947,63
10,P01,UR,LU,4,480947,480972,25
10,P01,UR,LU,0,480972,481354,382
10,P01,UR,LU,4,481354,481855,501
10,P01,UR,LU,0,481855,481862,7
10,P01,UR,LU,4,481862,481887,25
10,P01,UR,LU,0,481887,482050,163
10,P01,UR,LU,4,482050,482255,205
10,P01,UR,LU,0,482255,482525,270
10,P01,UR,LU,5,482525,482594,69
10,P01,UR,LU,0,482594,483046,452
10,P01,UR,LU,5,483046,483090,44
10,P01,UR,LU,0,483090,483350,260
10,P01,UR,LU,5,483350,483402,52
10,P01,UR,LU,0,483402,483834,432
10,P01,UR,LU,4,483834,484225,391
10,P01,UR,LU,6,484225,500477,16252
10,P01,UR,LU,4,500477,500576,99
10,P01,UR,LU,6,500576,501398,822
10,P01,UR,LU,4,501398,501757,359
10,P01,UR,LU,6,501757,502026,269
10,P01,UR,LU,4,502026,502060,34
10,P01,UR,LU,6,502060,502221,161
10,P01,UR,LU,4,502221,502620,399
10,P01,UR,LU,6,502620,502841,221
10,P01,UR,LU,4,502841,502852,11
10,P01,UR,LU,6,502852,504374,1522
10,P01,UR,LU,4,504374,504528,154
10,P01,UR,LU,6,504528,504543,15
10,P01,UR,LU,5,504543,504782,239
10,P01,UR,LU,6,504782,504783,1
10,P01,UR,LU,5,504783,504870,87
10,P01,UR,LU,6,504870,512461,7591
10,P01,UR,LU,5,512461,512599,138
10,P01,UR,LU,4,512599,518954,6355
10,P01,UR,LU,6,518954,524997,6043
10,P01,UR,LU,5,524997,525651,654
10,P01,UR,LU,4,525651,525686,35
10,P01,UR,LU,6,525686,526024,338
10,P01,UR,LU,3,526024,527210,1186
10,P01,UR,LU,6,527210,538921,11711
10,P01,UR,LU,4,538921,539198,277
10,P01,UR,LU,0,539198,539787,589
10,P01,UR,LU,4,539787,541527,1740
10,P01,UR,LU,0,541527,541682,155
10,P01,UR,LU,6,541682,541933,251
10,P01,UR,LU,0,541933,542100,167
10,P01,UR,LU,6,542100,542963,863
10,P01,UR,LU,4,542963,543145,182
10,P01,UR,LU,6,543145,544578,1433
10,P01,UR,LU,4,544578,544659,81
10,P01,UR,LU,6,544659,552337,7678
10,P01,UR,LU,4,552337,552811,474
10,P01,UR,LU,6,552811,564708,11897
10,P01,UR,LU,4,564708,565645,937
10,P01,UR,LU,0,565645,565705,60
10,P01,UR,LU,6,565705,566413,708
10,P01,UR,LU,0,566413,566439,26
10,P01,UR,LU,6,566439,566445,6
10,P01,UR,LU,0,566445,566581,136
10,P01,UR,LU,6,566581,576834,10253
10,P01,UR,LU,4,576834,577125,291
10,P01,UR,LU,6,577125,577671,546
10,P01,UR,LU,5,577671,578311,640
10,P01,UR,LU,4,578311,578370,59
10,P01,UR,LU,5,578370,579639,1269
10,P01,UR,LU,6,579639,579656,17
10,P01,UR,LU,5,579656,579706,50
10,P01,UR,LU,4,579706,579792,86
10,P01,UR,LU,6,579792,580084,292
10,P01,UR,LU,4,580084,580088,4
10,P01,UR,LU,6,580088,580193,105
10,P01,UR,LU,5,580193,580340,147
10,P01,UR,LU,6,580340,580439,99
10,P01,UR,LU,5,580439,580586,147
10,P01,UR,LU,4,580586,580915,329
10,P01,UR,LU,6,580915,581026,111
10,P01,UR,LU,4,581026,581130,104
10,P01,UR,LU,5,581130,581392,262
10,P01,UR,LU,6,581392,581498,106
10,P01,UR,LU,4,581498,581535,37
10,P01,UR,LU,6,581535,581562,27
10,P01,UR,LU,4,581562,581875,313
10,P01,UR,LU,6,581875,582032,157
10,P01,UR,LU,5,582032,582197,165
10,P01,UR,LU,6,582197,584755,2558
10,P01,UR,LU,4,584755,584856,101
10,P01,UR,LU,6,584856,585264,408
10,P01,UR,LU,3,585264,585290,26
10,P01,UR,LU,6,585290,585325,35
10,P01,UR,LU,3,585325,585759,434
10,P01,UR,LU,6,585759,585982,223
10,P01,UR,LU,3,585982,586033,51
10,P01,UR,LU,6,586033,593270,7237
10,P01,UR,LU,0,593270,593344,74
10,P01,UR,LU,6,593344,597401,4057
10,P01,UR,LU,3,597401,597497,96
10,P01,UR,LU,0,597497,597598,101
10,P01,UR,LU,3,597598,598212,614
10,P01,UR,LU,4,598212,598351,139
10,P01,UR,LU,6,598351,598775,424
10,P01,UR,LU,4,598775,599049,274
10,P01,UR,LU,6,599049,600314,1265
10,P01,UR,LU,4,600314,600353,39
10,P01,UR,LU,5,600353,600716,363
10,P01,UR,LU,4,600716,600821,105
10,P01,UR,LU,5,600821,600839,18
10,P01,UR,LU,4,600839,600856,17
10,P01,UR,LU,5,600856,600886,30
10,P01,UR,LU,4,600886,600998,112
10,P01,UR,LU,6,600998,600999,1
10,P01,UR,LU,4,600999,601017,18
10,P01,UR,LU,6,601017,612136,11119
10,P01,UR,LU,4,612136,613372,1236
10,P01,UR,LU,6,613372,614285,913
10,P01,UR,LU,5,614285,614471,186
10,P01,UR,LU,2,614471,614564,93
10,P01,UR,LU,4,614564,615932,1368
10,P01,UR,LU,2,615932,616070,138
10,P01,UR,LU,5,616070,616110,40
10,P01,UR,LU,6,616110,616551,441
10,P01,UR,LU,5,616551,616858,307
10,P01,UR,LU,6,616858,616977,119
10,P01,UR,LU,5,616977,617052,75
10,P01,UR,LU,6,617052,617786,734
10,P01,UR,LU,4,617786,617807,21
10,P01,UR,LU,6,617807,617823,16
10,P01,UR,LU,4,617823,618498,675
10,P01,UR,LU,5,618498,618691,193
10,P01,UR,LU,6,618691,625263,6572
10,P01,UR,LU,4,625263,625591,328
10,P01,UR,LU,6,625591,638721,13130
10,P01,UR,LU,0,638721,638793,72
10,P01,UR,LU,6,638793,639069,276
10,P01,UR,LU,4,639069,639274,205
10,P01,UR,LU,6,639274,641607,2333
10,P01,UR,LU,4,641607,641684,77
10,P01,UR,LU,6,641684,642380,696
10,P01,UR,LU,4,642380,642612,232
10,P01,UR,LU,6,642612,644018,1406
10,P01,UR,LU,4,644018,644023,5
10,P01,UR,LU,6,644023,644467,444
10,P01,UR,LU,5,644467,645163,696
10,P01,UR,LU,6,645163,647512,2349
10,P01,UR,LU,5,647512,647810,298
10,P01,UR,LU,6,647810,648561,751
10,P01,UR,LU,3,648561,648851,290
10,P01,UR,LU,6,648851,649005,154
10,P01,UR,LU,3,649005,649029,24
10,P01,UR,LU,6,649029,649069,40
10,P01,UR,LU,3,649069,649116,47
10,P01,UR,LU,2,649116,649252,136
10,P01,UR,LU,6,649252,660070,10818
10,P01,UR,LU,4,660070,660184,114
10,P01,UR,LU,6,660184,675220,15036
10,P01,UR,LU,5,675220,675253,33
10,P01,UR,LU,6,675253,677698,2445
10,P01,UR,LU,2,677698,678229,531
10,P01,UR,LU,3,678229,678430,201
10,P01,UR,LU,2,678430,678563,133
10,P01,UR,LU,3,678563,678970,407
10,P01,UR,LU,6,678970,679309,339
10,P01,UR,LU,0,679309,679718,409
10,P01,UR,LU,4,679718,680248,530
10,P01,UR,LU,0,680248,680266,18
10,P01,UR,LU,4,680266,680281,15
10,P01,UR,LU,0,680281,680339,58
10,P01,UR,LU,4,680339,680398,59
10,P01,UR,LU,0,680398,680494,96
10,P01,UR,LU,4,680494,680780,286
10,P01,UR,LU,0,680780,680822,42
10,P01,UR,LU,4,680822,680854,32
10,P01,UR,LU,0,680854,681221,367
10,P01,UR,LU,4,681221,681535,314
10,P01,UR,LU,0,681535,681917,382
10,P01,UR,LU,4,681917,682100,183
10,P01,UR,LU,6,682100,689518,7418
10,P01,UR,LU,4,689518,689573,55
10,P01,UR,LU,0,689573,689575,2
10,P01,UR,LU,6,689575,689791,216
10,P01,UR,LU,0,689791,689908,117
10,P01,UR,LU,6,689908,690036,128
10,P01,UR,LU,5,690036,690053,17
10,P01,UR,LU,6,690053,738121,48068
10,P01,UR,LU,4,738121,738247,126
10,P01,UR,LU,6,738247,739212,965
10,P01,UR,LU,5,739212,739303,91
10,P01,UR,LU,6,739303,739525,222
10,P01,UR,LU,4,739525,739661,136
10,P01,UR,LU,2,739661,739662,1
10,P01,UR,LU,5,739662,739761,99
10,P01,UR,LU,6,739761,739833,72
10,P01,UR,LU,4,739833,740201,368
10,P01,UR,LU,6,740201,740568,367
10,P01,UR,LU,4,740568,740643,75
10,P01,UR,LU,6,740643,741388,745
10,P01,UR,LU,4,741388,742685,1297
10,P01,UR,LU,6,742685,745193,2508
10,P01,UR,LU,4,745193,745297,104
10,P01,UR,LU,6,745297,746651,1354
10,P01,UR,LU,4,746651,746717,66
10,P01,UR,LU,6,746717,747287,570
10,P01,UR,LU,4,747287,747466,179
10,P01,UR,LU,6,747466,749250,1784
10,P01,UR,LU,4,749250,749299,49
10,P01,UR,LU,6,749299,753189,3890
10,P01,UR,LU,4,753189,753270,81
10,P01,UR,LU,6,753270,753526,256
10,P01,UR,LU,4,753526,753783,257
10,P01,UR,LU,6,753783,754304,521
10,P01,UR,LU,4,754304,754403,99
10,P01,UR,LU,6,754403,758731,4328
10,P01,UR,LU,4,758731,759667,936
10,P01,UR,LU,6,759667,759844,177
10,P01,UR,LU,4,759844,760996,1152
10,P01,UR,LU,6,760996,761080,84
10,P01,UR,LU,4,761080,762133,1053
10,P01,UR,LU,6,762133,762486,353
10,P01,UR,LU,4,762486,762605,119
10,P01,UR,LU,6,762605,762679,74
10,P01,UR,LU,4,762679,763416,737
10,P01,UR,LU,6,763416,763656,240
10,P01,UR,LU,4,763656,763900,244
10,P01,UR,LU,6,763900,764051,151
10,P01,UR,LU,4,764051,766037,1986
10,P01,UR,LU,6,766037,766198,161
10,P01,UR,LU,4,766198,768143,1945
10,P01,UR,LU,6,768143,768159,16
10,P01,UR,LU,4,768159,774186,6027
10,P01,UR,LU,6,774186,774377,191
10,P01,UR,LU,4,774377,774385,8
10,P01,UR,LU,6,774385,774618,233
10,P01,UR,LU,4,774618,774647,29
10,P01,UR,LU,6,774647,775274,627
10,P01,UR,LU,4,775274,775391,117
10,P01,UR,LU,6,775391,775556,165
10,P01,UR,LU,4,775556,775752,196
10,P01,UR,LU,6,775752,775923,171
10,P01,UR,LU,4,775923,775991,68
10,P01,UR,LU,6,775991,776011,20
10,P01,UR,LU,4,776011,776014,3
10,P01,UR,LU,6,776014,776265,251
10,P01,UR,LU,4,776265,776290,25
10,P01,UR,LU,6,776290,776479,189
10,P01,UR,LU,4,776479,776553,74
10,P01,UR,LU,6,776553,776852,299
10,P01,UR,LU,4,776852,779001,2149
10,P01,UR,LU,6,779001,779672,671
10,P01,UR,LU,4,779672,780289,617
10,P01,UR,LU,6,780289,780385,96
10,P01,UR,LU,4,780385,783992,3607
10,P01,UR,LU,6,783992,784089,97
10,P01,UR,LU,4,784089,784559,470
10,P01,UR,LU,6,784559,784681,122
10,P01,UR,LU,4,784681,785035,354
10,P01,UR,LU,6,785035,786044,1009
10,P01,UR,LU,4,786044,786246,202
10,P01,UR,LU,6,786246,794508,8262
10,P01,UR,LU,4,794508,794595,87
10,P01,UR,LU,0,794595,799684,5089
10,P01,UR,LU,6,799684,800415,731
10,P01,UR,LU,5,800415,800558,143
10,P01,UR,LU,6,800558,807408,6850
10,P01,UR,LU,4,807408,807490,82
10,P01,UR,LU,0,807490,807520,30
10,P01,UR,LU,6,807520,822191,14671
10,P01,UR,LU,3,822191,822650,459
10,P01,UR,LU,6,822650,822677,27
10,P01,UR,LU,3,822677,822699,22
10,P01,UR,LU,6,822699,822927,228
10,P01,UR,LU,3,822927,833499,10572
10,P01,UR,LU,6,833499,833852,353
10,P01,UR,LU,0,833852,833865,13
10,P01,UR,LU,6,833865,835389,1524
10,P01,UR,LU,5,835389,835534,145
10,P01,UR,LU,6,835534,841666,6132
10,P01,UR,LU,0,841666,841977,311
10,P01,UR,LU,6,841977,842810,833
10,P01,UR,LU,3,842810,842924,114
10,P01,UR,LU,6,842924,845343,2419
10,P01,UR,LU,3,845343,845420,77
10,P01,UR,LU,6,845420,847157,1737
10,P01,UR,LU,1,847157,847181,24
10,P01,UR,LU,6,847181,848325,1144
10,P01,UR,LU,1,848325,848383,58
10,P01,UR,LU,6,848383,848396,13
10,P01,UR,LU,1,848396,848480,84
10,P01,UR,LU,6,848480,848742,262
10,P01,UR,LU,3,848742,848787,45
10,P01,UR,LU,6,848787,905969,57182
10,P01,UR,LU,0,905969,905985,16
10,P01,UR,LU,1,905985,906135,150
10,P01,UR,LU,3,906135,906261,126
10,P01,UR,LU,1,906261,906522,261
10,P01,UR,LU,6,906522,906559,37
10,P01,UR,LU,3,906559,906600,41
10,P01,UR,LU,6,906600,907332,732
10,P01,UR,LU,1,907332,907371,39
10,P01,UR,LU,3,907371,907386,15
10,P01,UR,LU,6,907386,907477,91
10,P01,UR,LU,3,907477,907508,31
10,P01,UR,LU,6,907508,907556,48
10,P01,UR,LU,3,907556,907780,224
10,P01,UR,LU,1,907780,907945,165
10,P01,UR,LU,3,907945,908243,298
10,P01,UR,LU,0,908243,908361,118
10,P01,UR,LU,1,908361,908393,32
10,P01,UR,LU,0,908393,908406,13
10,P01,UR,LU,3,908406,908640,234
10,P01,UR,LU,6,908640,908683,43
10,P01,UR,LU,3,908683,908743,60
10,P01,UR,LU,1,908743,908900,157
10,P01,UR,LU,6,908900,908976,76
10,P01,UR,LU,3,908976,909121,145
10,P01,UR,LU,6,909121,909171,50
10,P01,UR,LU,1,909171,909441,270
10,P01,UR,LU,6,909441,909473,32
10,P01,UR,LU,1,909473,909483,10
10,P01,UR,LU,6,909483,909875,392
10,P01,UR,LU,3,909875,909950,75
10,P01,UR,LU,6,909950,922994,13044
10,P01,UR,LU,0,922994,923051,57
10,P01,UR,LU,6,923051,923461,410
10,P01,UR,LU,0,923461,923467,6
10,P01,UR,LU,6,923467,923492,25
10,P01,UR,LU,0,923492,923575,83
10,P01,UR,LU,6,923575,924847,1272
10,P01,UR,LU,0,924847,925129,282
10,P01,UR,LU,6,925129,925190,61
10,P01,UR,LU,0,925190,925578,388
10,P01,UR,LU,6,925578,925722,144
10,P01,UR,LU,0,925722,925917,195
10,P01,UR,LU,1,925917,925978,61
10,P01,UR,LU,6,925978,926394,416
10,P01,UR,LU,0,926394,926455,61
10,P01,UR,LU,6,926455,928143,1688
10,P01,UR,LU,3,928143,928196,53
10,P01,UR,LU,6,928196,928219,23
10,P01,UR,LU,3,928219,928266,47
10,P01,UR,LU,6,928266,928633,367
10,P01,UR,LU,3,928633,928686,53
10,P01,UR,LU,6,928686,928713,27
10,P01,UR,LU,3,928713,928791,78
10,P01,UR,LU,6,928791,935023,6232
10,P01,UR,LU,1,935023,935035,12
10,P01,UR,LU,6,935035,935061,26
10,P01,UR,LU,1,935061,935488,427
10,P01,UR,LU,6,935488,935718,230
10,P01,UR,LU,3,935718,935822,104
10,P01,UR,LU,6,935822,936741,919
10,P01,UR,LU,5,936741,936851,110
10,P01,UR,LU,6,936851,938397,1546
10,P01,UR,LU,3,938397,938514,117
10,P01,UR,LU,6,938514,950817,12303
10,P01,UR,LU,3,950817,950981,164
10,P01,UR,LU,0,950981,951097,116
10,P01,UR,LU,4,951097,951218,121
10,P01,UR,LU,6,951218,957776,6558
10,P01,UR,LU,1,957776,957973,197
10,P01,UR,LU,6,957973,958497,524
10,P01,UR,LU,1,958497,958502,5
10,P01,UR,LU,6,958502,964483,5981
10,P01,UR,LU,2,964483,964618,135
10,P01,UR,LU,6,964618,982793,18175
10,P01,UR,LU,4,982793,982903,110
10,P01,UR,LU,6,982903,983014,111
10,P01,UR,LU,4,983014,985844,2830
10,P01,UR,LU,6,985844,985969,125
10,P01,UR,LU,4,985969,986658,689
10,P01,UR,LU,6,986658,986800,142
10,P01,UR,LU,4,986800,988667,1867
10,P01,UR,LU,6,988667,988744,77
10,P01,UR,LU,4,988744,992468,3724
10,P01,UR,LU,6,992468,992606,138
10,P01,UR,LU,4,992606,993589,983
10,P01,UR,LU,6,993589,993901,312
10,P01,UR,LU,4,993901,995804,1903
10,P01,UR,LU,6,995804,995849,45
10,P01,UR,LU,4,995849,996050,201
10,P01,UR,LU,6,996050,996108,58
10,P01,UR,LU,4,996108,997011,903
10,P01,UR,LU,6,997011,997046,35
10,P01,UR,LU,4,997046,997248,202
10,P01,UR,LU,6,997248,997298,50
10,P01,UR,LU,4,997298,997322,24
10,P01,UR,LU,6,997322,997397,75
10,P01,UR,LU,4,997397,997624,227
10,P01,UR,LU,6,997624,997819,195
10,P01,UR,LU,4,997819,998216,397
10,P01,UR,LU,6,998216,998400,184
10,P01,UR,LU,4,998400,998477,77
10,P01,UR,LU,6,998477,998486,9
10,P01,UR,LU,4,998486,998508,22
10,P01,UR,LU,6,998508,998537,29
10,P01,UR,LU,4,998537,998808,271
10,P01,UR,LU,6,998808,998920,112
10,P01,UR,LU,4,998920,1003160,4240
10,P01,UR,LU,6,1003160,1003249,89
10,P01,UR,LU,4,1003249,1003754,505
10,P01,UR,LU,6,1003754,1003926,172
10,P01,UR,LU,4,1003926,1003965,39
10,P01,UR,LU,6,1003965,1003996,31
10,P01,UR,LU,4,1003996,1004142,146
10,P01,UR,LU,6,1004142,1004335,193
10,P01,UR,LU,4,1004335,1004569,234
10,P01,UR,LU,6,1004569,1004649,80
10,P01,UR,LU,4,1004649,1005052,403
10,P01,UR,LU,6,1005052,1005103,51
10,P01,UR,LU,4,1005103,1006253,1150
10,P01,UR,LU,6,1006253,1006778,525
10,P01,UR,LU,0,1006778,1006807,29
10,P01,UR,LU,4,1006807,1006894,87
10,P01,UR,LU,0,1006894,1008230,1336
10,P01,UR,LU,4,1008230,1009540,1310
10,P01,UR,LU,6,1009540,1013698,4158
10,P01,UR,LU,4,1013698,1013831,133
10,P01,UR,LU,6,1013831,1014170,339
10,P01,UR,LU,4,1014170,1014698,528
10,P01,UR,LU,6,1014698,1021748,7050
10,P01,UR,LU,0,1021748,1021935,187
10,P01,UR,LU,6,1021935,1022319,384
10,P01,UR,LU,0,1022319,1022348,29
10,P01,UR,LU,6,1022348,1022691,343
10,P01,UR,LU,1,1022691,1022766,75
10,P01,UR,LU,6,1022766,1024824,2058
10,P01,UR,LU,0,1024824,1025566,742
10,P01,UR,LU,6,1025566,1032553,6987
10,P01,UR,LU,0,1032553,1033203,650
10,P01,UR,LU,6,1033203,1036906,3703
10,P01,UR,LU,1,1036906,1036938,32
10,P01,UR,LU,6,1036938,1037694,756
10,P01,UR,LU,1,1037694,1038217,523
10,P01,UR,LU,6,1038217,1041805,3588
10,P01,UR,LU,3,1041805,1041942,137
10,P01,UR,LU,1,1041942,1042160,218
10,P01,UR,LU,3,1042160,1042238,78
10,P01,UR,LU,6,1042238,1042416,178
10,P01,UR,LU,1,1042416,1042508,92
10,P01,UR,LU,6,1042508,1062836,20328
10,P01,UR,LU,1,1062836,1063085,249
10,P01,UR,LU,6,1063085,1064449,1364
10,P01,UR,LU,3,1064449,1064983,534
10,P01,UR,LU,6,1064983,1070022,5039
10,P01,UR,LU,3,1070022,1085864,15842
10,P01,UR,LU,6,1085864,1101320,15456
10,P01,UR,LU,3,1101320,1101434,114
10,P01,UR,LU,6,1101434,1101487,53
10,P01,UR,LU,0,1101487,1101795,308
10,P01,UR,LU,6,1101795,1102620,825
10,P01,UR,LU,3,1102620,1102988,368
10,P01,UR,LU,6,1102988,1103404,416
10,P01,UR,LU,5,1103404,1103886,482
10,P01,UR,LU,4,1103886,1104000,114
10,P01,UR,LU,6,1104000,1112936,8936
10,P01,UR,LU,0,1112936,1113058,122
10,P01,UR,LU,6,1113058,1113439,381
10,P01,UR,LU,0,1113439,1113759,320
10,P01,UR,LU,6,1113759,1113937,178
10,P01,UR,LU,0,1113937,1113966,29
10,P01,UR,LU,6,1113966,1114118,152
10,P01,UR,LU,0,1114118,1114143,25
10,P01,UR,LU,6,1114143,1122114,7971
10,P01,UR,LU,1,1122114,1122226,112
10,P01,UR,LU,6,1122226,1123652,1426
10,P01,UR,LU,4,1123652,1124624,972
10,P01,UR,LU,6,1124624,1127381,2757
10,P01,UR,LU,4,1127381,1127620,239
10,P01,UR,LU,6,1127620,1128261,641
10,P01,UR,LU,0,1128261,1128265,4
10,P01,UR,LU,6,1128265,1128292,27
10,P01,UR,LU,0,1128292,1128310,18
10,P01,UR,LU,1,1128310,1128576,266
10,P01,UR,LU,0,1128576,1129342,766
10,P01,UR,LU,6,1129342,1129411,69
10,P01,UR,LU,0,1129411,1129491,80
10,P01,UR,LU,6,1129491,1129494,3
10,P01,UR,LU,0,1129494,1129882,388
10,P01,UR,LU,6,1129882,1130583,701
10,P01,UR,LU,0,1130583,1130643,60
10,P01,UR,LU,1,1130643,1130655,12
10,P01,UR,LU,6,1130655,1130914,259
10,P01,UR,LU,0,1130914,1131099,185
10,P01,UR,LU,6,1131099,1132559,1460
10,P01,UR,LU,4,1132559,1133338,779
10,P01,UR,LU,6,1133338,1134466,1128
10,P01,UR,LU,4,1134466,1134559,93
10,P01,UR,LU,0,1134559,1137440,2881
10,P01,UR,LU,6,1137440,1137473,33
10,P01,UR,LU,0,1137473,1138072,599
10,P01,UR,LU,4,1138072,1138150,78
10,P01,UR,LU,0,1138150,1141900,3750
10,P01,UR,LU,6,1141900,1177151,35251
10,P01,UR,LU,4,1177151,1177282,131
10,P01,UR,LU,0,1177282,1177554,272
10,P01,UR,LU,4,1177554,1177736,182
10,P01,UR,LU,6,1177736,1180929,3193
11,P01,UR,XP,0,0,59,59
11,P01,UR,XP,6,59,1447,1388
11,P01,UR,XP,4,1447,1519,72
11,P01,UR,XP,6,1519,8962,7443
11,P01,UR,XP,2,8962,9327,365
11,P01,UR,XP,6,9327,9584,257
11,P01,UR,XP,2,9584,9662,78
11,P01,UR,XP,1,9662,9756,94
11,P01,UR,XP,6,9756,9887,131
11,P01,UR,XP,1,9887,10026,139
11,P01,UR,XP,6,10026,10671,645
11,P01,UR,XP,1,10671,10720,49
11,P01,UR,XP,6,10720,11210,490
11,P01,UR,XP,1,11210,14069,2859
11,P01,UR,XP,2,14069,14342,273
11,P01,UR,XP,1,14342,14547,205
11,P01,UR,XP,2,14547,14607,60
11,P01,UR,XP,6,14607,15342,735
11,P01,UR,XP,2,15342,16876,1534
11,P01,UR,XP,1,16876,23431,6555
11,P01,UR,XP,3,23431,23438,7
11,P01,UR,XP,6,23438,24880,1442
11,P01,UR,XP,1,24880,26382,1502
11,P01,UR,XP,6,26382,27122,740
11,P01,UR,XP,1,27122,27190,68
11,P01,UR,XP,6,27190,27933,743
11,P01,UR,XP,1,27933,28145,212
11,P01,UR,XP,6,28145,28875,730
11,P01,UR,XP,1,28875,29194,319
11,P01,UR,XP,6,29194,29277,83
11,P01,UR,XP,1,29277,29402,125
11,P01,UR,XP,6,29402,29751,349
11,P01,UR,XP,1,29751,29899,148
11,P01,UR,XP,6,29899,30371,472
11,P01,UR,XP,1,30371,30701,330
11,P01,UR,XP,6,30701,36147,5446
11,P01,UR,XP,1,36147,36226,79
11,P01,UR,XP,6,36226,36849,623
11,P01,UR,XP,1,36849,37421,572
11,P01,UR,XP,6,37421,38604,1183
11,P01,UR,XP,1,38604,38963,359
11,P01,UR,XP,6,38963,39213,250
11,P01,UR,XP,1,39213,42087,2874
11,P01,UR,XP,6,42087,43697,1610
11,P01,UR,XP,1,43697,44232,535
11,P01,UR,XP,6,44232,44570,338
11,P01,UR,XP,1,44570,44615,45
11,P01,UR,XP,6,44615,44701,86
11,P01,UR,XP,1,44701,45489,788
11,P01,UR,XP,6,45489,45874,385
11,P01,UR,XP,1,45874,46180,306
11,P01,UR,XP,6,46180,46452,272
11,P01,UR,XP,1,46452,46787,335
11,P01,UR,XP,6,46787,46820,33
11,P01,UR,XP,1,46820,47183,363
11,P01,UR,XP,6,47183,47343,160
11,P01,UR,XP,1,47343,47898,555
11,P01,UR,XP,6,47898,48009,111
11,P01,UR,XP,1,48009,48301,292
11,P01,UR,XP,6,48301,48770,469
11,P01,UR,XP,1,48770,52694,3924
11,P01,UR,XP,6,52694,60877,8183
11,P01,UR,XP,4,60877,61337,460
11,P01,UR,XP,6,61337,61579,242
11,P01,UR,XP,4,61579,61718,139
11,P01,UR,XP,6,61718,64194,2476
11,P01,UR,XP,1,64194,64830,636
11,P01,UR,XP,6,64830,64864,34
11,P01,UR,XP,1,64864,65003,139
11,P01,UR,XP,6,65003,65318,315
11,P01,UR,XP,1,65318,65415,97
11,P01,UR,XP,6,65415,70127,4712
11,P01,UR,XP,3,70127,70605,478
11,P01,UR,XP,4,70605,70799,194
11,P01,UR,XP,1,70799,75173,4374
11,P01,UR,XP,6,75173,76249,1076
11,P01,UR,XP,3,76249,76482,233
11,P01,UR,XP,6,76482,77712,1230
11,P01,UR,XP,4,77712,77931,219
11,P01,UR,XP,6,77931,79082,1151
11,P01,UR,XP,4,79082,79275,193
11,P01,UR,XP,1,79275,79313,38
11,P01,UR,XP,6,79313,81589,2276
11,P01,UR,XP,1,81589,81709,120
11,P01,UR,XP,6,81709,82864,1155
11,P01,UR,XP,1,82864,83565,701
11,P01,UR,XP,6,83565,83759,194
11,P01,UR,XP,1,83759,84752,993
11,P01,UR,XP,6,84752,87361,2609
11,P01,UR,XP,3,87361,87685,324
11,P01,UR,XP,6,87685,87742,57
11,P01,UR,XP,1,87742,87889,147
11,P01,UR,XP,6,87889,88201,312
11,P01,UR,XP,1,88201,89573,1372
11,P01,UR,XP,6,89573,94889,5316
11,P01,UR,XP,1,94889,95108,219
11,P01,UR,XP,6,95108,99104,3996
11,P01,UR,XP,3,99104,99508,404
11,P01,UR,XP,6,99508,104310,4802
11,P01,UR,XP,4,104310,104402,92
11,P01,UR,XP,6,104402,105532,1130
11,P01,UR,XP,1,105532,108177,2645
11,P01,UR,XP,6,108177,134156,25979
11,P01,UR,XP,3,134156,134640,484
11,P01,UR,XP,1,134640,134688,48
11,P01,UR,XP,6,134688,139278,4590
11,P01,UR,XP,1,139278,140070,792
11,P01,UR,XP,6,140070,163993,23923
11,P01,UR,XP,4,163993,164094,101
11,P01,UR,XP,6,164094,169423,5329
11,P01,UR,XP,1,169423,169875,452
11,P01,UR,XP,6,169875,169958,83
11,P01,UR,XP,1,169958,170423,465
11,P01,UR,XP,6,170423,182720,12297
11,P01,UR,XP,4,182720,182871,151
11,P01,UR,XP,6,182871,183137,266
11,P01,UR,XP,4,183137,184069,932
11,P01,UR,XP,6,184069,184545,476
11,P01,UR,XP,4,184545,184624,79
11,P01,UR,XP,6,184624,186190,1566
11,P01,UR,XP,4,186190,186825,635
11,P01,UR,XP,6,186825,186894,69
11,P01,UR,XP,4,186894,187305,411
11,P01,UR,XP,6,187305,187621,316
11,P01,UR,XP,4,187621,187954,333
11,P01,UR,XP,6,187954,188081,127
11,P01,UR,XP,4,188081,188585,504
11,P01,UR,XP,6,188585,188859,274
11,P01,UR,XP,4,188859,189655,796
11,P01,UR,XP,6,189655,189870,215
11,P01,UR,XP,4,189870,190538,668
11,P01,UR,XP,6,190538,198241,7703
11,P01,UR,XP,4,198241,198344,103
11,P01,UR,XP,6,198344,198880,536
11,P01,UR,XP,4,198880,199379,499
11,P01,UR,XP,6,199379,199559,180
11,P01,UR,XP,4,199559,199829,270
11,P01,UR,XP,6,199829,209410,9581
11,P01,UR,XP,1,209410,209545,135
11,P01,UR,XP,6,209545,218437,8892
11,P01,UR,XP,1,218437,218549,112
11,P01,UR,XP,6,218549,224561,6012
11,P01,UR,XP,4,224561,224741,180
11,P01,UR,XP,6,224741,226636,1895
11,P01,UR,XP,4,226636,226970,334
11,P01,UR,XP,6,226970,236899,9929
11,P01,UR,XP,4,236899,236968,69
11,P01,UR,XP,6,236968,245069,8101
11,P01,UR,XP,3,245069,245165,96
11,P01,UR,XP,6,245165,245405,240
11,P01,UR,XP,3,245405,246053,648
11,P01,UR,XP,6,246053,255448,9395
11,P01,UR,XP,1,255448,255577,129
11,P01,UR,XP,6,255577,261002,5425
11,P01,UR,XP,1,261002,261618,616
11,P01,UR,XP,6,261618,263605,1987
11,P01,UR,XP,1,263605,264250,645
11,P01,UR,XP,4,264250,264415,165
11,P01,UR,XP,3,264415,264553,138
11,P01,UR,XP,4,264553,264596,43
11,P01,UR,XP,3,264596,265073,477
11,P01,UR,XP,1,265073,265495,422
11,P01,UR,XP,2,265495,265725,230
11,P01,UR,XP,3,265725,266519,794
11,P01,UR,XP,6,266519,269437,2918
11,P01,UR,XP,1,269437,270268,831
11,P01,UR,XP,6,270268,272294,2026
11,P01,UR,XP,1,272294,272826,532
11,P01,UR,XP,6,272826,273622,796
11,P01,UR,XP,1,273622,273830,208
11,P01,UR,XP,6,273830,273999,169
11,P01,UR,XP,1,273999,274328,329
11,P01,UR,XP,6,274328,274430,102
11,P01,UR,XP,1,274430,277903,3473
11,P01,UR,XP,6,277903,281685,3782
11,P01,UR,XP,5,281685,281924,239
11,P01,UR,XP,3,281924,282133,209
11,P01,UR,XP,6,282133,282459,326
11,P01,UR,XP,3,282459,282984,525
11,P01,UR,XP,6,282984,285079,2095
11,P01,UR,XP,1,285079,285681,602
11,P01,UR,XP,6,285681,286309,628
11,P01,UR,XP,1,286309,286384,75
11,P01,UR,XP,6,286384,287594,1210
11,P01,UR,XP,1,287594,287748,154
11,P01,UR,XP,6,287748,289385,1637
11,P01,UR,XP,4,289385,289569,184
11,P01,UR,XP,1,289569,290613,1044
11,P01,UR,XP,6,290613,292783,2170
11,P01,UR,XP,1,292783,293019,236
11,P01,UR,XP,6,293019,293253,234
11,P01,UR,XP,1,293253,293384,131
11,P01,UR,XP,6,293384,293598,214
11,P01,UR,XP,1,293598,293729,131
11,P01,UR,XP,6,293729,293881,152
11,P01,UR,XP,1,293881,294426,545
11,P01,UR,XP,6,294426,301018,6592
11,P01,UR,XP,4,301018,301163,145
11,P01,UR,XP,6,301163,304580,3417
11,P01,UR,XP,1,304580,304765,185
11,P01,UR,XP,6,304765,305344,579
11,P01,UR,XP,1,305344,305802,458
11,P01,UR,XP,6,305802,306005,203
11,P01,UR,XP,1,306005,306036,31
11,P01,UR,XP,6,306036,306251,215
11,P01,UR,XP,1,306251,306806,555
11,P01,UR,XP,6,306806,307934,1128
11,P01,UR,XP,1,307934,308303,369
11,P01,UR,XP,6,308303,309084,781
11,P01,UR,XP,3,309084,309341,257
11,P01,UR,XP,6,309341,309560,219
11,P01,UR,XP,3,309560,309727,167
11,P01,UR,XP,6,309727,309874,147
11,P01,UR,XP,1,309874,310129,255
11,P01,UR,XP,6,310129,311172,1043
11,P01,UR,XP,3,311172,311271,99
11,P01,UR,XP,6,311271,313302,2031
11,P01,UR,XP,1,313302,313710,408
11,P01,UR,XP,6,313710,314007,297
11,P01,UR,XP,1,314007,315005,998
11,P01,UR,XP,6,315005,315289,284
11,P01,UR,XP,1,315289,315440,151
11,P01,UR,XP,6,315440,316177,737
11,P01,UR,XP,1,316177,316442,265
11,P01,UR,XP,6,316442,317286,844
11,P01,UR,XP,1,317286,318124,838
11,P01,UR,XP,6,318124,324326,6202
11,P01,UR,XP,1,324326,324553,227
11,P01,UR,XP,6,324553,328505,3952
11,P01,UR,XP,1,328505,328556,51
11,P01,UR,XP,6,328556,332324,3768
11,P01,UR,XP,1,332324,332956,632
11,P01,UR,XP,6,332956,333180,224
11,P01,UR,XP,1,333180,333715,535
11,P01,UR,XP,6,333715,334257,542
11,P01,UR,XP,1,334257,334583,326
11,P01,UR,XP,6,334583,336673,2090
11,P01,UR,XP,1,336673,336735,62
11,P01,UR,XP,6,336735,336782,47
11,P01,UR,XP,1,336782,336954,172
11,P01,UR,XP,6,336954,338141,1187
11,P01,UR,XP,1,338141,338252,111
11,P01,UR,XP,6,338252,352485,14233
11,P01,UR,XP,1,352485,352568,83
11,P01,UR,XP,6,352568,352991,423
11,P01,UR,XP,1,352991,353180,189
11,P01,UR,XP,6,353180,358640,5460
11,P01,UR,XP,1,358640,358769,129
11,P01,UR,XP,6,358769,365012,6243
11,P01,UR,XP,1,365012,365047,35
11,P01,UR,XP,6,365047,366849,1802
11,P01,UR,XP,1,366849,366948,99
11,P01,UR,XP,6,366948,367659,711
11,P01,UR,XP,1,367659,367829,170
11,P01,UR,XP,6,367829,376487,8658
11,P01,UR,XP,3,376487,376901,414
11,P01,UR,XP,2,376901,377723,822
11,P01,UR,XP,6,377723,382696,4973
11,P01,UR,XP,1,382696,386141,3445
11,P01,UR,XP,6,386141,386244,103
11,P01,UR,XP,1,386244,386326,82
11,P01,UR,XP,6,386326,386567,241
11,P01,UR,XP,1,386567,389191,2624
11,P01,UR,XP,6,389191,389618,427
11,P01,UR,XP,3,389618,390115,497
11,P01,UR,XP,6,390115,390342,227
11,P01,UR,XP,1,390342,390979,637
11,P01,UR,XP,6,390979,396716,5737
11,P01,UR,XP,2,396716,397082,366
11,P01,UR,XP,6,397082,401925,4843
11,P01,UR,XP,1,401925,402130,205
11,P01,UR,XP,6,402130,406819,4689
11,P01,UR,XP,3,406819,407381,562
11,P01,UR,XP,6,407381,419922,12541
11,P01,UR,XP,3,419922,419940,18
11,P01,UR,XP,6,419940,428142,8202
11,P01,UR,XP,1,428142,428210,68
11,P01,UR,XP,6,428210,429285,1075
11,P01,UR,XP,2,429285,429929,644
11,P01,UR,XP,1,429929,430147,218
11,P01,UR,XP,3,430147,430414,267
11,P01,UR,XP,6,430414,430566,152
11,P01,UR,XP,3,430566,430841,275
11,P01,UR,XP,6,430841,436493,5652
11,P01,UR,XP,3,436493,436664,171
11,P01,UR,XP,1,436664,437455,791
11,P01,UR,XP,6,437455,438251,796
11,P01,UR,XP,1,438251,438304,53
11,P01,UR,XP,6,438304,439173,869
11,P01,UR,XP,1,439173,440123,950
11,P01,UR,XP,6,440123,444099,3976
11,P01,UR,XP,1,444099,444446,347
11,P01,UR,XP,6,444446,446667,2221
11,P01,UR,XP,1,446667,446762,95
11,P01,UR,XP,6,446762,465457,18695
11,P01,UR,XP,4,465457,466627,1170
11,P01,UR,XP,6,466627,466872,245
11,P01,UR,XP,4,466872,467015,143
11,P01,UR,XP,6,467015,470462,3447
11,P01,UR,XP,4,470462,470712,250
11,P01,UR,XP,6,470712,471130,418
11,P01,UR,XP,3,471130,471704,574
11,P01,UR,XP,6,471704,473014,1310
11,P01,UR,XP,1,473014,473220,206
11,P01,UR,XP,6,473220,482141,8921
11,P01,UR,XP,4,482141,483207,1066
11,P01,UR,XP,6,483207,483550,343
11,P01,UR,XP,4,483550,484051,501
11,P01,UR,XP,6,484051,487426,3375
11,P01,UR,XP,4,487426,487682,256
11,P01,UR,XP,6,487682,493522,5840
11,P01,UR,XP,4,493522,493792,270
11,P01,UR,XP,6,493792,501651,7859
11,P01,UR,XP,4,501651,502329,678
11,P01,UR,XP,6,502329,502477,148
11,P01,UR,XP,4,502477,502607,130
11,P01,UR,XP,6,502607,502929,322
11,P01,UR,XP,1,502929,503223,294
11,P01,UR,XP,6,503223,504196,973
11,P01,UR,XP,4,504196,504329,133
11,P01,UR,XP,6,504329,513413,9084
11,P01,UR,XP,4,513413,514004,591
11,P01,UR,XP,6,514004,520971,6967
11,P01,UR,XP,4,520971,521008,37
11,P01,UR,XP,6,521008,525598,4590
11,P01,UR,XP,4,525598,525861,263
11,P01,UR,XP,6,525861,526299,438
11,P01,UR,XP,3,526299,526898,599
11,P01,UR,XP,6,526898,533403,6505
11,P01,UR,XP,3,533403,533612,209
11,P01,UR,XP,6,533612,540108,6496
11,P01,UR,XP,1,540108,540413,305
11,P01,UR,XP,6,540413,548013,7600
11,P01,UR,XP,1,548013,548088,75
11,P01,UR,XP,6,548088,552462,4374
11,P01,UR,XP,4,552462,552697,235
11,P01,UR,XP,6,552697,552962,265
11,P01,UR,XP,4,552962,553183,221
11,P01,UR,XP,6,553183,563902,10719
11,P01,UR,XP,4,563902,564013,111
11,P01,UR,XP,6,564013,564251,238
11,P01,UR,XP,4,564251,564499,248
11,P01,UR,XP,6,564499,582259,17760
11,P01,UR,XP,4,582259,582523,264
11,P01,UR,XP,6,582523,584842,2319
11,P01,UR,XP,4,584842,585086,244
11,P01,UR,XP,6,585086,585404,318
11,P01,UR,XP,3,585404,585856,452
11,P01,UR,XP,6,585856,604018,18162
11,P01,UR,XP,1,604018,604256,238
11,P01,UR,XP,6,604256,607301,3045
11,P01,UR,XP,1,607301,607680,379
11,P01,UR,XP,6,607680,607837,157
11,P01,UR,XP,1,607837,608391,554
11,P01,UR,XP,6,608391,617687,9296
11,P01,UR,XP,5,617687,617907,220
11,P01,UR,XP,6,617907,623928,6021
11,P01,UR,XP,4,623928,624926,998
11,P01,UR,XP,6,624926,643552,18626
11,P01,UR,XP,4,643552,644584,1032
11,P01,UR,XP,6,644584,645446,862
11,P01,UR,XP,4,645446,645555,109
11,P01,UR,XP,6,645555,646038,483
11,P01,UR,XP,4,646038,646064,26
11,P01,UR,XP,6,646064,646443,379
11,P01,UR,XP,4,646443,646552,109
11,P01,UR,XP,6,646552,647095,543
11,P01,UR,XP,4,647095,647227,132
11,P01,UR,XP,6,647227,647762,535
11,P01,UR,XP,4,647762,648166,404
11,P01,UR,XP,6,648166,660705,12539
11,P01,UR,XP,1,660705,660755,50
11,P01,UR,XP,6,660755,661897,1142
11,P01,UR,XP,4,661897,662135,238
11,P01,UR,XP,6,662135,662756,621
11,P01,UR,XP,1,662756,663072,316
11,P01,UR,XP,6,663072,663764,692
11,P01,UR,XP,1,663764,663882,118
11,P01,UR,XP,6,663882,668599,4717
11,P01,UR,XP,4,668599,668794,195
11,P01,UR,XP,6,668794,670640,1846
11,P01,UR,XP,4,670640,670706,66
11,P01,UR,XP,6,670706,674930,4224
11,P01,UR,XP,4,674930,675130,200
11,P01,UR,XP,6,675130,675265,135
11,P01,UR,XP,4,675265,675467,202
11,P01,UR,XP,6,675467,677562,2095
11,P01,UR,XP,4,677562,677744,182
11,P01,UR,XP,6,677744,678101,357
11,P01,UR,XP,3,678101,679062,961
11,P01,UR,XP,6,679062,689497,10435
11,P01,UR,XP,4,689497,689653,156
11,P01,UR,XP,6,689653,691097,1444
11,P01,UR,XP,4,691097,691116,19
11,P01,UR,XP,6,691116,691375,259
11,P01,UR,XP,4,691375,691666,291
11,P01,UR,XP,6,691666,692106,440
11,P01,UR,XP,4,692106,693331,1225
11,P01,UR,XP,6,693331,693513,182
11,P01,UR,XP,4,693513,694316,803
11,P01,UR,XP,6,694316,694694,378
11,P01,UR,XP,4,694694,695287,593
11,P01,UR,XP,6,695287,710217,14930
11,P01,UR,XP,4,710217,710354,137
11,P01,UR,XP,6,710354,717067,6713
11,P01,UR,XP,4,717067,717456,389
11,P01,UR,XP,6,717456,720832,3376
11,P01,UR,XP,1,720832,721969,1137
11,P01,UR,XP,6,721969,724718,2749
11,P01,UR,XP,4,724718,725052,334
11,P01,UR,XP,6,725052,725675,623
11,P01,UR,XP,4,725675,725886,211
11,P01,UR,XP,6,725886,733373,7487
11,P01,UR,XP,1,733373,733502,129
11,P01,UR,XP,6,733502,734221,719
11,P01,UR,XP,1,734221,734593,372
11,P01,UR,XP,6,734593,752046,17453
11,P01,UR,XP,4,752046,752327,281
11,P01,UR,XP,6,752327,758498,6171
11,P01,UR,XP,4,758498,758709,211
11,P01,UR,XP,6,758709,759648,939
11,P01,UR,XP,4,759648,759903,255
11,P01,UR,XP,6,759903,760079,176
11,P01,UR,XP,4,760079,760268,189
11,P01,UR,XP,6,760268,762517,2249
11,P01,UR,XP,4,762517,762750,233
11,P01,UR,XP,6,762750,763408,658
11,P01,UR,XP,4,763408,764330,922
11,P01,UR,XP,6,764330,765858,1528
11,P01,UR,XP,4,765858,766379,521
11,P01,UR,XP,6,766379,766466,87
11,P01,UR,XP,4,766466,766573,107
11,P01,UR,XP,6,766573,767209,636
11,P01,UR,XP,4,767209,767301,92
11,P01,UR,XP,6,767301,767985,684
11,P01,UR,XP,4,767985,768287,302
11,P01,UR,XP,6,768287,769139,852
11,P01,UR,XP,4,769139,769330,191
11,P01,UR,XP,6,769330,769637,307
11,P01,UR,XP,4,769637,769689,52
11,P01,UR,XP,6,769689,769818,129
11,P01,UR,XP,4,769818,770284,466
11,P01,UR,XP,6,770284,770493,209
11,P01,UR,XP,4,770493,770660,167
11,P01,UR,XP,6,770660,771008,348
11,P01,UR,XP,4,771008,771201,193
11,P01,UR,XP,6,771201,771555,354
11,P01,UR,XP,4,771555,771942,387
11,P01,UR,XP,6,771942,772828,886
11,P01,UR,XP,4,772828,773095,267
11,P01,UR,XP,6,773095,774047,952
11,P01,UR,XP,4,774047,774500,453
11,P01,UR,XP,6,774500,775073,573
11,P01,UR,XP,4,775073,775552,479
11,P01,UR,XP,6,775552,776272,720
11,P01,UR,XP,4,776272,776544,272
11,P01,UR,XP,6,776544,776670,126
11,P01,UR,XP,4,776670,776853,183
11,P01,UR,XP,6,776853,777790,937
11,P01,UR,XP,4,777790,777970,180
11,P01,UR,XP,6,777970,791729,13759
11,P01,UR,XP,1,791729,791882,153
11,P01,UR,XP,6,791882,796092,4210
11,P01,UR,XP,1,796092,796297,205
11,P01,UR,XP,6,796297,796765,468
11,P01,UR,XP,1,796765,797226,461
11,P01,UR,XP,6,797226,797400,174
11,P01,UR,XP,1,797400,799486,2086
11,P01,UR,XP,6,799486,804607,5121
11,P01,UR,XP,4,804607,804863,256
11,P01,UR,XP,6,804863,815471,10608
11,P01,UR,XP,3,815471,816123,652
11,P01,UR,XP,6,816123,821332,5209
11,P01,UR,XP,1,821332,821566,234
11,P01,UR,XP,6,821566,821766,200
11,P01,UR,XP,1,821766,822009,243
11,P01,UR,XP,6,822009,822951,942
11,P01,UR,XP,1,822951,823146,195
11,P01,UR,XP,6,823146,823294,148
11,P01,UR,XP,1,823294,823787,493
11,P01,UR,XP,6,823787,833641,9854
11,P01,UR,XP,3,833641,833830,189
11,P01,UR,XP,4,833830,833935,105
11,P01,UR,XP,6,833935,840447,6512
11,P01,UR,XP,1,840447,840679,232
11,P01,UR,XP,6,840679,841372,693
11,P01,UR,XP,1,841372,841802,430
11,P01,UR,XP,6,841802,842148,346
11,P01,UR,XP,1,842148,849644,7496
11,P01,UR,XP,6,849644,850233,589
11,P01,UR,XP,1,850233,858183,7950
11,P01,UR,XP,6,858183,860117,1934
11,P01,UR,XP,4,860117,860202,85
11,P01,UR,XP,6,860202,861292,1090
11,P01,UR,XP,1,861292,861536,244
11,P01,UR,XP,6,861536,861808,272
11,P01,UR,XP,1,861808,862293,485
11,P01,UR,XP,6,862293,862370,77
11,P01,UR,XP,1,862370,862694,324
11,P01,UR,XP,4,862694,863086,392
11,P01,UR,XP,6,863086,863377,291
11,P01,UR,XP,1,863377,863489,112
11,P01,UR,XP,4,863489,863732,243
11,P01,UR,XP,1,863732,863829,97
11,P01,UR,XP,4,863829,864245,416
11,P01,UR,XP,6,864245,864443,198
11,P01,UR,XP,4,864443,864722,279
11,P01,UR,XP,6,864722,864963,241
11,P01,UR,XP,4,864963,865698,735
11,P01,UR,XP,1,865698,865861,163
11,P01,UR,XP,4,865861,866747,886
11,P01,UR,XP,1,866747,866790,43
11,P01,UR,XP,4,866790,867313,523
11,P01,UR,XP,1,867313,867472,159
11,P01,UR,XP,4,867472,867515,43
11,P01,UR,XP,1,867515,867544,29
11,P01,UR,XP,4,867544,869242,1698
11,P01,UR,XP,1,869242,870892,1650
11,P01,UR,XP,6,870892,870958,66
11,P01,UR,XP,1,870958,871822,864
11,P01,UR,XP,6,871822,886681,14859
11,P01,UR,XP,1,886681,889917,3236
11,P01,UR,XP,6,889917,890002,85
11,P01,UR,XP,1,890002,891341,1339
11,P01,UR,XP,6,891341,891470,129
11,P01,UR,XP,1,891470,892340,870
11,P01,UR,XP,6,892340,893501,1161
11,P01,UR,XP,3,893501,894960,1459
11,P01,UR,XP,6,894960,896849,1889
11,P01,UR,XP,3,896849,897179,330
11,P01,UR,XP,6,897179,903382,6203
11,P01,UR,XP,1,903382,904277,895
11,P01,UR,XP,6,904277,904409,132
11,P01,UR,XP,1,904409,904553,144
11,P01,UR,XP,6,904553,905052,499
11,P01,UR,XP,1,905052,910213,5161
11,P01,UR,XP,6,910213,914302,4089
11,P01,UR,XP,1,914302,914423,121
11,P01,UR,XP,6,914423,917131,2708
11,P01,UR,XP,1,917131,917211,80
11,P01,UR,XP,6,917211,923448,6237
11,P01,UR,XP,1,923448,923747,299
11,P01,UR,XP,6,923747,924675,928
11,P01,UR,XP,1,924675,926468,1793
11,P01,UR,XP,6,926468,935647,9179
11,P01,UR,XP,4,935647,936146,499
11,P01,UR,XP,1,936146,936265,119
11,P01,UR,XP,6,936265,954466,18201
11,P01,UR,XP,2,954466,954661,195
11,P01,UR,XP,6,954661,955696,1035
11,P01,UR,XP,1,955696,956342,646
11,P01,UR,XP,6,956342,956484,142
11,P01,UR,XP,1,956484,956680,196
11,P01,UR,XP,6,956680,957776,1096
11,P01,UR,XP,1,957776,959489,1713
11,P01,UR,XP,6,959489,960388,899
11,P01,UR,XP,4,960388,960498,110
11,P01,UR,XP,1,960498,960763,265
11,P01,UR,XP,6,960763,961219,456
11,P01,UR,XP,1,961219,962212,993
11,P01,UR,XP,6,962212,967202,4990
11,P01,UR,XP,1,967202,968393,1191
11,P01,UR,XP,6,968393,968604,211
11,P01,UR,XP,1,968604,969666,1062
11,P01,UR,XP,6,969666,970172,506
11,P01,UR,XP,1,970172,970180,8
11,P01,UR,XP,4,970180,970475,295
11,P01,UR,XP,1,970475,970512,37
11,P01,UR,XP,6,970512,970899,387
11,P01,UR,XP,4,970899,971575,676
11,P01,UR,XP,6,971575,971875,300
11,P01,UR,XP,4,971875,972517,642
11,P01,UR,XP,1,972517,973183,666
11,P01,UR,XP,6,973183,975232,2049
11,P01,UR,XP,1,975232,975695,463
11,P01,UR,XP,6,975695,977207,1512
11,P01,UR,XP,1,977207,977215,8
11,P01,UR,XP,4,977215,977610,395
11,P01,UR,XP,6,977610,978240,630
11,P01,UR,XP,1,978240,978382,142
11,P01,UR,XP,4,978382,978620,238
11,P01,UR,XP,6,978620,979427,807
11,P01,UR,XP,4,979427,979575,148
11,P01,UR,XP,6,979575,980363,788
11,P01,UR,XP,4,980363,980607,244
11,P01,UR,XP,1,980607,980648,41
11,P01,UR,XP,4,980648,981291,643
11,P01,UR,XP,6,981291,992770,11479
11,P01,UR,XP,1,992770,993538,768
11,P01,UR,XP,6,993538,993666,128
11,P01,UR,XP,1,993666,994142,476
11,P01,UR,XP,6,994142,1006342,12200
11,P01,UR,XP,1,1006342,1006433,91
11,P01,UR,XP,6,1006433,1015088,8655
11,P01,UR,XP,1,1015088,1015243,155
11,P01,UR,XP,4,1015243,1015283,40
11,P01,UR,XP,6,1015283,1015430,147
11,P01,UR,XP,4,1015430,1015654,224
11,P01,UR,XP,2,1015654,1015812,158
11,P01,UR,XP,1,1015812,1018904,3092
11,P01,UR,XP,6,1018904,1019183,279
11,P01,UR,XP,1,1019183,1019631,448
11,P01,UR,XP,6,1019631,1019894,263
11,P01,UR,XP,1,1019894,1021511,1617
11,P01,UR,XP,4,1021511,1021597,86
11,P01,UR,XP,1,1021597,1021991,394
11,P01,UR,XP,6,1021991,1022366,375
11,P01,UR,XP,4,1022366,1022522,156
11,P01,UR,XP,1,1022522,1025462,2940
11,P01,UR,XP,6,1025462,1025877,415
11,P01,UR,XP,1,1025877,1026026,149
11,P01,UR,XP,6,1026026,1034539,8513
11,P01,UR,XP,1,1034539,1034762,223
11,P01,UR,XP,6,1034762,1036250,1488
11,P01,UR,XP,1,1036250,1036971,721
11,P01,UR,XP,6,1036971,1037360,389
11,P01,UR,XP,1,1037360,1042198,4838
11,P01,UR,XP,6,1042198,1042734,536
11,P01,UR,XP,4,1042734,1042938,204
11,P01,UR,XP,6,1042938,1048842,5904
11,P01,UR,XP,4,1048842,1049325,483
11,P01,UR,XP,6,1049325,1049803,478
11,P01,UR,XP,4,1049803,1049893,90
11,P01,UR,XP,6,1049893,1050331,438
11,P01,UR,XP,4,1050331,1050519,188
11,P01,UR,XP,6,1050519,1051008,489
11,P01,UR,XP,4,1051008,1061582,10574
11,P01,UR,XP,6,1061582,1062475,893
11,P01,UR,XP,4,1062475,1063017,542
11,P01,UR,XP,1,1063017,1063123,106
11,P01,UR,XP,6,1063123,1083859,20736
11,P01,UR,XP,0,1083859,1103290,19431
11,P01,UR,XP,6,1103290,1103925,635
11,P01,UR,XP,4,1103925,1104425,500
11,P01,UR,XP,6,1104425,1110569,6144
11,P01,UR,XP,3,1110569,1111084,515
11,P01,UR,XP,6,1111084,1113593,2509
11,P01,UR,XP,1,1113593,1114247,654
11,P01,UR,XP,6,1114247,1124095,9848
11,P01,UR,XP,4,1124095,1124347,252
11,P01,UR,XP,6,1124347,1130084,5737
11,P01,UR,XP,1,1130084,1130538,454
11,P01,UR,XP,6,1130538,1131571,1033
11,P01,UR,XP,1,1131571,1131783,212
11,P01,UR,XP,6,1131783,1135295,3512
11,P01,UR,XP,1,1135295,1136035,740
11,P01,UR,XP,6,1136035,1136238,203
11,P01,UR,XP,1,1136238,1136272,34
11,P01,UR,XP,6,1136272,1137947,1675
11,P01,UR,XP,1,1137947,1138403,456
11,P01,UR,XP,6,1138403,1138997,594
11,P01,UR,XP,1,1138997,1140046,1049
11,P01,UR,XP,6,1140046,1140116,70
11,P01,UR,XP,1,1140116,1141675,1559
11,P01,UR,XP,6,1141675,1141716,41
11,P01,UR,XP,1,1141716,1141872,156
11,P01,UR,XP,6,1141872,1180929,39057
